слой;№;время;бар;подпись;сторона;цена колена;цена сейчас;нога;баров от предыдущего;мутность
5/5;0;2024-08-15T22:00:00;9;?;верх;2461,675;2457,385;0,000;0;1
5/5;1;2024-08-16T06:00:00;16;?;низ;2450,805;2462,435;10,870;7;1
5/5;2;2024-08-16T23:00:00;33;HH;верх;2509,820;2503,580;59,015;17;1
5/5;3;2024-08-19T04:00:00;37;HL;низ;2495,045;2502,180;14,775;4;1
5/5;4;2024-08-19T11:00:00;44;LH;верх;2507,225;2494,755;12,180;7;1
5/5;5;2024-08-19T16:00:00;49;LL;низ;2485,735;2504,315;21,490;5;1
5/5;6;2024-08-20T04:00:00;60;HH;верх;2508,275;2502,440;22,540;11;2
5/5;7;2024-08-20T09:00:00;65;HL;низ;2497,400;2526,375;10,875;5;1
5/5;8;2024-08-20T16:00:00;72;HH;верх;2531,765;2513,390;34,365;7;1
5/5;9;2024-08-20T19:00:00;75;HL;низ;2500,865;2514,835;30,900;3;2
5/5;10;2024-08-21T05:00:00;84;LH;верх;2519,985;2509,820;19,120;9;1
5/5;11;2024-08-21T17:00:00;96;LL;низ;2493,830;2511,570;26,155;12;1
5/5;12;2024-08-21T21:00:00;100;LH;верх;2519,185;2513,810;25,355;4;1
5/5;13;2024-08-22T17:00:00;119;LL;низ;2470,850;2483,010;48,335;19;2
5/5;14;2024-08-23T18:00:00;143;LH;верх;2518,400;2512,490;47,550;24;2
5/5;15;2024-08-26T08:00:00;156;HL;низ;2508,810;2525,010;9,590;13;1
5/5;16;2024-08-26T14:00:00;162;HH;верх;2526,900;2520,305;18,090;6;1
5/5;17;2024-08-26T17:00:00;165;HL;низ;2510,680;2518,235;16,220;3;1
5/5;18;2024-08-27T10:00:00;181;LH;верх;2517,615;2509,930;6,935;16;1
5/5;19;2024-08-27T11:00:00;182;LL;низ;2503,585;2512,230;14,030;1;1
5/5;20;2024-08-28T02:00:00;196;HH;верх;2529,135;2511,585;25,550;14;1
5/5;21;2024-08-28T15:00:00;209;LL;низ;2493,665;2505,425;35,470;13;2
5/5;22;2024-08-29T20:00:00;237;LH;верх;2528,740;2519,630;35,075;28;1
5/5;23;2024-08-30T07:00:00;247;HL;низ;2512,255;2524,240;16,485;10;1
5/5;24;2024-08-30T12:00:00;252;LH;верх;2526,925;2509,120;14,670;5;1
5/5;25;2024-08-30T20:00:00;260;LL;низ;2494,215;2503,110;32,710;8;1
5/5;26;2024-09-02T03:00:00;266;LH;верх;2505,010;2496,600;10,795;6;1
5/5;27;2024-09-02T05:00:00;268;LL;низ;2490,105;2498,325;14,905;2;1
5/5;28;2024-09-02T11:00:00;274;HH;верх;2507,330;2499,995;17,225;6;1
5/5;29;2024-09-03T04:00:00;288;LL;низ;2489,705;2497,945;17,625;14;1
5/5;30;2024-09-03T11:00:00;295;LH;верх;2506,350;2480,165;16,645;7;1
5/5;31;2024-09-03T17:00:00;301;LL;низ;2473,325;2492,110;33,025;6;1
5/5;32;2024-09-04T05:00:00;312;LH;верх;2496,985;2482,175;23,660;11;1
5/5;33;2024-09-04T12:00:00;319;LL;низ;2471,915;2496,260;25,070;7;1
5/5;34;2024-09-04T17:00:00;324;HH;верх;2500,345;2493,455;28,430;5;1
5/5;35;2024-09-05T07:00:00;337;HL;низ;2493,880;2515,570;6,465;13;1
5/5;36;2024-09-05T15:00:00;345;HH;верх;2523,525;2515,205;29,645;8;1
5/5;37;2024-09-05T18:00:00;348;HL;низ;2503,965;2516,815;19,560;3;2
5/5;38;2024-09-06T15:00:00;368;HH;верх;2529,300;2495,605;25,335;20;2
5/5;39;2024-09-06T19:00:00;372;LL;низ;2485,190;2497,955;44,110;4;1
5/5;40;2024-09-09T06:00:00;382;LH;верх;2500,590;2492,245;15,400;10;1
5/5;41;2024-09-09T09:00:00;385;HL;низ;2485,610;2497,270;14,980;3;1
5/5;42;2024-09-10T02:00:00;401;HH;верх;2507,740;2501,820;22,130;16;1
5/5;43;2024-09-10T11:00:00;410;HL;низ;2500,190;2506,845;7,550;9;1
5/5;44;2024-09-11T09:00:00;431;HH;верх;2529,090;2522,260;28,900;21;2
5/5;45;2024-09-11T17:00:00;439;HL;низ;2501,000;2512,990;28,090;8;2
5/5;46;2024-09-12T09:00:00;454;LH;верх;2522,360;2519,605;21,360;15;1
5/5;47;2024-09-12T14:00:00;459;HL;низ;2513,120;2550,825;9,240;5;1
5/5;48;2024-09-16T09:00:00;500;HH;верх;2589,715;2583,075;76,595;41;2
5/5;49;2024-09-16T13:00:00;504;HL;низ;2575,245;2579,950;14,470;4;1
5/5;50;2024-09-16T16:00:00;507;LH;верх;2589,405;2581,095;14,160;3;3
5/5;51;2024-09-17T20:00:00;534;LL;низ;2560,780;2574,100;28,625;27;1
5/5;52;2024-09-18T04:00:00;541;LH;верх;2576,540;2569,205;15,760;7;1
5/5;53;2024-09-18T08:00:00;545;HL;низ;2565,790;2576,225;10,750;4;1
5/5;54;2024-09-18T21:00:00;558;HH;верх;2600,290;2558,825;34,500;13;2
5/5;55;2024-09-18T22:00:00;559;LL;низ;2546,860;2555,310;53,430;1;1
5/5;56;2024-09-19T12:00:00;572;LH;верх;2594,945;2581,290;48,085;13;1
5/5;57;2024-09-19T16:00:00;576;HL;низ;2569,815;2588,320;25,130;4;1
5/5;58;2024-09-19T20:00:00;580;LH;верх;2592,735;2587,320;22,920;4;1
5/5;59;2024-09-20T04:00:00;587;HL;низ;2584,875;2605,545;7,860;7;1
5/5;60;2024-09-20T19:00:00;602;HH;верх;2625,790;2620,485;40,915;15;1
5/5;61;2024-09-23T04:00:00;610;HL;низ;2616,175;2624,550;9,615;8;1
5/5;62;2024-09-23T08:00:00;614;HH;верх;2631,405;2621,585;15,230;4;1
5/5;63;2024-09-23T10:00:00;616;LL;низ;2613,890;2627,125;17,515;2;1
5/5;64;2024-09-23T17:00:00;623;HH;верх;2634,905;2626,310;21,015;7;1
5/5;65;2024-09-24T03:00:00;632;HL;низ;2623,870;2625,500;11,035;9;1
5/5;66;2024-09-24T08:00:00;637;HH;верх;2640,180;2633,440;16,310;5;1
5/5;67;2024-09-24T10:00:00;639;LL;низ;2622,680;2633,255;17,500;2;1
5/5;68;2024-09-25T05:00:00;657;HH;верх;2670,605;2657,005;47,925;18;2
5/5;69;2024-09-25T10:00:00;662;HL;низ;2651,415;2659,525;19,190;5;1
5/5;70;2024-09-25T17:00:00;669;LH;верх;2667,505;2659,785;16,090;7;1
5/5;71;2024-09-25T19:00:00;671;LL;низ;2649,700;2658,365;17,805;2;2
5/5;72;2024-09-26T14:00:00;689;HH;верх;2685,640;2668,265;35,940;18;1
5/5;73;2024-09-26T16:00:00;691;HL;низ;2654,840;2675,980;30,800;2;1
5/5;74;2024-09-26T22:00:00;697;LH;верх;2677,880;2669,600;23,040;6;3
5/5;75;2024-09-27T20:00:00;718;LL;низ;2643,155;2663,630;34,725;21;1
5/5;76;2024-09-30T03:00:00;724;LH;верх;2666,050;2657,915;22,895;6;2
5/5;77;2024-09-30T21:00:00;742;LL;низ;2624,780;2636,500;41,270;18;1
5/5;78;2024-10-01T19:00:00;763;HH;верх;2673,260;2662,150;48,480;21;1
5/5;79;2024-10-02T08:00:00;775;HL;низ;2644,580;2649,205;28,680;12;1
5/5;80;2024-10-02T17:00:00;784;LH;верх;2663,445;2658,695;18,865;9;1
5/5;81;2024-10-02T18:00:00;785;LL;низ;2641,180;2658,750;22,265;1;1
5/5;82;2024-10-03T03:00:00;793;LH;верх;2663,015;2653,340;21,835;8;1
5/5;83;2024-10-03T17:00:00;807;LL;низ;2637,015;2658,055;26,000;14;1
5/5;84;2024-10-03T20:00:00;810;LH;верх;2662,200;2655,875;25,185;3;1
5/5;85;2024-10-04T02:00:00;815;HL;низ;2654,420;2664,105;7,780;5;1
5/5;86;2024-10-04T08:00:00;821;HH;верх;2667,870;2658,315;13,450;6;1
5/5;87;2024-10-04T15:00:00;828;LL;низ;2632,015;2650,110;35,855;7;1
5/5;88;2024-10-04T18:00:00;831;HH;верх;2670,240;2653,840;38,225;3;1
5/5;89;2024-10-07T09:00:00;845;HL;низ;2639,745;2657,025;30,495;14;1
5/5;90;2024-10-07T14:00:00;850;LH;верх;2659,660;2646,900;19,915;5;1
5/5;91;2024-10-07T15:00:00;851;LL;низ;2637,770;2648,035;21,890;1;1
5/5;92;2024-10-08T01:00:00;860;LH;верх;2649,260;2643,035;11,490;9;1
5/5;93;2024-10-08T11:00:00;870;LL;низ;2628,600;2639,715;20,660;10;1
5/5;94;2024-10-08T15:00:00;874;HH;верх;2653,115;2614,550;24,515;4;1
5/5;95;2024-10-08T18:00:00;877;LL;низ;2604,820;2621,965;48,295;3;1
5/5;96;2024-10-09T08:00:00;890;LH;верх;2624,375;2621,175;19,555;13;1
5/5;97;2024-10-09T10:00:00;892;HL;низ;2609,245;2618,960;15,130;2;1
5/5;98;2024-10-09T14:00:00;896;LH;верх;2622,465;2608,790;13,220;4;1
5/5;99;2024-10-10T15:00:00;920;LL;низ;2604,390;2623,910;18,075;24;2
5/5;100;2024-10-11T09:00:00;937;HH;верх;2647,245;2644,760;42,855;17;1
5/5;101;2024-10-11T12:00:00;940;HL;низ;2636,245;2653,135;11,000;3;1
5/5;102;2024-10-11T19:00:00;947;HH;верх;2661,475;2650,385;25,230;7;1
5/5;103;2024-10-14T05:00:00;956;HL;низ;2643,245;2660,570;18,230;9;1
5/5;104;2024-10-14T09:00:00;960;HH;верх;2666,875;2652,190;23,630;4;1
5/5;105;2024-10-14T18:00:00;969;HL;низ;2644,055;2648,785;22,820;9;1
5/5;106;2024-10-14T23:00:00;974;LH;верх;2653,365;2651,755;9,310;5;1
5/5;107;2024-10-15T08:00:00;982;LL;низ;2638,105;2653,055;15,260;8;1
5/5;108;2024-10-15T19:00:00;993;HH;верх;2668,965;2662,240;30,860;11;1
5/5;109;2024-10-16T03:00:00;1000;HL;низ;2658,800;2669,600;10,165;7;1
5/5;110;2024-10-16T16:00:00;1013;HH;верх;2685,465;2675,035;26,665;13;1
5/5;111;2024-10-16T19:00:00;1016;HL;низ;2666,795;2673,855;18,670;3;2
5/5;112;2024-10-18T08:00:00;1051;HH;верх;2714,140;2712,595;47,345;35;2
5/5;113;2024-10-18T11:00:00;1054;HL;низ;2701,735;2713,760;12,405;3;1
5/5;114;2024-10-21T16:00:00;1082;HH;верх;2740,600;2716,450;38,865;28;1
5/5;115;2024-10-21T22:00:00;1088;HL;низ;2714,235;2728,195;26,365;6;2
5/5;116;2024-10-22T23:00:00;1112;HH;верх;2748,975;2738,995;34,740;24;1
5/5;117;2024-10-23T05:00:00;1117;HL;низ;2737,940;2755,020;11,035;5;1
5/5;118;2024-10-23T11:00:00;1123;HH;верх;2758,525;2737,560;20,585;6;1
5/5;119;2024-10-23T18:00:00;1130;LL;низ;2708,755;2715,590;49,770;7;1
5/5;120;2024-10-24T16:00:00;1151;LH;верх;2743,325;2735,605;34,570;21;1
5/5;121;2024-10-25T12:00:00;1170;HL;низ;2717,100;2738,565;26,225;19;2
5/5;122;2024-10-25T23:00:00;1181;HH;верх;2747,835;2734,295;30,735;11;1
5/5;123;2024-10-28T03:00:00;1185;HL;низ;2724,755;2740,640;23,080;4;1
5/5;124;2024-10-28T08:00:00;1190;LH;верх;2744,650;2732,330;19,895;5;1
5/5;125;2024-10-28T12:00:00;1194;HL;низ;2727,930;2740,805;16,720;4;1
5/5;126;2024-10-28T16:00:00;1198;HH;верх;2746,010;2742,580;18,080;4;1
5/5;127;2024-10-29T00:00:00;1205;HL;низ;2739,870;2751,770;6,140;7;1
5/5;128;2024-10-29T04:00:00;1209;HH;верх;2757,780;2752,530;17,910;4;1
5/5;129;2024-10-29T13:00:00;1218;HL;низ;2746,195;2769,485;11,585;9;1
5/5;130;2024-10-30T08:00:00;1236;HH;верх;2789,855;2778,635;43,660;18;1
5/5;131;2024-10-30T15:00:00;1243;HL;низ;2770,925;2787,795;18,930;7;1
5/5;132;2024-10-31T03:00:00;1254;HH;верх;2790,170;2779,915;19,245;11;2
5/5;133;2024-10-31T17:00:00;1268;LL;низ;2731,635;2743,950;58,535;14;1
5/5;134;2024-11-01T15:00:00;1289;LH;верх;2762,275;2736,230;30,640;21;2
5/5;135;2024-11-04T10:00:00;1306;HL;низ;2731,930;2746,800;30,345;17;2
5/5;136;2024-11-04T16:00:00;1312;LH;верх;2748,240;2738,395;16,310;6;1
5/5;137;2024-11-05T04:00:00;1323;LL;низ;2724,765;2736,560;23,475;11;2
5/5;138;2024-11-05T16:00:00;1335;HH;верх;2750,090;2740,540;25,325;12;1
5/5;139;2024-11-05T17:00:00;1336;HL;низ;2733,035;2743,100;17,055;1;1
5/5;140;2024-11-06T03:00:00;1345;LH;верх;2749,780;2707,125;16,745;9;1
5/5;141;2024-11-07T03:00:00;1368;LL;низ;2643,355;2657,170;106,425;23;2
5/5;142;2024-11-07T22:00:00;1387;LH;верх;2710,520;2697,590;67,165;19;1
5/5;143;2024-11-08T09:00:00;1397;HL;низ;2680,415;2691,975;30,105;10;1
5/5;144;2024-11-08T16:00:00;1404;LH;верх;2704,120;2687,155;23,705;7;1
5/5;145;2024-11-11T04:00:00;1415;LL;низ;2666,570;2669,680;37,550;11;1
5/5;146;2024-11-11T12:00:00;1423;LH;верх;2675,340;2614,610;8,770;8;1
5/5;147;2024-11-11T20:00:00;1431;LL;низ;2610,695;2624,080;64,645;8;1
5/5;148;2024-11-12T03:00:00;1437;LH;верх;2627,235;2607,995;16,540;6;1
5/5;149;2024-11-12T12:00:00;1446;LL;низ;2589,725;2598,535;37,510;9;1
5/5;150;2024-11-12T16:00:00;1450;LH;верх;2617,125;2598,235;27,400;4;1
5/5;151;2024-11-12T19:00:00;1453;HL;низ;2592,530;2599,025;24,595;3;1
5/5;152;2024-11-13T05:00:00;1462;LH;верх;2613,285;2607,760;20,755;9;1
5/5;153;2024-11-13T10:00:00;1467;HL;низ;2601,095;2612,350;12,190;5;1
5/5;154;2024-11-13T15:00:00;1472;HH;верх;2618,920;2582,815;17,825;5;1
5/5;155;2024-11-14T11:00:00;1491;LL;низ;2536,855;2559,775;82,065;19;1
5/5;156;2024-11-14T18:00:00;1498;LH;верх;2577,525;2564,720;40,670;7;1
5/5;157;2024-11-15T08:00:00;1511;HL;низ;2554,395;2570,805;23,130;13;1
5/5;158;2024-11-15T17:00:00;1520;LH;верх;2576,045;2562,260;21,650;9;1
5/5;159;2024-11-15T20:00:00;1523;HL;низ;2559,525;2576,550;16,520;3;1
5/5;160;2024-11-19T15:00:00;1564;HH;верх;2639,530;2630,240;80,005;41;3
5/5;161;2024-11-19T17:00:00;1566;HL;низ;2621,000;2633,790;18,530;2;1
5/5;162;2024-11-20T04:00:00;1576;HH;верх;2641,940;2621,655;20,940;10;1
5/5;163;2024-11-20T10:00:00;1582;LL;низ;2618,890;2636,145;23,050;6;1
5/5;164;2024-11-21T13:00:00;1608;HH;верх;2673,595;2664,770;54,705;26;2
5/5;165;2024-11-21T15:00:00;1610;HL;низ;2660,510;2672,490;13,085;2;1
5/5;166;2024-11-22T13:00:00;1631;HH;верх;2710,185;2705,215;49,675;21;1
5/5;167;2024-11-22T16:00:00;1634;HL;низ;2684,495;2708,230;25,690;3;1
5/5;168;2024-11-25T01:00:00;1642;HH;верх;2721,420;2672,575;36,925;8;1
5/5;169;2024-11-25T07:00:00;1648;LL;низ;2658,210;2677,805;63,210;6;1
5/5;170;2024-11-25T13:00:00;1654;LH;верх;2688,830;2632,015;30,620;6;1
5/5;171;2024-11-26T01:00:00;1665;LL;низ;2605,310;2626,455;83,520;11;1
5/5;172;2024-11-26T03:00:00;1667;LH;верх;2632,225;2622,150;26,915;2;1
5/5;173;2024-11-26T09:00:00;1673;HL;низ;2610,860;2631,075;21,365;6;1
5/5;174;2024-11-27T15:00:00;1702;HH;верх;2658,275;2638,975;47,415;29;2
5/5;175;2024-11-28T03:00:00;1713;HL;низ;2620,990;2636,970;37,285;11;1
5/5;176;2024-11-28T12:00:00;1722;LH;верх;2649,735;2638,245;28,745;9;1
5/5;177;2024-11-29T03:00:00;1734;HL;низ;2634,090;2665,315;15,645;12;2
5/5;178;2024-11-29T08:00:00;1739;HH;верх;2666,350;2659,680;32,260;5;1
5/5;179;2024-12-02T07:00:00;1759;LL;низ;2621,980;2635,945;44,370;20;2
5/5;180;2024-12-02T16:00:00;1768;LH;верх;2651,905;2637,680;29,925;9;1
5/5;181;2024-12-02T20:00:00;1772;HL;низ;2633,595;2641,185;18,310;4;2
5/5;182;2024-12-03T16:00:00;1791;HH;верх;2655,665;2640,985;22,070;19;2
5/5;183;2024-12-03T17:00:00;1792;HL;низ;2635,230;2642,180;20,435;1;2
5/5;184;2024-12-04T08:00:00;1806;LH;верх;2651,450;2646,240;16,220;14;1
5/5;185;2024-12-04T15:00:00;1813;LL;низ;2632,465;2649,070;18,985;7;1
5/5;186;2024-12-04T17:00:00;1815;HH;верх;2657,235;2650,110;24,770;2;3
5/5;187;2024-12-06T03:00:00;1847;LL;низ;2613,110;2639,365;44,125;32;2
5/5;188;2024-12-06T11:00:00;1855;LH;верх;2645,730;2635,685;32,620;8;1
5/5;189;2024-12-06T16:00:00;1860;HL;низ;2624,130;2634,885;21,600;5;2
5/5;190;2024-12-09T17:00:00;1884;HH;верх;2676,480;2657,940;52,350;24;2
5/5;191;2024-12-09T22:00:00;1889;HL;низ;2656,805;2669,110;19,675;5;1
5/5;192;2024-12-10T06:00:00;1896;LH;верх;2673,910;2665,115;17,105;7;1
5/5;193;2024-12-10T10:00:00;1900;HL;низ;2661,245;2680,455;12,665;4;1
5/5;194;2024-12-11T04:00:00;1917;HH;верх;2704,445;2690,290;43,200;17;1
5/5;195;2024-12-11T07:00:00;1920;HL;низ;2675,465;2694,375;28,980;3;1
5/5;196;2024-12-12T03:00:00;1939;HH;верх;2726,295;2718,555;50,830;19;1
5/5;197;2024-12-12T03:00:00;1939;HL;низ;2700,810;2718,555;25,485;0;1
5/5;198;2024-12-12T09:00:00;1945;LH;верх;2720,520;2706,915;19,710;6;1
5/5;199;2024-12-12T17:00:00;1953;LL;низ;2675,165;2679,775;45,355;8;2
5/5;200;2024-12-13T03:00:00;1962;LH;верх;2692,865;2689,770;17,700;9;1
5/5;201;2024-12-16T02:00:00;1984;LL;низ;2643,595;2652,940;49,270;22;1
5/5;202;2024-12-16T14:00:00;1996;LH;верх;2664,475;2652,150;20,880;12;1
5/5;203;2024-12-16T18:00:00;2000;HL;низ;2648,630;2652,750;15,845;4;1
5/5;204;2024-12-17T03:00:00;2008;LH;верх;2658,740;2649,010;10,110;8;1
5/5;205;2024-12-17T16:00:00;2021;LL;низ;2633,160;2645,435;25,580;13;1
5/5;206;2024-12-18T03:00:00;2031;LH;верх;2651,785;2646,760;18,625;10;2
5/5;207;2024-12-18T23:00:00;2051;LL;низ;2583,915;2610,515;67,870;20;1
5/5;208;2024-12-19T12:00:00;2063;LH;верх;2626,440;2588,450;42,525;12;1
5/5;209;2024-12-19T17:00:00;2068;HL;низ;2587,065;2596,820;39,375;5;2
5/5;210;2024-12-20T18:00:00;2092;HH;верх;2631,920;2623,610;44,855;24;1
5/5;211;2024-12-23T02:00:00;2099;HL;низ;2617,515;2626,830;14,405;7;1
5/5;212;2024-12-23T09:00:00;2106;HH;верх;2633,390;2615,170;15,875;7;1
5/5;213;2024-12-23T18:00:00;2115;LL;низ;2608,260;2612,755;25,130;9;1
5/5;214;2024-12-24T07:00:00;2127;LH;верх;2621,535;2615,570;13,275;12;1
5/5;215;2024-12-24T17:00:00;2137;HL;низ;2610,105;2621,560;11,430;10;3
5/5;216;2024-12-26T17:00:00;2157;HH;верх;2639,175;2634,380;29,070;20;1
5/5;217;2024-12-27T04:00:00;2167;HL;низ;2628,990;2633,715;10,185;10;1
5/5;218;2024-12-27T09:00:00;2172;LH;верх;2638,300;2626,365;9,310;5;1
5/5;219;2024-12-27T16:00:00;2179;LL;низ;2611,715;2620,770;26,585;7;2
5/5;220;2024-12-30T05:00:00;2191;LH;верх;2628,095;2612,070;16,380;12;2
5/5;221;2024-12-30T18:00:00;2204;LL;низ;2596,185;2605,825;31,910;13;1
5/5;222;2024-12-31T03:00:00;2212;LH;верх;2611,610;2607,895;15,425;8;1
5/5;223;2024-12-31T07:00:00;2216;HL;низ;2602,760;2611,870;8,850;4;1
5/5;224;2024-12-31T10:00:00;2219;HH;верх;2617,850;2613,295;15,090;3;1
5/5;225;2024-12-31T15:00:00;2224;HL;низ;2605,490;2624,945;12,360;5;1
5/5;226;2024-12-31T19:00:00;2228;HH;верх;2627,625;2623,815;22,135;4;1
5/5;227;2025-01-02T01:00:00;2233;HL;низ;2621,775;2634,095;5,850;5;1
5/5;228;2025-01-02T04:00:00;2236;HH;верх;2636,590;2636,060;14,815;3;1
5/5;229;2025-01-02T10:00:00;2242;HL;низ;2631,145;2643,005;5,445;6;1
5/5;230;2025-01-03T05:00:00;2260;HH;верх;2665,405;2652,980;34,260;18;2
5/5;231;2025-01-03T23:00:00;2278;HL;низ;2636,705;2640,280;28,700;18;1
5/5;232;2025-01-06T03:00:00;2281;LH;верх;2647,490;2631,570;10,785;3;1
5/5;233;2025-01-06T09:00:00;2287;LL;низ;2625,260;2645,535;22,230;6;1
5/5;234;2025-01-06T13:00:00;2291;HH;верх;2649,520;2640,815;24,260;4;1
5/5;235;2025-01-06T16:00:00;2294;LL;низ;2614,635;2634,440;34,885;3;1
5/5;236;2025-01-07T15:00:00;2316;HH;верх;2664,330;2649,235;49,695;22;1
5/5;237;2025-01-08T06:00:00;2330;HL;низ;2645,370;2653,605;18,960;14;2
5/5;238;2025-01-08T18:00:00;2342;HH;верх;2670,150;2661,655;24,780;12;1
5/5;239;2025-01-09T06:00:00;2353;HL;низ;2655,635;2665,035;14,515;11;1
5/5;240;2025-01-09T15:00:00;2362;HH;верх;2678,405;2671,435;22,770;9;1
5/5;241;2025-01-09T19:00:00;2366;HL;низ;2662,810;2670,080;15,595;4;2
5/5;242;2025-01-10T17:00:00;2387;HH;верх;2697,950;2690,735;35,140;21;1
5/5;243;2025-01-13T03:00:00;2396;HL;низ;2679,315;2690,040;18,635;9;1
5/5;244;2025-01-13T08:00:00;2401;LH;верх;2691,325;2676,000;12,010;5;1
5/5;245;2025-01-13T21:00:00;2414;LL;низ;2656,835;2670,780;34,490;13;1
5/5;246;2025-01-14T07:00:00;2423;LH;верх;2675,365;2666,770;18,530;9;1
5/5;247;2025-01-14T16:00:00;2432;HL;низ;2659,890;2674,335;15,475;9;1
5/5;248;2025-01-14T23:00:00;2439;HH;верх;2678,395;2676,185;18,505;7;1
5/5;249;2025-01-15T04:00:00;2443;HL;низ;2669,365;2681,455;9,030;4;1
5/5;250;2025-01-15T16:00:00;2455;HH;верх;2696,045;2694,100;26,680;12;1
5/5;251;2025-01-15T17:00:00;2456;HL;низ;2676,755;2696,375;19,290;1;1
5/5;252;2025-01-16T03:00:00;2465;HH;верх;2702,260;2693,980;25,505;9;1
5/5;253;2025-01-16T08:00:00;2470;HL;низ;2690,050;2706,475;12,210;5;1
5/5;254;2025-01-16T19:00:00;2481;HH;верх;2724,785;2714,635;34,735;11;1
5/5;255;2025-01-17T03:00:00;2488;HL;низ;2709,965;2712,750;14,820;7;1
5/5;256;2025-01-17T05:00:00;2490;LH;верх;2717,430;2711,755;7,465;2;1
5/5;257;2025-01-17T16:00:00;2501;LL;низ;2702,745;2703,110;14,685;11;1
5/5;258;2025-01-17T18:00:00;2503;LH;верх;2717,395;2703,150;14,650;2;1
5/5;259;2025-01-20T03:00:00;2511;LL;низ;2689,375;2711,855;28,020;8;1
5/5;260;2025-01-20T08:00:00;2516;LH;верх;2713,885;2708,515;24,510;5;1
5/5;261;2025-01-20T15:00:00;2523;HL;низ;2701,765;2710,750;12,120;7;2
5/5;262;2025-01-21T09:00:00;2538;HH;верх;2733,060;2727,025;31,295;15;1
5/5;263;2025-01-21T13:00:00;2542;HL;низ;2716,615;2743,320;16,445;4;2
5/5;264;2025-01-22T12:00:00;2564;HH;верх;2763,435;2759,475;46,820;22;1
5/5;265;2025-01-23T15:00:00;2590;HL;низ;2735,960;2755,895;27,475;26;3
5/5;266;2025-01-23T19:00:00;2594;LH;верх;2758,970;2754,665;23,010;4;1
5/5;267;2025-01-24T10:00:00;2608;HL;низ;2770,180;2782,450;11,210;14;1
5/5;268;2025-01-24T17:00:00;2615;HH;верх;2786,060;2771,085;15,880;7;1
5/5;269;2025-01-27T09:00:00;2630;LL;низ;2747,420;2761,505;38,640;15;2
5/5;270;2025-01-27T13:00:00;2634;LH;верх;2772,105;2734,575;24,685;4;1
5/5;271;2025-01-27T19:00:00;2640;LL;низ;2730,560;2741,945;41,545;6;1
5/5;272;2025-01-28T01:00:00;2645;LH;верх;2745,360;2742,390;14,800;5;1
5/5;273;2025-01-28T10:00:00;2654;HL;низ;2734,815;2748,915;10,545;9;1
5/5;274;2025-01-29T03:00:00;2670;HH;верх;2766,265;2759,260;31,450;16;2
5/5;275;2025-01-29T21:00:00;2688;HL;низ;2744,755;2760,270;21,510;18;2
5/5;276;2025-01-30T18:00:00;2708;HH;верх;2798,605;2794,165;53,850;20;1
5/5;277;2025-01-30T23:00:00;2713;HL;низ;2788,485;2796,395;10,120;5;1
5/5;278;2025-01-31T02:00:00;2715;HH;верх;2799,565;2795,665;11,080;2;1
5/5;279;2025-01-31T12:00:00;2725;HL;низ;2791,070;2809,290;8,495;10;1
5/5;280;2025-01-31T17:00:00;2730;HH;верх;2817,215;2800,750;26,145;5;1
5/5;281;2025-02-03T05:00:00;2741;LL;низ;2772,215;2796,825;45,000;11;1
5/5;282;2025-02-03T16:00:00;2752;HH;верх;2830,755;2818,330;58,540;11;1
5/5;283;2025-02-03T23:00:00;2759;HL;низ;2812,278;2821,440;18,477;7;1
5/5;284;2025-02-04T04:00:00;2763;LH;верх;2824,650;2812,725;12,372;4;1
5/5;285;2025-02-04T09:00:00;2768;LL;низ;2807,275;2821,880;17,375;5;1
5/5;286;2025-02-04T17:00:00;2776;HH;верх;2845,470;2844,325;38,195;8;1
5/5;287;2025-02-05T03:00:00;2785;HL;низ;2839,740;2859,425;5,730;9;2
5/5;288;2025-02-05T17:00:00;2799;HH;верх;2882,310;2862,685;42,570;14;1
5/5;289;2025-02-05T22:00:00;2804;HL;низ;2859,975;2870,675;22,335;5;1
5/5;290;2025-02-06T04:00:00;2809;LH;верх;2873,340;2855,680;13,365;5;1
5/5;291;2025-02-06T10:00:00;2815;LL;низ;2848,970;2856,825;24,370;6;1
5/5;292;2025-02-06T14:00:00;2819;LH;верх;2870,395;2852,390;21,425;4;1
5/5;293;2025-02-06T17:00:00;2822;LL;низ;2834,270;2856,530;36,125;3;1
5/5;294;2025-02-07T05:00:00;2833;HH;верх;2870,565;2866,420;36,295;11;1
5/5;295;2025-02-07T15:00:00;2843;HL;низ;2852,595;2861,305;17,970;10;1
5/5;296;2025-02-11T04:00:00;2878;HH;верх;2942,780;2913,325;90,185;35;3
5/5;297;2025-02-11T15:00:00;2889;HL;низ;2881,560;2905,945;61,220;11;1
5/5;298;2025-02-11T18:00:00;2892;LH;верх;2908,675;2897,615;27,115;3;1
5/5;299;2025-02-12T15:00:00;2912;LL;низ;2864,330;2901,045;44,345;20;2
5/5;300;2025-02-13T07:00:00;2927;HH;верх;2922,880;2917,995;58,550;15;3
5/5;301;2025-02-13T15:00:00;2935;HL;низ;2905,885;2924,170;16,995;8;2
5/5;302;2025-02-14T12:00:00;2955;HH;верх;2939,980;2901,945;34,095;20;1
5/5;303;2025-02-14T22:00:00;2965;LL;низ;2877,025;2899,300;62,955;10;1
5/5;304;2025-02-17T11:00:00;2977;LH;верх;2906,525;2903,080;29,500;12;2
5/5;305;2025-02-18T03:00:00;2990;HL;низ;2892,070;2913,650;14,455;13;1
5/5;306;2025-02-18T07:00:00;2994;HH;верх;2915,760;2911,335;23,690;4;1
5/5;307;2025-02-18T12:00:00;2999;HL;низ;2907,190;2927,140;8,570;5;1
5/5;308;2025-02-19T03:00:00;3013;HH;верх;2939,740;2931,715;32,550;14;1
5/5;309;2025-02-19T04:00:00;3014;HL;низ;2924,210;2934,265;15,530;1;1
5/5;310;2025-02-19T12:00:00;3022;HH;верх;2947,080;2925,755;22,870;8;1
5/5;311;2025-02-19T20:00:00;3030;LL;низ;2918,640;2941,010;28,440;8;1
5/5;312;2025-02-20T11:00:00;3044;HH;верх;2954,955;2934,860;36,315;14;1
5/5;313;2025-02-20T16:00:00;3049;HL;низ;2924,035;2938,065;30,920;5;1
5/5;314;2025-02-21T03:00:00;3059;LH;верх;2949,930;2929,650;25,895;10;1
5/5;315;2025-02-21T10:00:00;3066;LL;низ;2916,820;2931,025;33,110;7;2
5/5;316;2025-02-21T20:00:00;3076;LH;верх;2942,880;2930,090;26,060;10;1
5/5;317;2025-02-24T03:00:00;3082;HL;низ;2921,475;2938,850;21,405;6;1
5/5;318;2025-02-24T16:00:00;3095;HH;верх;2956,310;2949,250;34,835;13;1
5/5;319;2025-02-24T17:00:00;3096;HL;низ;2930,810;2950,585;25,500;1;1
5/5;320;2025-02-25T01:00:00;3103;LH;верх;2953,425;2936,935;22,615;7;2
5/5;321;2025-02-25T18:00:00;3120;LL;низ;2888,180;2915,045;65,245;17;1
5/5;322;2025-02-26T03:00:00;3128;LH;верх;2930,180;2906,780;42,000;8;1
5/5;323;2025-02-26T16:00:00;3141;HL;низ;2890,865;2913,975;39,315;13;2
5/5;324;2025-02-27T01:00:00;3149;LH;верх;2920,815;2897,515;29,950;8;1
5/5;325;2025-02-28T17:00:00;3188;LL;низ;2832,720;2854,760;88,095;39;2
5/5;326;2025-03-03T01:00:00;3195;LH;верх;2876,850;2867,420;44,130;7;1
5/5;327;2025-03-03T10:00:00;3204;HL;низ;2859,000;2872,720;17,850;9;1
5/5;328;2025-03-04T15:00:00;3232;HH;верх;2927,910;2911,375;68,910;28;2
5/5;329;2025-03-04T17:00:00;3234;HL;низ;2900,390;2917,285;27,520;2;1
5/5;330;2025-03-04T22:00:00;3239;LH;верх;2920,610;2904,510;20,220;5;1
5/5;331;2025-03-05T04:00:00;3244;HL;низ;2902,040;2918,150;18,570;5;1
5/5;332;2025-03-05T11:00:00;3251;HH;верх;2922,675;2912,005;20,635;7;1
5/5;333;2025-03-05T15:00:00;3255;LL;низ;2894,350;2917,505;28,325;4;1
5/5;334;2025-03-05T18:00:00;3258;HH;верх;2929,980;2919,265;35,630;3;2
5/5;335;2025-03-06T11:00:00;3274;LL;низ;2891,150;2915,215;38,830;16;1
5/5;336;2025-03-06T17:00:00;3280;LH;верх;2922,850;2908,895;31,700;6;1
5/5;337;2025-03-07T02:00:00;3288;HL;низ;2896,910;2909,660;25,940;8;1
5/5;338;2025-03-07T17:00:00;3303;HH;верх;2930,540;2909,765;33,630;15;1
5/5;339;2025-03-07T20:00:00;3306;HL;низ;2902,065;2916,340;28,475;3;1
5/5;340;2025-03-10T03:00:00;3313;LH;верх;2918,385;2914,440;16,320;7;2
5/5;341;2025-03-11T03:00:00;3336;LL;низ;2880,250;2902,350;38,135;23;3
5/5;342;2025-03-11T15:00:00;3348;HH;верх;2922,225;2918,355;41,975;12;2
5/5;343;2025-03-12T09:00:00;3365;HL;низ;2909,095;2917,560;13,130;17;2
5/5;344;2025-03-12T11:00:00;3367;HH;верх;2925,390;2921,985;16,295;2;1
5/5;345;2025-03-12T15:00:00;3371;LL;низ;2906,110;2935,210;19,280;4;1
5/5;346;2025-03-13T05:00:00;3384;HH;верх;2947,195;2941,540;41,085;13;2
5/5;347;2025-03-13T09:00:00;3388;HL;низ;2932,980;2942,575;14,215;4;2
5/5;348;2025-03-14T12:00:00;3414;HH;верх;3005,040;2984,620;72,060;26;1
5/5;349;2025-03-14T17:00:00;3419;HL;низ;2978,505;2984,910;26,535;5;1
5/5;350;2025-03-17T01:00:00;3426;LH;верх;2994,235;2982,710;15,730;7;1
5/5;351;2025-03-17T07:00:00;3432;HL;низ;2982,340;2999,030;11,895;6;1
5/5;352;2025-03-18T15:00:00;3463;HH;верх;3038,350;3035,930;56,010;31;3
5/5;353;2025-03-19T03:00:00;3474;HL;низ;3027,450;3042,340;10,900;11;1
5/5;354;2025-03-19T07:00:00;3478;HH;верх;3045,410;3034,725;17,960;4;1
5/5;355;2025-03-19T11:00:00;3482;LL;низ;3022,885;3027,670;22,525;4;1
5/5;356;2025-03-20T06:00:00;3500;HH;верх;3057,590;3041,530;34,705;18;1
5/5;357;2025-03-20T12:00:00;3506;HL;низ;3025,730;3040,820;31,860;6;1
5/5;358;2025-03-21T02:00:00;3519;LH;верх;3047,550;3028,105;21,820;13;1
5/5;359;2025-03-21T07:00:00;3524;LL;низ;3021,845;3030,955;25,705;5;1
5/5;360;2025-03-21T14:00:00;3531;LH;верх;3038,195;3013,735;16,350;7;1
5/5;361;2025-03-21T16:00:00;3533;LL;низ;2999,465;3019,985;38,730;2;1
5/5;362;2025-03-24T01:00:00;3541;LH;верх;3026,410;3019,520;26,945;8;1
5/5;363;2025-03-24T04:00:00;3544;HL;низ;3013,755;3022,360;12,655;3;1
5/5;364;2025-03-24T12:00:00;3552;HH;верх;3033,340;3014,180;19,585;8;1
5/5;365;2025-03-24T20:00:00;3560;LL;низ;3002,495;3014,470;30,845;8;1
5/5;366;2025-03-25T16:00:00;3579;HH;верх;3036,070;3019,720;33,575;19;1
5/5;367;2025-03-26T07:00:00;3593;HL;низ;3013,320;3023,410;22,750;14;1
5/5;368;2025-03-26T10:00:00;3596;LH;верх;3032,165;3016,715;18,845;3;1
5/5;369;2025-03-26T17:00:00;3603;LL;низ;3012,330;3019,495;19,835;7;2
5/5;370;2025-03-28T09:00:00;3641;HH;верх;3086,090;3077,505;73,760;38;2
5/5;371;2025-03-28T10:00:00;3642;HL;низ;3066,145;3083,360;19,945;1;1
5/5;372;2025-03-28T16:00:00;3648;HH;верх;3086,965;3080,775;20,820;6;1
5/5;373;2025-03-31T04:00:00;3658;HL;низ;3076,805;3119,390;10,160;10;1
5/5;374;2025-03-31T09:00:00;3663;HH;верх;3128,135;3119,620;51,330;5;1
5/5;375;2025-03-31T16:00:00;3670;HL;низ;3099,710;3121,520;28,425;7;1
5/5;376;2025-04-01T08:00:00;3685;HH;верх;3149,090;3132,370;49,380;15;2
5/5;377;2025-04-01T19:00:00;3696;HL;низ;3100,870;3111,435;48,220;11;2
5/5;378;2025-04-02T05:00:00;3705;LH;верх;3135,805;3125,345;34,935;9;1
5/5;379;2025-04-02T08:00:00;3708;HL;низ;3106,705;3114,595;29,100;3;1
5/5;380;2025-04-02T11:00:00;3711;LH;верх;3133,950;3122,390;27,245;3;1
5/5;381;2025-04-02T23:00:00;3723;LL;низ;3104,790;3145,255;29,160;12;1
5/5;382;2025-04-03T02:00:00;3725;HH;верх;3167,835;3140,485;63,045;2;1
5/5;383;2025-04-03T16:00:00;3739;LL;низ;3054,190;3111,765;113,645;14;1
5/5;384;2025-04-04T14:00:00;3760;LH;верх;3136,775;3031,010;82,585;21;2
5/5;385;2025-04-07T03:00:00;3772;LL;низ;2970,215;3032,180;166,560;12;1
5/5;386;2025-04-07T04:00:00;3773;LH;верх;3057,305;3029,980;87,090;1;1
5/5;387;2025-04-07T10:00:00;3779;HL;низ;3013,360;3031,250;43,945;6;1
5/5;388;2025-04-07T14:00:00;3783;LH;верх;3046,235;2970,925;32,875;4;1
5/5;389;2025-04-07T20:00:00;3789;LL;низ;2956,565;2981,335;89,670;6;1
5/5;390;2025-04-08T16:00:00;3808;LH;верх;3022,760;2983,635;66,195;19;1
5/5;391;2025-04-09T02:00:00;3817;HL;низ;2969,970;3012,365;52,790;9;1
5/5;392;2025-04-10T08:00:00;3846;HH;верх;3132,630;3120,215;162,660;29;1
5/5;393;2025-04-10T12:00:00;3850;HL;низ;3103,320;3154,655;29,310;4;1
5/5;394;2025-04-11T19:00:00;3880;HH;верх;3245,485;3221,425;142,165;30;1
5/5;395;2025-04-14T01:00:00;3885;HL;низ;3213,355;3232,405;32,130;5;1
5/5;396;2025-04-14T05:00:00;3889;HH;верх;3245,845;3228,040;32,490;4;1
5/5;397;2025-04-14T16:00:00;3900;LL;низ;3193,630;3208,180;52,215;11;1
5/5;398;2025-04-15T07:00:00;3914;LH;верх;3232,755;3222,635;39,125;14;1
5/5;399;2025-04-15T16:00:00;3923;HL;низ;3211,660;3229,205;21,095;9;1
5/5;400;2025-04-17T01:00:00;3954;HH;верх;3357,775;3344,620;146,115;31;2
5/5;401;2025-04-17T04:00:00;3957;HL;низ;3320,855;3328,820;36,920;3;1
5/5;402;2025-04-17T15:00:00;3968;LH;верх;3342,735;3319,045;21,880;11;1
5/5;403;2025-04-17T17:00:00;3970;LL;низ;3283,955;3320,825;58,780;2;2
5/5;404;2025-04-22T09:00:00;4008;HH;верх;3500,200;3456,820;216,245;38;1
5/5;405;2025-04-23T01:00:00;4023;HL;низ;3315,340;3339,045;184,860;15;1
5/5;406;2025-04-23T04:00:00;4026;LH;верх;3386,770;3301,110;71,430;3;1
5/5;407;2025-04-23T17:00:00;4039;LL;низ;3260,190;3293,990;126,580;13;2
5/5;408;2025-04-24T04:00:00;4049;LH;верх;3367,685;3324,655;107,495;10;1
5/5;409;2025-04-24T09:00:00;4054;HL;низ;3314,800;3336,995;52,885;5;1
5/5;410;2025-04-24T15:00:00;4060;LH;верх;3344,785;3336,880;29,985;6;1
5/5;411;2025-04-24T17:00:00;4062;LL;низ;3306,755;3342,295;38,030;2;1
5/5;412;2025-04-25T01:00:00;4069;HH;верх;3370,475;3323,720;63,720;7;1
5/5;413;2025-04-25T16:00:00;4084;LL;низ;3265,135;3288,410;105,340;15;2
5/5;414;2025-04-28T01:00:00;4092;LH;верх;3330,605;3290,850;65,470;8;1
5/5;415;2025-04-28T05:00:00;4096;HL;низ;3268,110;3287,380;62,495;4;2
5/5;416;2025-04-28T22:00:00;4113;HH;верх;3353,200;3326,600;85,090;17;1
5/5;417;2025-04-29T08:00:00;4122;HL;низ;3305,140;3313,005;48,060;9;1
5/5;418;2025-04-29T11:00:00;4125;LH;верх;3325,005;3307,225;19,865;3;1
5/5;419;2025-04-29T17:00:00;4131;LL;низ;3299,675;3320,540;25,330;6;1
5/5;420;2025-04-29T19:00:00;4133;HH;верх;3330,065;3319,175;30,390;2;2
5/5;421;2025-04-30T15:00:00;4152;LL;низ;3266,910;3305,300;63,155;19;1
5/5;422;2025-04-30T16:00:00;4153;LH;верх;3319,800;3301,770;52,890;1;1
5/5;423;2025-05-01T15:00:00;4175;LL;низ;3201,955;3214,490;117,845;22;1
5/5;424;2025-05-02T14:00:00;4197;LH;верх;3269,300;3225,070;67,345;22;1
5/5;425;2025-05-02T19:00:00;4202;HL;низ;3222,755;3239,725;46,545;5;1
5/5;426;2025-05-05T05:00:00;4211;HH;верх;3272,545;3264,850;49,790;9;1
5/5;427;2025-05-05T19:00:00;4225;HL;низ;3305,640;3330,805;33,095;14;1
5/5;428;2025-05-06T23:00:00;4252;HH;верх;3435,055;3390,665;129,415;27;2
5/5;429;2025-05-07T04:00:00;4256;HL;низ;3360,200;3392,610;74,855;4;1
5/5;430;2025-05-07T10:00:00;4262;LH;верх;3397,445;3390,920;37,245;6;1
5/5;431;2025-05-07T13:00:00;4265;HL;низ;3369,305;3385,230;28,140;3;1
5/5;432;2025-05-07T16:00:00;4268;HH;верх;3398,145;3384,645;28,840;3;1
5/5;433;2025-05-07T22:00:00;4274;LL;низ;3363,735;3408,725;34,410;6;1
5/5;434;2025-05-08T05:00:00;4280;HH;верх;3414,790;3343,050;51,055;6;1
5/5;435;2025-05-08T09:00:00;4284;LL;низ;3320,380;3344,425;94,410;4;1
5/5;436;2025-05-08T16:00:00;4291;LH;верх;3369,600;3308,525;49,220;7;1
5/5;437;2025-05-09T05:00:00;4303;LL;низ;3274,810;3327,485;94,790;12;2
5/5;438;2025-05-09T19:00:00;4317;LH;верх;3347,625;3272,680;72,815;14;1
5/5;439;2025-05-12T13:00:00;4334;LL;низ;3207,790;3239,305;139,835;17;2
5/5;440;2025-05-12T16:00:00;4337;LH;верх;3248,700;3229,770;40,910;3;1
5/5;441;2025-05-13T04:00:00;4348;HL;низ;3215,855;3262,250;32,845;11;2
5/5;442;2025-05-13T09:00:00;4353;HH;верх;3265,785;3249,250;49,930;5;1
5/5;443;2025-05-13T17:00:00;4361;HL;низ;3225,505;3249,450;40,280;8;1
5/5;444;2025-05-14T02:00:00;4369;LH;верх;3257,140;3224,035;31,635;8;1
5/5;445;2025-05-14T08:00:00;4375;LL;низ;3221,565;3235,725;35,575;6;1
5/5;446;2025-05-14T11:00:00;4378;LH;верх;3243,960;3191,505;22,395;3;1
5/5;447;2025-05-14T22:00:00;4389;LL;низ;3168,065;3172,460;75,895;11;1
5/5;448;2025-05-15T04:00:00;4394;LH;верх;3192,830;3150,000;24,765;5;1
5/5;449;2025-05-15T09:00:00;4399;LL;низ;3120,765;3179,250;72,065;5;1
5/5;450;2025-05-16T01:00:00;4414;HH;верх;3252,255;3211,930;131,490;15;1
5/5;451;2025-05-16T14:00:00;4427;HL;низ;3154,300;3189,405;97,955;13;1
5/5;452;2025-05-19T03:00:00;4439;LH;верх;3249,850;3224,160;95,550;12;1
5/5;453;2025-05-19T07:00:00;4443;HL;низ;3206,725;3242,115;43,125;4;1
5/5;454;2025-05-19T14:00:00;4450;LH;верх;3248,590;3231,920;41,865;7;1
5/5;455;2025-05-20T06:00:00;4465;LL;низ;3204,670;3236,040;43,920;15;3
5/5;456;2025-05-21T09:00:00;4491;HH;верх;3320,845;3311,320;116,175;26;1
5/5;457;2025-05-21T15:00:00;4497;HL;низ;3290,725;3316,470;30,120;6;1
5/5;458;2025-05-22T06:00:00;4511;HH;верх;3345,470;3311,355;54,745;14;1
5/5;459;2025-05-22T17:00:00;4522;LL;низ;3279,235;3290,315;66,235;11;2
5/5;460;2025-05-23T20:00:00;4548;HH;верх;3366,015;3342,730;86,780;26;1
5/5;461;2025-05-26T12:00:00;4563;HL;низ;3323,500;3337,350;42,515;15;2
5/5;462;2025-05-27T03:00:00;4575;LH;верх;3350,095;3323,520;26,595;12;1
5/5;463;2025-05-27T17:00:00;4589;LL;низ;3285,250;3304,450;64,845;14;1
5/5;464;2025-05-28T03:00:00;4598;LH;верх;3315,885;3307,275;30,635;9;1
5/5;465;2025-05-28T06:00:00;4601;HL;низ;3291,705;3321,705;24,180;3;1
5/5;466;2025-05-28T12:00:00;4607;HH;верх;3325,695;3302,710;33,990;6;1
5/5;467;2025-05-29T04:00:00;4622;LL;низ;3245,560;3271,775;80,135;15;1
5/5;468;2025-05-29T19:00:00;4637;HH;верх;3331,470;3314,440;85,910;15;3
5/5;469;2025-05-30T17:00:00;4658;HL;низ;3271,460;3295,000;60,010;21;1
5/5;470;2025-06-03T02:00:00;4689;HH;верх;3392,305;3362,800;120,845;31;1
5/5;471;2025-06-03T17:00:00;4704;HL;низ;3333,170;3352,680;59,135;15;3
5/5;472;2025-06-04T05:00:00;4715;LH;верх;3372,715;3354,725;39,545;11;1
5/5;473;2025-06-04T14:00:00;4724;HL;низ;3343,815;3375,115;28,900;9;1
5/5;474;2025-06-04T17:00:00;4727;HH;верх;3384,760;3373,600;40,945;3;2
5/5;475;2025-06-05T08:00:00;4741;HL;низ;3361,220;3400,025;23,540;14;1
5/5;476;2025-06-05T14:00:00;4747;HH;верх;3403,625;3354,165;42,405;6;1
5/5;477;2025-06-05T18:00:00;4751;LL;низ;3339,350;3352,730;64,275;4;1
5/5;478;2025-06-06T08:00:00;4764;LH;верх;3375,705;3360,635;36,355;13;1
5/5;479;2025-06-09T05:00:00;4784;LL;низ;3293,500;3324,250;82,205;20;1
5/5;480;2025-06-09T10:00:00;4789;LH;верх;3328,515;3320,095;35,015;5;1
5/5;481;2025-06-09T16:00:00;4795;HL;низ;3310,795;3333,225;17,720;6;1
5/5;482;2025-06-09T20:00:00;4799;HH;верх;3338,295;3326,865;27,500;4;1
5/5;483;2025-06-10T05:00:00;4807;LL;низ;3302,015;3330,220;36,280;8;1
5/5;484;2025-06-10T16:00:00;4818;HH;верх;3349,280;3321,695;47,265;11;1
5/5;485;2025-06-11T02:00:00;4827;HL;низ;3315,590;3341,850;33,690;9;2
5/5;486;2025-06-11T15:00:00;4840;HH;верх;3360,790;3324,365;45,200;13;1
5/5;487;2025-06-11T20:00:00;4845;HL;низ;3319,380;3365,535;41,410;5;1
5/5;488;2025-06-12T05:00:00;4853;HH;верх;3377,895;3346,305;58,515;8;1
5/5;489;2025-06-12T10:00:00;4858;HL;низ;3338,590;3388,325;39,305;5;1
5/5;490;2025-06-13T06:00:00;4877;HH;верх;3444,495;3424,365;105,905;19;2
5/5;491;2025-06-13T10:00:00;4881;HL;низ;3407,925;3436,510;36,570;4;1
5/5;492;2025-06-16T01:00:00;4895;HH;верх;3451,525;3431,565;43,600;14;2
5/5;493;2025-06-16T10:00:00;4904;HL;низ;3409,580;3415,625;41,945;9;1
5/5;494;2025-06-16T14:00:00;4908;LH;верх;3422,785;3399,490;13,205;4;1
5/5;495;2025-06-16T16:00:00;4910;LL;низ;3382,540;3385,340;40,245;2;2
5/5;496;2025-06-17T03:00:00;4920;LH;верх;3403,430;3392,640;20,890;10;1
5/5;497;2025-06-17T06:00:00;4923;LL;низ;3373,670;3378,945;29,760;3;1
5/5;498;2025-06-17T14:00:00;4931;LH;верх;3400,200;3382,965;26,530;8;1
5/5;499;2025-06-17T17:00:00;4934;LL;низ;3366,115;3385,815;34,085;3;1
5/5;500;2025-06-18T01:00:00;4941;LH;верх;3395,975;3391,115;29,860;7;1
5/5;501;2025-06-18T05:00:00;4945;HL;низ;3370,645;3385,995;25,330;4;1
5/5;502;2025-06-18T07:00:00;4947;HH;верх;3400,110;3378,275;29,465;2;2
5/5;503;2025-06-18T23:00:00;4963;LL;низ;3362,605;3376,830;37,505;16;1
5/5;504;2025-06-19T04:00:00;4967;LH;верх;3388,175;3357,455;25,570;4;1
5/5;505;2025-06-19T09:00:00;4972;LL;низ;3347,530;3372,060;40,645;5;1
5/5;506;2025-06-19T13:00:00;4976;LH;верх;3379,180;3369,290;31,650;4;1
5/5;507;2025-06-19T16:00:00;4979;HL;низ;3361,525;3370,380;17,655;3;1
5/5;508;2025-06-19T20:00:00;4983;LH;верх;3375,625;3356,540;14,100;4;1
5/5;509;2025-06-20T09:00:00;4993;LL;низ;3340,415;3347,160;35,210;10;2
5/5;510;2025-06-23T01:00:00;5008;HH;верх;3389,220;3363,460;48,805;15;2
5/5;511;2025-06-23T08:00:00;5015;HL;низ;3347,035;3367,865;42,185;7;1
5/5;512;2025-06-23T19:00:00;5026;HH;верх;3393,640;3355,540;46,605;11;1
5/5;513;2025-06-24T16:00:00;5046;LL;низ;3295,315;3317,285;98,325;20;2
5/5;514;2025-06-25T10:00:00;5063;LH;верх;3337,205;3320,755;41,890;17;1
5/5;515;2025-06-25T16:00:00;5069;HL;низ;3312,055;3331,755;25,150;6;2
5/5;516;2025-06-26T11:00:00;5087;HH;верх;3350,415;3319,985;38,360;18;1
5/5;517;2025-06-27T16:00:00;5115;LL;низ;3255,850;3275,860;94,565;28;2
5/5;518;2025-06-27T20:00:00;5119;LH;верх;3282,940;3263,815;27,090;4;1
5/5;519;2025-06-30T01:00:00;5123;LL;низ;3244,415;3279,070;38,525;4;1
5/5;520;2025-06-30T10:00:00;5132;HH;верх;3296,830;3282,155;52,415;9;1
5/5;521;2025-06-30T14:00:00;5136;HL;низ;3274,625;3297,380;22,205;4;1
5/5;522;2025-07-01T15:00:00;5160;HH;верх;3358,085;3339,820;83,460;24;2
5/5;523;2025-07-02T10:00:00;5178;HL;низ;3327,655;3346,775;30,430;18;1
5/5;524;2025-07-03T01:00:00;5192;HH;верх;3365,920;3347,600;38,265;14;2
5/5;525;2025-07-03T04:00:00;5195;HL;низ;3342,015;3361,920;23,905;3;1
5/5;526;2025-07-03T09:00:00;5200;LH;верх;3363,755;3346,115;21,740;5;1
5/5;527;2025-07-03T15:00:00;5206;LL;низ;3311,625;3329,145;52,130;6;2
5/5;528;2025-07-04T09:00:00;5223;LH;верх;3345,175;3334,770;33,550;17;2
5/5;529;2025-07-07T13:00:00;5246;LL;низ;3296,280;3320,975;48,895;23;1
5/5;530;2025-07-08T01:00:00;5257;HH;верх;3345,955;3331,610;49,675;11;2
5/5;531;2025-07-09T11:00:00;5290;LL;низ;3282,665;3300,305;63,290;33;3
5/5;532;2025-07-10T12:00:00;5314;LH;верх;3330,360;3315,065;47,695;24;1
5/5;533;2025-07-10T17:00:00;5319;HL;низ;3310,175;3324,800;20,185;5;1
5/5;534;2025-07-14T02:00:00;5350;HH;верх;3374,255;3359,835;64,080;31;2
5/5;535;2025-07-14T08:00:00;5356;HL;низ;3353,675;3372,095;20,580;6;1
5/5;536;2025-07-14T10:00:00;5358;HH;верх;3375,085;3350,120;21,410;2;1
5/5;537;2025-07-14T17:00:00;5365;LL;низ;3341,090;3344,305;33,995;7;2
5/5;538;2025-07-15T13:00:00;5384;LH;верх;3366,425;3329,020;25,335;19;1
5/5;539;2025-07-15T19:00:00;5390;LL;низ;3320,305;3326,715;46,120;6;1
5/5;540;2025-07-16T12:00:00;5406;LH;верх;3343,080;3338,145;22,775;16;1
5/5;541;2025-07-16T17:00:00;5411;LL;низ;3319,695;3347,140;23,385;5;1
5/5;542;2025-07-16T18:00:00;5412;HH;верх;3377,655;3347,600;57,960;1;1
5/5;543;2025-07-17T15:00:00;5432;LL;низ;3309,790;3337,525;67,865;20;2
5/5;544;2025-07-18T15:00:00;5455;LH;верх;3361,330;3352,285;51,540;23;1
5/5;545;2025-07-21T01:00:00;5464;HL;низ;3344,905;3351,295;16,425;9;1
5/5;546;2025-07-22T02:00:00;5488;HH;верх;3402,860;3391,130;57,955;24;2
5/5;547;2025-07-22T10:00:00;5496;HL;низ;3383,420;3407,540;19,440;8;1
5/5;548;2025-07-23T03:00:00;5512;HH;верх;3439,035;3420,440;55,615;16;2
5/5;549;2025-07-23T08:00:00;5517;HL;низ;3416,445;3422,800;22,590;5;1
5/5;550;2025-07-23T12:00:00;5521;LH;верх;3433,880;3413,625;17,435;4;1
5/5;551;2025-07-24T16:00:00;5548;LL;низ;3351,465;3372,010;82,415;27;2
5/5;552;2025-07-24T17:00:00;5549;LH;верх;3377,475;3370,540;26,010;1;2
5/5;553;2025-07-28T01:00:00;5579;LL;низ;3324,020;3343,420;53,455;30;2
5/5;554;2025-07-28T09:00:00;5587;LH;верх;3345,520;3336,625;21,500;8;1
5/5;555;2025-07-28T16:00:00;5594;LL;низ;3301,765;3313,805;43,755;7;2
5/5;556;2025-07-29T11:00:00;5612;LH;верх;3330,100;3317,655;28,335;18;1
5/5;557;2025-07-29T17:00:00;5618;HL;низ;3311,995;3325,075;18,105;6;1
5/5;558;2025-07-29T18:00:00;5619;HH;верх;3334,270;3326,670;22,275;1;2
5/5;559;2025-07-30T04:00:00;5628;HL;низ;3321,795;3327,345;12,475;9;1
5/5;560;2025-07-30T12:00:00;5636;LH;верх;3334,090;3302,205;12,295;8;1
5/5;561;2025-07-30T22:00:00;5646;LL;низ;3268,120;3293,860;65,970;10;1
5/5;562;2025-07-31T11:00:00;5658;LH;верх;3314,985;3301,390;46,865;12;1
5/5;563;2025-08-01T04:00:00;5674;HL;низ;3281,745;3292,515;33,240;16;2
5/5;564;2025-08-04T01:00:00;5694;HH;верх;3364,815;3360,350;83,070;20;1
5/5;565;2025-08-04T04:00:00;5697;HL;низ;3345,005;3362,620;19,810;3;1
5/5;566;2025-08-04T16:00:00;5709;HH;верх;3385,535;3375,835;40,530;12;2
5/5;567;2025-08-05T14:00:00;5730;HL;низ;3349,890;3382,110;35,645;21;1
5/5;568;2025-08-05T19:00:00;5735;HH;верх;3390,600;3379,830;40,710;5;2
5/5;569;2025-08-06T12:00:00;5751;HL;низ;3358,255;3379,310;32,345;16;1
5/5;570;2025-08-06T18:00:00;5757;LH;верх;3380,090;3369,270;21,835;6;1
5/5;571;2025-08-07T03:00:00;5765;HL;низ;3365,305;3375,640;14,785;8;1
5/5;572;2025-08-07T10:00:00;5772;HH;верх;3397,580;3380,735;32,275;7;1
5/5;573;2025-08-07T14:00:00;5776;HL;низ;3371,870;3388,900;25,710;4;1
5/5;574;2025-08-08T01:00:00;5786;HH;верх;3409,430;3396,050;37,560;10;1
5/5;575;2025-08-08T04:00:00;5789;HL;низ;3381,215;3393,695;28,215;3;1
5/5;576;2025-08-08T10:00:00;5795;LH;верх;3404,280;3391,615;23,065;6;1
5/5;577;2025-08-08T14:00:00;5799;LL;низ;3380,455;3397,570;23,825;4;1
5/5;578;2025-08-08T21:00:00;5806;LH;верх;3403,960;3381,740;23,505;7;1
5/5;579;2025-08-11T20:00:00;5828;LL;низ;3341,155;3349,090;62,805;22;2
5/5;580;2025-08-12T10:00:00;5841;LH;верх;3358,250;3349,950;17,095;13;2
5/5;581;2025-08-12T17:00:00;5848;LL;низ;3331,170;3347,660;27,080;7;1
5/5;582;2025-08-12T18:00:00;5849;HH;верх;3359,340;3348,345;28,170;1;1
5/5;583;2025-08-13T03:00:00;5857;HL;низ;3342,635;3349,290;16,705;8;1
5/5;584;2025-08-13T17:00:00;5871;HH;верх;3370,825;3357,990;28,190;14;1
5/5;585;2025-08-13T21:00:00;5875;HL;низ;3350,015;3369,610;20,810;4;1
5/5;586;2025-08-14T03:00:00;5880;HH;верх;3374,805;3358,960;24,790;5;1
5/5;587;2025-08-14T19:00:00;5896;LL;низ;3329,850;3333,510;44,955;16;2
5/5;588;2025-08-15T08:00:00;5908;LH;верх;3348,915;3337,850;19,065;12;1
5/5;589;2025-08-18T02:00:00;5925;LL;низ;3323,685;3357,630;25,230;17;2
5/5;590;2025-08-18T08:00:00;5931;HH;верх;3358,490;3346,635;34,805;6;1
5/5;591;2025-08-19T03:00:00;5949;HL;низ;3326,285;3336,170;32,205;18;1
5/5;592;2025-08-19T13:00:00;5959;LH;верх;3345,465;3322,690;19,180;10;1
5/5;593;2025-08-20T04:00:00;5973;LL;низ;3311,560;3323,210;33,905;14;1
5/5;594;2025-08-21T01:00:00;5993;HH;верх;3352,300;3339,910;40,740;20;2
5/5;595;2025-08-21T14:00:00;6006;HL;низ;3325,280;3339,805;27,020;13;1
5/5;596;2025-08-21T17:00:00;6009;LH;верх;3348,240;3338,935;22,960;3;1
5/5;597;2025-08-22T15:00:00;6030;LL;низ;3321,455;3374,350;26,785;21;1
5/5;598;2025-08-22T18:00:00;6033;HH;верх;3378,835;3371,230;57,380;3;1
5/5;599;2025-08-25T05:00:00;6043;HL;низ;3359,780;3366,180;19,055;10;2
5/5;600;2025-08-26T03:00:00;6064;HH;верх;3386,685;3376,685;26,905;21;2
5/5;601;2025-08-26T03:00:00;6064;LL;низ;3351,330;3376,685;35,355;0;2
5/5;602;2025-08-26T23:00:00;6084;HH;верх;3393,745;3384,220;42,415;20;1
5/5;603;2025-08-27T14:00:00;6098;HL;низ;3373,750;3395,550;19,995;14;1
5/5;604;2025-08-28T02:00:00;6109;HH;верх;3399,365;3390,390;25,615;11;2
5/5;605;2025-08-28T05:00:00;6112;HL;низ;3384,620;3395,920;14,745;3;1
5/5;606;2025-08-28T22:00:00;6129;HH;верх;3423,180;3409,895;38,560;17;1
5/5;607;2025-08-29T14:00:00;6144;HL;низ;3404,315;3449,355;18,865;15;2
5/5;608;2025-09-01T09:00:00;6162;HH;верх;3489,845;3470,260;85,530;18;1
5/5;609;2025-09-01T13:00:00;6166;HL;низ;3466,385;3474,215;23,460;4;1
5/5;610;2025-09-02T04:00:00;6178;HH;верх;3508,790;3485,770;42,405;12;2
5/5;611;2025-09-02T11:00:00;6185;HL;низ;3470,050;3489,145;38,740;7;1
5/5;612;2025-09-03T03:00:00;6200;HH;верх;3547,330;3530,100;77,280;15;1
5/5;613;2025-09-03T08:00:00;6205;HL;низ;3526,770;3540,175;20,560;5;1
5/5;614;2025-09-03T21:00:00;6218;HH;верх;3578,660;3561,570;51,890;13;1
5/5;615;2025-09-04T06:00:00;6226;LL;низ;3511,755;3541,425;66,905;8;1
5/5;616;2025-09-04T16:00:00;6236;LH;верх;3558,930;3546,355;47,175;10;1
5/5;617;2025-09-04T17:00:00;6237;HL;низ;3535,145;3549,960;23,785;1;2
5/5;618;2025-09-05T08:00:00;6251;HH;верх;3561,280;3551,885;26,135;14;1
5/5;619;2025-09-05T11:00:00;6254;HL;низ;3544,855;3594,740;16,425;3;1
5/5;620;2025-09-05T19:00:00;6262;HH;верх;3600,205;3592,130;55,350;8;1
5/5;621;2025-09-08T07:00:00;6273;HL;низ;3579,720;3613,880;20,485;11;1
5/5;622;2025-09-08T18:00:00;6284;HH;верх;3646,545;3635,850;66,825;11;1
5/5;623;2025-09-09T02:00:00;6291;HL;низ;3628,480;3654,995;18,065;7;1
5/5;624;2025-09-09T17:00:00;6306;HH;верх;3674,695;3629,560;46,215;15;2
5/5;625;2025-09-10T04:00:00;6316;LL;низ;3620,135;3643,995;54,560;10;1
5/5;626;2025-09-10T15:00:00;6327;LH;верх;3657,610;3647,520;37,475;11;1
5/5;627;2025-09-10T22:00:00;6334;HL;низ;3635,335;3641,165;22,275;7;1
5/5;628;2025-09-11T04:00:00;6339;LH;верх;3649,345;3633,245;14,010;5;2
5/5;629;2025-09-11T15:00:00;6350;LL;низ;3612,835;3635,025;36,510;11;1
5/5;630;2025-09-12T08:00:00;6366;HH;верх;3656,700;3651,335;43,865;16;1
5/5;631;2025-09-12T12:00:00;6370;HL;низ;3637,630;3648,060;19,070;4;1
5/5;632;2025-09-12T17:00:00;6375;LH;верх;3654,495;3644,295;16,865;5;1
5/5;633;2025-09-15T04:00:00;6385;LL;низ;3626,460;3636,525;28,035;10;1
5/5;634;2025-09-15T07:00:00;6388;LH;верх;3646,950;3641,320;20,490;3;1
5/5;635;2025-09-15T10:00:00;6391;HL;низ;3633,675;3650,510;13,275;3;1
5/5;636;2025-09-15T19:00:00;6400;HH;верх;3685,695;3679,110;52,020;9;1
5/5;637;2025-09-16T05:00:00;6409;HL;низ;3674,705;3686,475;10,990;9;1
5/5;638;2025-09-16T17:00:00;6421;HH;верх;3703,240;3689,790;28,535;12;1
5/5;639;2025-09-16T18:00:00;6422;HL;низ;3678,885;3689,855;24,355;1;1
5/5;640;2025-09-17T03:00:00;6430;LH;верх;3695,520;3679,225;16,635;8;1
5/5;641;2025-09-17T14:00:00;6441;LL;низ;3660,020;3684,810;35,500;11;1
5/5;642;2025-09-17T21:00:00;6448;HH;верх;3707,555;3665,340;47,535;7;1
5/5;643;2025-09-18T09:00:00;6459;LL;низ;3634,055;3667,260;73,500;11;2
5/5;644;2025-09-18T12:00:00;6462;LH;верх;3673,205;3638,385;39,150;3;1
5/5;645;2025-09-18T16:00:00;6466;LL;низ;3627,960;3641,415;45,245;4;2
5/5;646;2025-09-19T08:00:00;6481;LH;верх;3661,355;3655,960;33,395;15;1
5/5;647;2025-09-19T16:00:00;6489;HL;низ;3643,785;3683,670;17,570;8;1
5/5;648;2025-09-23T04:00:00;6523;HH;верх;3759,420;3753,900;115,635;34;1
5/5;649;2025-09-23T05:00:00;6524;HL;низ;3736,660;3753,455;22,760;1;1
5/5;650;2025-09-23T12:00:00;6531;HH;верх;3791,255;3774,175;54,595;7;1
5/5;651;2025-09-24T05:00:00;6547;HL;низ;3750,510;3777,470;40,745;16;2
5/5;652;2025-09-24T10:00:00;6552;LH;верх;3779,340;3768,175;28,830;5;1
5/5;653;2025-09-24T22:00:00;6564;LL;низ;3717,520;3736,170;61,820;12;1
5/5;654;2025-09-25T03:00:00;6568;LH;верх;3751,535;3738,610;34,015;4;1
5/5;655;2025-09-25T05:00:00;6570;HL;низ;3729,635;3752,445;21,900;2;1
5/5;656;2025-09-25T11:00:00;6576;HH;верх;3761,690;3733,845;32,055;6;1
5/5;657;2025-09-25T16:00:00;6581;LL;низ;3722,220;3755,240;39,470;5;1
5/5;658;2025-09-25T21:00:00;6586;LH;верх;3758,430;3749,720;36,210;5;1
5/5;659;2025-09-26T06:00:00;6594;HL;низ;3734,440;3753,015;23,990;8;1
5/5;660;2025-09-26T17:00:00;6605;HH;верх;3783,885;3766,825;49,445;11;1
5/5;661;2025-09-26T23:00:00;6611;HL;низ;3759,660;3792,905;24,225;6;1
5/5;662;2025-09-30T09:00:00;6643;HH;верх;3871,890;3815,390;112,230;32;1
5/5;663;2025-09-30T12:00:00;6646;HL;низ;3793,175;3854,080;78,715;3;2
5/5;664;2025-10-01T11:00:00;6668;HH;верх;3895,500;3873,055;102,325;22;1
5/5;665;2025-10-02T04:00:00;6684;HL;низ;3852,835;3864,155;42,665;16;2
5/5;666;2025-10-02T16:00:00;6696;HH;верх;3897,130;3850,920;44,295;12;1
5/5;667;2025-10-02T18:00:00;6698;LL;низ;3819,425;3856,560;77,705;2;1
5/5;668;2025-10-03T02:00:00;6705;LH;верх;3863,715;3844,100;44,290;7;1
5/5;669;2025-10-03T06:00:00;6709;HL;низ;3838,070;3865,010;25,645;4;1
5/5;670;2025-10-06T11:00:00;6737;HH;верх;3949,670;3944,740;111,600;28;2
5/5;671;2025-10-06T15:00:00;6741;HL;низ;3926,465;3958,030;23,205;4;1
5/5;672;2025-10-07T03:00:00;6752;HH;верх;3977,400;3964,725;50,935;11;1
5/5;673;2025-10-07T11:00:00;6760;HL;низ;3941,055;3979,330;36,345;8;1
5/5;674;2025-10-08T12:00:00;6784;HH;верх;4049,700;4048,225;108,645;24;2
5/5;675;2025-10-08T16:00:00;6788;HL;низ;4026,175;4050,080;23,525;4;1
5/5;676;2025-10-08T19:00:00;6791;HH;верх;4059,350;4021,510;33,175;3;1
5/5;677;2025-10-09T02:00:00;6797;LL;низ;4001,330;4038,980;58,020;6;1
5/5;678;2025-10-09T16:00:00;6811;LH;верх;4058,110;3957,475;56,780;14;1
5/5;679;2025-10-09T20:00:00;6815;LL;низ;3944,435;3989,805;113,675;4;1
5/5;680;2025-10-10T03:00:00;6821;LH;верх;3994,520;3974,850;50,085;6;1
5/5;681;2025-10-10T07:00:00;6825;HL;низ;3947,020;3995,870;47,500;4;1
5/5;682;2025-10-10T12:00:00;6830;HH;верх;4006,735;3990,285;59,715;5;1
5/5;683;2025-10-10T17:00:00;6835;HL;низ;3970,855;4011,365;35,880;5;1
5/5;684;2025-10-14T08:00:00;6872;HH;верх;4179,935;4131,500;209,080;37;4
5/5;685;2025-10-14T09:00:00;6873;HL;низ;4090,145;4130,415;89,790;1;2
5/5;686;2025-10-15T11:00:00;6898;HH;верх;4218,405;4192,145;128,260;25;1
5/5;687;2025-10-15T12:00:00;6899;HL;низ;4164,240;4200,245;54,165;1;1
5/5;688;2025-10-16T06:00:00;6916;HH;верх;4242,380;4233,110;78,140;17;1
5/5;689;2025-10-16T08:00:00;6918;HL;низ;4203,550;4242,710;38,830;2;1
5/5;690;2025-10-17T01:00:00;6934;HH;верх;4380,990;4366,995;177,440;16;1
5/5;691;2025-10-17T04:00:00;6937;HL;низ;4278,680;4360,365;102,310;3;1
5/5;692;2025-10-17T08:00:00;6941;LH;верх;4378,765;4327,905;100,085;4;1
5/5;693;2025-10-17T20:00:00;6953;LL;низ;4185,910;4238,115;192,855;12;1
5/5;694;2025-10-20T05:00:00;6961;LH;верх;4271,285;4255,145;85,375;8;1
5/5;695;2025-10-20T09:00:00;6965;HL;низ;4221,205;4279,075;50,080;4;1
5/5;696;2025-10-20T22:00:00;6978;HH;верх;4381,440;4350,965;160,235;13;1
5/5;697;2025-10-22T03:00:00;7005;LL;низ;4004,280;4134,915;377,160;27;2
5/5;698;2025-10-22T09:00:00;7011;LH;верх;4161,535;4028,230;157,255;6;1
5/5;699;2025-10-22T17:00:00;7019;HL;низ;4011,095;4102,105;150,440;8;1
5/5;700;2025-10-22T22:00:00;7024;LH;верх;4113,800;4073,165;102,705;5;1
5/5;701;2025-10-23T03:00:00;7028;HL;низ;4065,900;4110,550;47,900;4;1
5/5;702;2025-10-23T17:00:00;7042;HH;верх;4154,790;4118,450;88,890;14;3
5/5;703;2025-10-24T14:00:00;7062;LL;низ;4043,515;4129,495;111,275;20;1
5/5;704;2025-10-24T19:00:00;7067;LH;верх;4138,670;4081,875;95,155;5;1
5/5;705;2025-10-27T17:00:00;7089;LL;низ;3971,445;3981,985;167,225;22;1
5/5;706;2025-10-28T03:00:00;7098;LH;верх;4019,805;3942,525;48,360;9;1
5/5;707;2025-10-28T11:00:00;7106;LL;низ;3886,465;3949,720;133,340;8;1
5/5;708;2025-10-28T19:00:00;7114;LH;верх;3970,465;3964,945;84,000;8;1
5/5;709;2025-10-29T00:00:00;7118;HL;низ;3907,925;3963,525;62,540;4;1
5/5;710;2025-10-29T14:00:00;7132;HH;верх;4030,340;3994,840;122,415;14;2
5/5;711;2025-10-30T05:00:00;7146;HL;низ;3915,520;3976,585;114,820;14;2
5/5;712;2025-10-31T00:00:00;7164;HH;верх;4046,595;3996,315;131,075;18;1
5/5;713;2025-10-31T06:00:00;7170;HL;низ;3989,065;4008,590;57,530;6;1
5/5;714;2025-10-31T14:00:00;7178;LH;верх;4036,435;3997,635;47,370;8;1
5/5;715;2025-11-03T02:00:00;7188;LL;низ;3962,275;4013,935;74,160;10;2
5/5;716;2025-11-03T10:00:00;7196;LH;верх;4028,130;4016,155;65,855;8;1
5/5;717;2025-11-03T11:00:00;7197;HL;низ;3993,100;4022,855;35,030;1;1
5/5;718;2025-11-03T17:00:00;7203;HH;верх;4030,825;4010,315;37,725;6;1
5/5;719;2025-11-04T08:00:00;7217;LL;низ;3966,605;3994,970;64,220;14;1
5/5;720;2025-11-04T10:00:00;7219;LH;верх;4000,855;3975,820;34,250;2;1
5/5;721;2025-11-04T16:00:00;7225;LL;низ;3928,685;3937,500;72,170;6;2
5/5;722;2025-11-05T10:00:00;7242;LH;верх;3987,340;3975,910;58,655;17;1
5/5;723;2025-11-05T12:00:00;7244;HL;низ;3956,100;3978,295;31,240;2;1
5/5;724;2025-11-05T18:00:00;7250;HH;верх;3990,565;3980,115;34,465;6;1
5/5;725;2025-11-06T03:00:00;7258;HL;низ;3964,455;3991,515;26,110;8;1
5/5;726;2025-11-06T14:00:00;7269;HH;верх;4019,645;3986,340;55,190;11;1
5/5;727;2025-11-06T19:00:00;7274;HL;низ;3965,710;3989,345;53,935;5;1
5/5;728;2025-11-07T11:00:00;7289;LH;верх;4014,290;3993,605;48,580;15;1
5/5;729;2025-11-07T17:00:00;7295;HL;низ;3984,010;4004,180;30,280;6;1
5/5;730;2025-11-11T06:00:00;7330;HH;верх;4149,100;4141,890;165,090;35;3
5/5;731;2025-11-11T17:00:00;7341;HL;низ;4097,245;4129,535;51,855;11;1
5/5;732;2025-11-12T02:00:00;7349;LH;верх;4145,610;4104,725;48,365;8;1
5/5;733;2025-11-12T07:00:00;7354;HL;низ;4098,915;4127,810;46,695;5;1
5/5;734;2025-11-12T20:00:00;7367;HH;верх;4211,795;4206,065;112,880;13;1
5/5;735;2025-11-13T03:00:00;7373;HL;низ;4179,735;4210,525;32,060;6;1
5/5;736;2025-11-13T14:00:00;7384;HH;верх;4245,195;4202,050;65,460;11;1
5/5;737;2025-11-13T20:00:00;7390;LL;низ;4145,190;4183,810;100,005;6;1
5/5;738;2025-11-14T05:00:00;7398;LH;верх;4211,435;4176,135;66,245;8;1
5/5;739;2025-11-14T16:00:00;7409;LL;низ;4032,230;4089,995;179,205;11;2
5/5;740;2025-11-17T10:00:00;7426;LH;верх;4095,935;4065,480;63,705;17;1
5/5;741;2025-11-18T09:00:00;7448;LL;низ;3997,985;4032,555;97,950;22;2
5/5;742;2025-11-18T22:00:00;7461;LH;верх;4082,580;4075,790;84,595;13;1
5/5;743;2025-11-19T04:00:00;7466;HL;низ;4055,525;4087,000;27,055;5;1
5/5;744;2025-11-19T17:00:00;7479;HH;верх;4132,985;4076,385;77,460;13;1
5/5;745;2025-11-19T19:00:00;7481;LL;низ;4055,475;4104,690;77,510;2;1
5/5;746;2025-11-20T02:00:00;7487;LH;верх;4110,370;4066,790;54,895;6;1
5/5;747;2025-11-20T04:00:00;7489;LL;низ;4038,900;4059,935;71,470;2;2
5/5;748;2025-11-20T16:00:00;7501;LH;верх;4107,350;4084,760;68,450;12;1
5/5;749;2025-11-20T19:00:00;7504;HL;низ;4043,580;4079,035;63,770;3;1
5/5;750;2025-11-21T01:00:00;7509;LH;верх;4088,725;4052,445;45,145;5;1
5/5;751;2025-11-21T10:00:00;7518;LL;низ;4022,260;4079,745;66,465;9;1
5/5;752;2025-11-21T19:00:00;7527;HH;верх;4101,070;4075,165;78,810;9;1
5/5;753;2025-11-24T07:00:00;7538;HL;низ;4040,020;4064,010;61,050;11;1
5/5;754;2025-11-25T04:00:00;7558;HH;верх;4155,900;4132,560;115,880;20;1
5/5;755;2025-11-25T10:00:00;7564;HL;низ;4109,710;4147,770;46,190;6;2
5/5;756;2025-11-26T14:00:00;7591;HH;верх;4173,500;4167,275;63,790;27;3
5/5;757;2025-11-26T17:00:00;7594;HL;низ;4136,665;4164,060;36,835;3;1
5/5;758;2025-11-26T20:00:00;7597;LH;верх;4171,905;4164,560;35,240;3;1
5/5;759;2025-11-27T06:00:00;7606;HL;низ;4142,730;4158,595;29,175;9;1
5/5;760;2025-11-28T03:00:00;7626;HH;верх;4193,260;4187,120;50,530;20;2
5/5;761;2025-11-28T10:00:00;7633;HL;низ;4153,740;4182,700;39,520;7;1
5/5;762;2025-12-01T04:00:00;7648;HH;верх;4256,600;4245,350;102,860;15;1
5/5;763;2025-12-01T07:00:00;7651;HL;низ;4215,605;4255,640;40,995;3;1
5/5;764;2025-12-01T15:00:00;7659;HH;верх;4264,700;4240,440;49,095;8;1
5/5;765;2025-12-02T11:00:00;7678;LL;низ;4181,140;4218,845;83,560;19;3
5/5;766;2025-12-02T16:00:00;7683;LH;верх;4230,685;4196,470;49,545;5;1
5/5;767;2025-12-02T17:00:00;7684;LL;низ;4163,805;4210,225;66,880;1;1
5/5;768;2025-12-03T04:00:00;7694;LH;верх;4229,065;4206,335;65,260;10;1
5/5;769;2025-12-03T12:00:00;7702;HL;низ;4194,645;4216,415;34,420;8;1
5/5;770;2025-12-03T16:00:00;7706;HH;верх;4241,565;4207,860;46,920;4;1
5/5;771;2025-12-03T20:00:00;7710;HL;низ;4195,195;4211,770;46,370;4;1
5/5;772;2025-12-04T03:00:00;7716;LH;верх;4217,080;4190,345;21,885;6;1
5/5;773;2025-12-04T07:00:00;7720;LL;низ;4174,810;4197,405;42,270;4;1
5/5;774;2025-12-04T18:00:00;7731;HH;верх;4219,620;4208,765;44,810;11;1
5/5;775;2025-12-05T03:00:00;7739;HL;низ;4194,815;4224,700;24,805;8;1
5/5;776;2025-12-05T17:00:00;7753;HH;верх;4259,340;4202,140;64,525;14;2
5/5;777;2025-12-05T23:00:00;7759;LL;низ;4192,055;4210,240;67,285;6;1
5/5;778;2025-12-08T08:00:00;7767;LH;верх;4219,175;4208,735;27,120;8;1
5/5;779;2025-12-08T17:00:00;7776;LL;низ;4176,205;4191,670;42,970;9;1
5/5;780;2025-12-09T05:00:00;7787;LH;верх;4198,905;4191,730;22,700;11;1
5/5;781;2025-12-09T08:00:00;7790;LL;низ;4169,985;4203,140;28,920;3;1
5/5;782;2025-12-09T11:00:00;7793;HH;верх;4213,050;4204,990;43,065;3;1
5/5;783;2025-12-09T16:00:00;7798;HL;низ;4189,505;4212,620;23,545;5;1
5/5;784;2025-12-09T18:00:00;7800;HH;верх;4221,625;4207,915;32,120;2;2
5/5;785;2025-12-10T21:00:00;7826;LL;низ;4182,080;4238,390;39,545;26;2
5/5;786;2025-12-11T03:00:00;7831;HH;верх;4247,805;4214,725;65,725;5;1
5/5;787;2025-12-11T08:00:00;7836;HL;низ;4204,270;4211,190;43,535;5;2
5/5;788;2025-12-12T16:00:00;7867;HH;верх;4353,555;4296,510;149,285;31;2
5/5;789;2025-12-12T18:00:00;7869;HL;низ;4257,275;4299,380;96,280;2;1
5/5;790;2025-12-15T11:00:00;7885;LH;верх;4350,285;4323,765;93,010;16;1
5/5;791;2025-12-15T18:00:00;7892;HL;низ;4285,515;4304,910;64,770;7;1
5/5;792;2025-12-16T03:00:00;7900;LH;верх;4318,035;4289,410;32,520;8;1
5/5;793;2025-12-16T07:00:00;7904;LL;низ;4271,575;4277,450;46,460;4;2
5/5;794;2025-12-17T07:00:00;7927;HH;верх;4342,580;4317,805;71,005;23;2
5/5;795;2025-12-17T12:00:00;7932;HL;низ;4306,515;4330,485;36,065;5;1
5/5;796;2025-12-17T17:00:00;7937;HH;верх;4349,280;4341,490;42,765;5;1
5/5;797;2025-12-18T16:00:00;7959;HL;низ;4308,670;4325,180;40,610;22;2
5/5;798;2025-12-18T18:00:00;7961;HH;верх;4374,655;4332,590;65,985;2;1
5/5;799;2025-12-19T03:00:00;7969;HL;низ;4309,095;4326,440;65,560;8;3
5/5;800;2025-12-23T04:00:00;8016;HH;верх;4497,685;4486,855;188,590;47;3
5/5;801;2025-12-23T17:00:00;8029;HL;низ;4430,515;4497,500;67,170;13;1
5/5;802;2025-12-24T03:00:00;8038;HH;верх;4526,150;4493,780;95,635;9;1
5/5;803;2025-12-24T17:00:00;8052;HL;низ;4448,260;4517,970;77,890;14;2
5/5;804;2025-12-26T01:00:00;8056;HH;верх;4536,740;4509,190;88,480;4;1
5/5;805;2025-12-26T13:00:00;8068;HL;низ;4502,910;4536,330;33,830;12;1
5/5;806;2025-12-26T18:00:00;8073;HH;верх;4550,150;4533,210;47,240;5;2
5/5;807;2025-12-29T17:00:00;8095;LL;низ;4302,110;4334,760;248,040;22;3
5/5;808;2025-12-30T15:00:00;8116;LH;верх;4404,375;4364,840;102,265;21;1
5/5;809;2025-12-31T01:00:00;8125;HL;низ;4328,125;4332,865;76,250;9;1
5/5;810;2025-12-31T03:00:00;8127;LH;верх;4373,590;4328,065;45,465;2;1
5/5;811;2025-12-31T08:00:00;8132;LL;низ;4274,025;4311,260;99,565;5;2
5/5;812;2025-12-31T16:00:00;8140;LH;верх;4353,445;4311,550;79,420;8;1
5/5;813;2025-12-31T22:00:00;8146;HL;низ;4304,645;4362,955;48,800;6;1
5/5;814;2026-01-02T15:00:00;8162;HH;верх;4402,295;4315,405;97,650;16;1
5/5;815;2026-01-02T20:00:00;8167;HL;низ;4309,915;4395,290;92,380;5;2
5/5;816;2026-01-05T17:00:00;8187;HH;верх;4455,770;4444,795;145,855;20;1
5/5;817;2026-01-06T03:00:00;8196;HL;низ;4427,635;4465,920;28,135;9;1
5/5;818;2026-01-06T10:00:00;8203;HH;верх;4475,790;4468,090;48,155;7;1
5/5;819;2026-01-06T12:00:00;8205;HL;низ;4442,665;4478,460;33,125;2;1
5/5;820;2026-01-07T01:00:00;8217;HH;верх;4500,560;4464,960;57,895;12;1
5/5;821;2026-01-07T17:00:00;8233;LL;низ;4423,385;4452,495;77,175;16;2
5/5;822;2026-01-07T18:00:00;8234;LH;верх;4468,370;4456,650;44,985;1;2
5/5;823;2026-01-08T14:00:00;8253;LL;низ;4407,835;4463,565;60,535;19;2
5/5;824;2026-01-09T01:00:00;8263;HH;верх;4479,735;4464,790;71,900;10;1
5/5;825;2026-01-09T15:00:00;8277;HL;низ;4458,935;4496,205;20,800;14;1
5/5;826;2026-01-12T18:00:00;8303;HH;верх;4630,190;4597,650;171,255;26;4
5/5;827;2026-01-13T08:00:00;8316;HL;низ;4573,605;4588,720;56,585;13;1
5/5;828;2026-01-13T16:00:00;8324;HH;верх;4634,890;4597,495;61,285;8;1
5/5;829;2026-01-13T22:00:00;8330;LL;низ;4569,470;4620,725;65,420;6;1
5/5;830;2026-01-14T14:00:00;8345;HH;верх;4641,985;4614,400;72,515;15;2
5/5;831;2026-01-14T17:00:00;8348;HL;низ;4599,500;4632,630;42,485;3;1
5/5;832;2026-01-14T21:00:00;8352;HH;верх;4642,970;4600,170;43,470;4;1
5/5;833;2026-01-15T05:00:00;8359;LL;низ;4581,065;4604,430;61,905;7;2
5/5;834;2026-01-15T18:00:00;8372;LH;верх;4625,015;4616,040;43,950;13;1
5/5;835;2026-01-16T04:00:00;8381;HL;низ;4591,370;4607,645;33,645;9;1
5/5;836;2026-01-16T17:00:00;8394;LH;верх;4620,390;4582,020;29,020;13;2
5/5;837;2026-01-16T17:00:00;8394;LL;низ;4536,490;4582,020;83,900;0;1
5/5;838;2026-01-19T01:00:00;8401;HH;верх;4690,940;4663,360;154,450;7;2
5/5;839;2026-01-19T13:00:00;8413;HL;низ;4659,730;4672,370;31,210;12;1
5/5;840;2026-01-19T20:00:00;8420;LH;верх;4680,405;4668,815;20,675;7;1
5/5;841;2026-01-20T02:00:00;8423;LL;низ;4659,395;4714,630;21,010;3;2
5/5;842;2026-01-21T08:00:00;8452;HH;верх;4888,545;4866,785;229,150;29;2
5/5;843;2026-01-21T21:00:00;8465;HL;низ;4755,075;4797,935;133,470;13;1
5/5;844;2026-01-22T09:00:00;8476;LH;верх;4839,710;4819,670;84,635;11;1
5/5;845;2026-01-22T15:00:00;8482;HL;низ;4810,740;4916,035;28,970;6;1
5/5;846;2026-01-23T03:00:00;8493;HH;верх;4967,520;4953,965;156,780;11;1
5/5;847;2026-01-23T11:00:00;8501;HL;низ;4899,795;4943,760;67,725;8;1
5/5;848;2026-01-26T08:00:00;8521;HH;верх;5111,510;5091,585;211,715;20;1
5/5;849;2026-01-26T15:00:00;8528;HL;низ;5054,670;5069,040;56,840;7;1
5/5;850;2026-01-26T18:00:00;8531;LH;верх;5105,340;5008,875;50,670;3;1
5/5;851;2026-01-26T23:00:00;8536;LL;низ;4990,215;5077,225;115,125;5;1
5/5;852;2026-01-27T09:00:00;8545;LH;верх;5100,840;5085,130;110,625;9;1
5/5;853;2026-01-27T16:00:00;8552;HL;низ;5046,840;5099,055;54,000;7;1
5/5;854;2026-01-28T10:00:00;8569;HH;верх;5311,665;5266,645;264,825;17;1
5/5;855;2026-01-28T17:00:00;8576;HL;низ;5235,750;5376,885;75,915;7;1
5/5;856;2026-01-29T01:00:00;8583;HH;верх;5602,225;5557,990;366,475;7;3
5/5;857;2026-01-29T17:00:00;8599;LL;низ;5097,215;5394,170;505,010;16;1
5/5;858;2026-01-30T02:00:00;8607;LH;верх;5451,160;5185,135;353,945;8;1
5/5;859;2026-02-02T08:00:00;8636;LL;низ;4402,380;4766,240;1048,780;29;4
5/5;860;2026-02-02T14:00:00;8642;LH;верх;4812,265;4674,110;409,885;6;1
5/5;861;2026-02-02T18:00:00;8646;HL;низ;4596,740;4661,055;215,525;4;1
5/5;862;2026-02-03T18:00:00;8669;HH;верх;4993,835;4946,805;397,095;23;1
5/5;863;2026-02-03T21:00:00;8672;HL;низ;4880,595;5046,855;113,240;3;1
5/5;864;2026-02-04T10:00:00;8684;HH;верх;5091,930;5054,185;211,335;12;1
5/5;865;2026-02-04T18:00:00;8692;LL;низ;4848,405;4964,455;243,525;8;1
5/5;866;2026-02-05T01:00:00;8698;LH;верх;5024,030;4864,190;175,625;6;1
5/5;867;2026-02-05T05:00:00;8702;LL;низ;4789,655;4911,890;234,375;4;1
5/5;868;2026-02-05T10:00:00;8707;LH;верх;4943,735;4835,635;154,080;5;2
5/5;869;2026-02-06T02:00:00;8722;LL;низ;4655,230;4897,550;288,505;15;1
5/5;870;2026-02-09T01:00:00;8744;HH;верх;5047,915;5011,955;392,685;22;3
5/5;871;2026-02-09T12:00:00;8755;HL;низ;4982,495;5059,065;65,420;11;1
5/5;872;2026-02-09T22:00:00;8765;HH;верх;5086,680;5038,660;104,185;10;1
5/5;873;2026-02-10T01:00:00;8767;HL;низ;4987,385;5031,725;99,295;2;1
5/5;874;2026-02-10T16:00:00;8782;LH;верх;5078,745;5028,155;91,360;15;1
5/5;875;2026-02-10T17:00:00;8783;HL;низ;4998,950;5030,315;79,795;1;1
5/5;876;2026-02-11T14:00:00;8803;HH;верх;5119,345;5091,530;120,395;20;1
5/5;877;2026-02-11T15:00:00;8804;HL;низ;5019,715;5082,640;99,630;1;2
5/5;878;2026-02-12T15:00:00;8827;LH;верх;5083,855;4935,625;64,140;23;1
5/5;879;2026-02-12T18:00:00;8830;LL;низ;4878,500;4922,080;205,355;3;2
5/5;880;2026-02-13T06:00:00;8841;LH;верх;4997,555;4970,340;119,055;11;1
5/5;881;2026-02-13T13:00:00;8848;HL;низ;4933,635;5007,995;63,920;7;1
5/5;882;2026-02-13T23:00:00;8858;HH;верх;5046,480;4987,555;112,845;10;1
5/5;883;2026-02-16T07:00:00;8865;HL;низ;4964,865;5006,090;81,615;7;1
5/5;884;2026-02-16T11:00:00;8869;LH;верх;5017,445;4988,410;52,580;4;1
5/5;885;2026-02-16T17:00:00;8875;HL;низ;4969,110;4989,925;48,335;6;1
5/5;886;2026-02-17T01:00:00;8880;LH;верх;5001,240;4953,030;32,130;5;1
5/5;887;2026-02-17T07:00:00;8886;LL;низ;4859,200;4913,385;142,040;6;1
5/5;888;2026-02-17T14:00:00;8893;LH;верх;4944,700;4865,095;85,500;7;1
5/5;889;2026-02-17T16:00:00;8895;LL;низ;4842,600;4880,515;102,100;2;2
5/5;890;2026-02-18T18:00:00;8920;HH;верх;5010,915;4977,260;168,315;25;1
5/5;891;2026-02-19T02:00:00;8927;HL;низ;4960,645;4997,280;50,270;7;1
5/5;892;2026-02-19T10:00:00;8935;HH;верх;5022,170;4997,170;61,525;8;1
5/5;893;2026-02-19T16:00:00;8941;HL;низ;4963,445;4987,880;58,725;6;1
5/5;894;2026-02-19T17:00:00;8942;HH;верх;5022,385;5001,840;58,940;1;1
5/5;895;2026-02-20T05:00:00;8953;HL;низ;4981,670;5028,995;40,715;11;2
5/5;896;2026-02-23T04:00:00;8975;HH;верх;5176,950;5136,835;195,280;22;1
5/5;897;2026-02-23T10:00:00;8981;HL;низ;5122,220;5146,375;54,730;6;1
5/5;898;2026-02-24T01:00:00;8995;HH;верх;5250,005;5168,300;127,785;14;1
5/5;899;2026-02-24T16:00:00;9010;LL;низ;5093,225;5153,995;156,780;15;3
5/5;900;2026-02-25T07:00:00;9024;LH;верх;5210,680;5175,275;117,455;14;1
5/5;901;2026-02-25T13:00:00;9030;HL;низ;5155,095;5212,245;55,585;6;1
5/5;902;2026-02-25T19:00:00;9036;HH;верх;5217,780;5163,270;62,685;6;1
5/5;903;2026-02-25T22:00:00;9039;LL;низ;5144,905;5184,425;72,875;3;1
5/5;904;2026-02-26T07:00:00;9047;LH;верх;5205,640;5171,535;60,735;8;1
5/5;905;2026-02-26T17:00:00;9057;LL;низ;5130,235;5196,620;75,405;10;1
5/5;906;2026-02-26T22:00:00;9062;LH;верх;5201,005;5183,770;70,770;5;1
5/5;907;2026-02-27T03:00:00;9066;HL;низ;5166,995;5185,770;34,010;4;1
5/5;908;2026-02-27T07:00:00;9070;LH;верх;5200,640;5177,725;33,645;4;1
5/5;909;2026-02-27T12:00:00;9075;HL;низ;5168,685;5239,475;31,955;5;1
5/5;910;2026-03-02T09:00:00;9095;HH;верх;5419,660;5397,150;250,975;20;3
5/5;911;2026-03-02T18:00:00;9104;HL;низ;5260,285;5321,935;159,375;9;1
5/5;912;2026-03-03T03:00:00;9112;LH;верх;5379,975;5310,690;119,690;8;1
5/5;913;2026-03-03T17:00:00;9126;LL;низ;4996,275;5097,520;383,700;14;1
5/5;914;2026-03-04T04:00:00;9136;LH;верх;5191,065;5168,370;194,790;10;1
5/5;915;2026-03-04T08:00:00;9140;HL;низ;5117,720;5192,205;73,345;4;1
5/5;916;2026-03-04T14:00:00;9146;HH;верх;5206,265;5141,285;88,545;6;1
5/5;917;2026-03-04T20:00:00;9152;LL;низ;5108,640;5172,695;97,625;6;1
5/5;918;2026-03-05T05:00:00;9160;LH;верх;5195,220;5165,625;86,580;8;1
5/5;919;2026-03-05T20:00:00;9175;LL;низ;5050,905;5084,950;144,315;15;2
5/5;920;2026-03-06T03:00:00;9181;LH;верх;5144,050;5115,780;93,145;6;1
5/5;921;2026-03-06T13:00:00;9191;HL;низ;5063,215;5140,125;80,835;10;1
5/5;922;2026-03-06T23:00:00;9201;HH;верх;5176,630;5094,655;113,415;10;1
5/5;923;2026-03-09T03:00:00;9205;LL;низ;5015,045;5097,975;161,585;4;1
5/5;924;2026-03-09T07:00:00;9209;LH;верх;5140,790;5087,335;125,745;4;1
5/5;925;2026-03-09T16:00:00;9218;HL;низ;5060,595;5141,210;80,195;9;1
5/5;926;2026-03-10T04:00:00;9229;HH;верх;5187,055;5181,205;126,460;11;1
5/5;927;2026-03-10T12:00:00;9237;HL;низ;5156,500;5228,690;30,555;8;1
5/5;928;2026-03-10T17:00:00;9242;HH;верх;5238,775;5192,510;82,275;5;1
5/5;929;2026-03-10T20:00:00;9245;HL;низ;5160,650;5215,455;78,125;3;1
5/5;930;2026-03-11T03:00:00;9251;LH;верх;5223,385;5197,660;62,735;6;1
5/5;931;2026-03-12T02:00:00;9273;LL;низ;5125,640;5154,675;97,745;22;2
5/5;932;2026-03-12T12:00:00;9283;LH;верх;5191,790;5132,485;66,150;10;1
5/5;933;2026-03-12T22:00:00;9293;LL;низ;5055,125;5112,245;136,665;10;1
5/5;934;2026-03-13T04:00:00;9298;LH;верх;5128,475;5085,470;73,350;5;1
5/5;935;2026-03-13T10:00:00;9304;HL;низ;5061,720;5102,240;66,755;6;1
5/5;936;2026-03-13T14:00:00;9308;LH;верх;5122,010;5046,465;60,290;4;1
5/5;937;2026-03-16T01:00:00;9318;LL;низ;4967,775;5013,050;154,235;10;1
5/5;938;2026-03-16T08:00:00;9325;LH;верх;5036,010;4997,310;68,235;7;1
5/5;939;2026-03-16T12:00:00;9329;HL;низ;4970,230;4987,095;65,780;4;1
5/5;940;2026-03-16T16:00:00;9333;HH;верх;5038,145;5013,085;67,915;4;1
5/5;941;2026-03-16T18:00:00;9335;HL;низ;4974,235;5002,525;63,910;2;2
5/5;942;2026-03-17T07:00:00;9347;HH;верх;5044,900;5000,415;70,665;12;2
5/5;943;2026-03-17T17:00:00;9357;LL;низ;4973,720;5005,725;71,180;10;1
5/5;944;2026-03-18T08:00:00;9371;LH;верх;5016,530;4930,250;42,810;14;1
5/5;945;2026-03-18T15:00:00;9378;LL;низ;4834,380;4853,170;182,150;7;1
5/5;946;2026-03-18T20:00:00;9383;LH;верх;4899,460;4841,380;65,080;5;1
5/5;947;2026-03-19T00:00:00;9386;LL;низ;4804,225;4851,000;95,235;3;1
5/5;948;2026-03-19T03:00:00;9389;LH;верх;4867,225;4763,695;63,000;3;1
5/5;949;2026-03-19T15:00:00;9401;LL;низ;4502,365;4623,100;364,860;12;1
5/5;950;2026-03-20T05:00:00;9414;LH;верх;4736,175;4693,850;233,810;13;1
5/5;951;2026-03-23T09:00:00;9441;LL;низ;4099,125;4478,505;637,050;27;1
5/5;952;2026-03-23T16:00:00;9448;LH;верх;4513,165;4397,990;414,040;7;1
5/5;953;2026-03-24T04:00:00;9459;HL;низ;4305,880;4417,305;207,285;11;1
5/5;954;2026-03-24T13:00:00;9468;LH;верх;4442,245;4421,485;136,365;9;1
5/5;955;2026-03-24T15:00:00;9470;HL;низ;4351,090;4389,735;91,155;2;1
5/5;956;2026-03-25T04:00:00;9482;HH;верх;4602,645;4539,675;251,555;12;2
5/5;957;2026-03-25T21:00:00;9499;HL;низ;4486,590;4535,895;116,055;17;2
5/5;958;2026-03-26T03:00:00;9504;LH;верх;4544,815;4456,805;58,225;5;1
5/5;959;2026-03-26T10:00:00;9511;LL;низ;4412,440;4452,840;132,375;7;1
5/5;960;2026-03-26T16:00:00;9517;LH;верх;4479,895;4364,065;67,455;6;1
5/5;961;2026-03-26T22:00:00;9523;LL;низ;4351,355;4432,220;128,540;6;1
5/5;962;2026-03-27T07:00:00;9531;LH;верх;4475,300;4414,915;123,945;8;1
5/5;963;2026-03-27T13:00:00;9537;HL;низ;4404,580;4507,355;70,720;6;1
5/5;964;2026-03-27T17:00:00;9541;HH;верх;4555,630;4493,685;151,050;4;1
5/5;965;2026-03-30T03:00:00;9549;HL;низ;4417,430;4522,530;138,200;8;1
5/5;966;2026-03-30T14:00:00;9560;HH;верх;4580,730;4539,985;163,300;11;1
5/5;967;2026-03-31T03:00:00;9572;HL;низ;4482,660;4568,890;98,070;12;1
5/5;968;2026-03-31T04:00:00;9573;HH;верх;4619,255;4557,565;136,595;1;1
5/5;969;2026-03-31T13:00:00;9582;HL;низ;4529,545;4609,565;89,710;9;2
5/5;970;2026-04-02T02:00:00;9617;HH;верх;4800,800;4672,650;271,255;35;1
5/5;971;2026-04-02T09:00:00;9624;HL;низ;4553,850;4600,215;246,950;7;2
5/5;972;2026-04-02T17:00:00;9632;LH;верх;4699,890;4672,235;146,040;8;1
5/5;973;2026-04-06T03:00:00;9641;HL;низ;4600,850;4652,565;99,040;9;1
5/5;974;2026-04-06T12:00:00;9650;HH;верх;4706,875;4682,840;106,025;9;1
5/5;975;2026-04-07T04:00:00;9665;HL;низ;4616,530;4653,585;90,345;15;1
5/5;976;2026-04-07T12:00:00;9673;LH;верх;4694,905;4633,275;78,375;8;1
5/5;977;2026-04-07T17:00:00;9678;LL;низ;4607,630;4701,050;87,275;5;1
5/5;978;2026-04-08T03:00:00;9687;HH;верх;4858,215;4827,610;250,585;9;1
5/5;979;2026-04-09T03:00:00;9710;HL;низ;4698,725;4713,270;159,490;23;1
5/5;980;2026-04-09T20:00:00;9727;LH;верх;4801,390;4763,870;102,665;17;2
5/5;981;2026-04-10T11:00:00;9741;HL;низ;4730,740;4775,140;70,650;14;2
5/5;982;2026-04-10T17:00:00;9747;LH;верх;4794,980;4759,895;64,240;6;1
5/5;983;2026-04-13T02:00:00;9755;LL;низ;4644,465;4723,160;150,515;8;1
5/5;984;2026-04-13T10:00:00;9763;LH;верх;4740,030;4723,480;95,565;8;1
5/5;985;2026-04-13T18:00:00;9771;HL;низ;4700,565;4740,340;39,465;8;1
5/5;986;2026-04-14T10:00:00;9786;HH;верх;4796,630;4771,480;96,065;15;1
5/5;987;2026-04-14T13:00:00;9789;HL;низ;4751,220;4808,410;45,410;3;1
5/5;988;2026-04-15T04:00:00;9803;HH;верх;4871,380;4811,625;120,160;14;1
5/5;989;2026-04-15T12:00:00;9811;HL;низ;4786,080;4815,525;85,300;8;1
5/5;990;2026-04-15T17:00:00;9816;LH;верх;4830,615;4796,045;44,535;5;1
5/5;991;2026-04-15T18:00:00;9817;HL;низ;4787,145;4790,940;43,470;1;1
5/5;992;2026-04-16T08:00:00;9830;HH;верх;4838,560;4817,490;51,415;13;2
5/5;993;2026-04-17T04:00:00;9849;LL;низ;4767,845;4785,075;70,715;19;2
5/5;994;2026-04-17T08:00:00;9853;LH;верх;4806,200;4787,490;38,355;4;1
5/5;995;2026-04-17T10:00:00;9855;HL;низ;4778,810;4846,520;27,390;2;1
5/5;996;2026-04-17T16:00:00;9861;HH;верх;4891,540;4858,110;112,730;6;1
5/5;997;2026-04-20T02:00:00;9870;LL;низ;4736,830;4789,035;154,710;9;1
5/5;998;2026-04-21T01:00:00;9892;LH;верх;4833,405;4797,450;96,575;22;3
5/5;999;2026-04-21T22:00:00;9913;LL;низ;4668,620;4752,270;164,785;21;1
5/5;1000;2026-04-22T10:00:00;9924;LH;верх;4772,385;4744,540;103,765;11;1
5/5;1001;2026-04-22T19:00:00;9933;HL;низ;4723,995;4726,070;48,390;9;1
5/5;1002;2026-04-23T03:00:00;9940;LH;верх;4754,200;4713,625;30,205;7;1
5/5;1003;2026-04-23T13:00:00;9950;LL;низ;4684,265;4720,650;69,935;10;1
5/5;1004;2026-04-23T15:00:00;9952;LH;верх;4743,200;4709,665;58,935;2;1
5/5;1005;2026-04-23T20:00:00;9957;LL;низ;4664,380;4695,445;78,820;5;1
5/5;1006;2026-04-24T04:00:00;9964;LH;верх;4711,230;4671,975;46,850;7;1
5/5;1007;2026-04-24T07:00:00;9967;LL;низ;4658,030;4682,330;53,200;3;1
5/5;1008;2026-04-24T17:00:00;9977;HH;верх;4740,570;4716,395;82,540;10;1
5/5;1009;2026-04-27T03:00:00;9986;HL;низ;4672,405;4710,325;68,165;9;1
5/5;1010;2026-04-27T07:00:00;9990;LH;верх;4729,965;4703,770;57,560;4;1
5/5;1011;2026-04-27T18:00:00;10001;LL;низ;4667,335;4681,955;62,630;11;1
5/5;1012;2026-04-28T03:00:00;10009;LH;верх;4701,640;4632,390;34,305;8;1
5/5;1013;2026-04-28T15:00:00;10021;LL;низ;4555,135;4594,945;146,505;12;1
5/5;1014;2026-04-29T03:00:00;10032;LH;верх;4610,535;4591,150;55,400;11;2
5/5;1015;2026-04-29T16:00:00;10045;LL;низ;4510,095;4538,240;100,440;13;3
5/5;1016;2026-04-30T13:00:00;10065;HH;верх;4647,045;4615,300;136,950;20;1
5/5;1017;2026-04-30T19:00:00;10071;HL;низ;4605,480;4630,265;41,565;6;1
5/5;1018;2026-05-01T05:00:00;10080;LH;верх;4635,940;4578,250;30,460;9;1
5/5;1019;2026-05-01T12:00:00;10087;LL;низ;4560,320;4632,310;75,620;7;1
5/5;1020;2026-05-01T17:00:00;10092;HH;верх;4660,585;4610,920;100,265;5;1
5/5;1021;2026-05-04T19:00:00;10117;LL;низ;4501,035;4517,395;159,550;25;1
5/5;1022;2026-05-05T17:00:00;10138;LH;верх;4586,605;4555,260;85,570;21;1
5/5;1023;2026-05-06T01:00:00;10145;HL;низ;4546,360;4643,650;40,245;7;1
5/5;1024;2026-05-07T18:00:00;10185;HH;верх;4764,905;4687,180;218,545;40;2
5/5;1025;2026-05-08T01:00:00;10191;HL;низ;4682,045;4719,735;82,860;6;1
5/5;1026;2026-05-08T09:00:00;10199;LH;верх;4734,895;4717,900;52,850;8;1
5/5;1027;2026-05-08T10:00:00;10200;HL;низ;4697,045;4724,485;37,850;1;1
5/5;1028;2026-05-08T17:00:00;10207;HH;верх;4749,580;4724,090;52,535;7;1
5/5;1029;2026-05-11T08:00:00;10221;LL;низ;4648,090;4664,140;101,490;14;2
5/5;1030;2026-05-12T03:00:00;10239;HH;верх;4773,575;4714,595;125,485;18;3
5/5;1031;2026-05-12T18:00:00;10254;LL;низ;4638,365;4715,495;135,210;15;1
5/5;1032;2026-05-13T03:00:00;10262;LH;верх;4727,030;4704,320;88,665;8;1
5/5;1033;2026-05-13T16:00:00;10275;HL;низ;4669,525;4685,110;57,505;13;2
5/5;1034;2026-05-13T19:00:00;10278;LH;верх;4709,900;4700,035;40,375;3;1
5/5;1035;2026-05-14T07:00:00;10289;LL;низ;4668,710;4699,730;41,190;11;1
5/5;1036;2026-05-14T10:00:00;10292;HH;верх;4718,880;4704,950;50,170;3;1
5/5;1037;2026-05-18T03:00:00;10331;LL;низ;4480,410;4531,245;238,470;39;4
5/5;1038;2026-05-19T03:00:00;10354;LH;верх;4589,580;4540,915;109,170;23;2
5/5;1039;2026-05-19T16:00:00;10367;LL;низ;4464,780;4493,650;124,800;13;1
5/5;1040;2026-05-20T03:00:00;10377;LH;верх;4508,850;4472,855;44,070;10;1
5/5;1041;2026-05-20T06:00:00;10380;LL;низ;4453,390;4484,065;55,460;3;2
5/5;1042;2026-05-21T04:00:00;10401;HH;верх;4570,895;4521,525;117,505;21;3
5/5;1043;2026-05-21T16:00:00;10413;HL;низ;4488,630;4532,035;82,265;12;1
5/5;1044;2026-05-21T20:00:00;10417;LH;верх;4559,365;4535,425;70,735;4;1
5/5;1045;2026-05-22T08:00:00;10428;HL;низ;4507,430;4514,705;51,935;11;1
5/5;1046;2026-05-22T13:00:00;10433;LH;верх;4536,820;4519,975;29,390;5;1
5/5;1047;2026-05-22T17:00:00;10437;LL;низ;4491,930;4508,450;44,890;4;1
5/5;1048;2026-05-25T02:00:00;10445;HH;верх;4580,210;4564,880;88,280;8;1
5/5;1049;2026-05-25T09:00:00;10452;HL;низ;4550,550;4569,460;29,660;7;1
5/5;1050;2026-05-26T02:00:00;10466;HH;верх;4580,245;4525,650;29,695;14;3
5/5;1051;2026-05-26T21:00:00;10485;LL;низ;4482,620;4515,060;97,625;19;1
5/5;1052;2026-05-27T02:00:00;10489;LH;верх;4528,050;4510,280;45,430;4;1
5/5;1053;2026-05-27T16:00:00;10503;LL;низ;4401,630;4454,435;126,420;14;1
5/5;1054;2026-05-28T01:00:00;10511;LH;верх;4462,580;4374,890;60,950;8;1
5/5;1055;2026-05-28T07:00:00;10517;LL;низ;4366,230;4393,605;96,350;6;1
5/5;1056;2026-05-28T21:00:00;10531;HH;верх;4516,630;4496,220;150,400;14;1
5/5;1057;2026-05-29T02:00:00;10535;HL;низ;4488,975;4514,105;27,655;4;1
5/5;1058;2026-05-29T18:00:00;10551;HH;верх;4595,330;4540,530;106,355;16;1
5/5;1059;2026-06-01T17:00:00;10573;LL;низ;4447,860;4481,265;147,470;22;2
5/5;1060;2026-06-02T10:00:00;10589;LH;верх;4541,630;4514,790;93,770;16;1
5/5;1061;2026-06-03T02:00:00;10604;HL;низ;4462,290;4469,485;79,340;15;1
5/5;1062;2026-06-03T03:00:00;10605;LH;верх;4496,885;4457,165;34,595;1;1
5/5;1063;2026-06-04T01:00:00;10626;LL;низ;4423,965;4463,865;72,920;21;2
5/5;1064;2026-06-04T16:00:00;10641;HH;верх;4515,515;4478,280;91,550;15;2
5/5;1065;2026-06-05T09:00:00;10657;HL;низ;4428,720;4470,220;86,795;16;2
5/5;1066;2026-06-05T15:00:00;10663;LH;верх;4475,885;4341,965;47,165;6;2
5/5;1067;2026-06-08T08:00:00;10679;LL;низ;4268,480;4302,190;207,405;16;1
5/5;1068;2026-06-08T16:00:00;10687;LH;верх;4346,880;4334,790;78,400;8;1
5/5;1069;2026-06-09T02:00:00;10696;HL;низ;4312,960;4332,585;33,920;9;1
5/5;1070;2026-06-09T08:00:00;10702;HH;верх;4351,560;4339,275;38,600;6;1
5/5;1071;2026-06-09T11:00:00;10705;HL;низ;4321,320;4329,075;30,240;3;1
5/5;1072;2026-06-09T16:00:00;10710;HH;верх;4363,720;4270,105;42,400;5;2
5/5;1073;2026-06-11T02:00:00;10742;LL;низ;4023,870;4082,930;339,850;32;1
5/5;1074;2026-06-11T04:00:00;10744;LH;верх;4118,395;4094,485;94,525;2;2
5/5;1075;2026-06-11T17:00:00;10757;HL;низ;4052,975;4208,910;65,420;13;1
5/5;1076;2026-06-12T01:00:00;10764;HH;верх;4246,715;4197,170;193,740;7;1
5/5;1077;2026-06-12T10:00:00;10773;HL;низ;4170,290;4191,760;76,425;9;1
5/5;1078;2026-06-12T12:00:00;10775;LH;верх;4228,070;4204,070;57,780;2;1
5/5;1079;2026-06-12T17:00:00;10780;HL;низ;4177,250;4210,800;50,820;5;1
5/5;1080;2026-06-15T17:00:00;10803;HH;верх;4369,665;4320,710;192,415;23;3
5/5;1081;2026-06-16T01:00:00;10810;HL;низ;4306,110;4330,475;63,555;7;1
5/5;1082;2026-06-16T15:00:00;10824;LH;верх;4354,950;4340,215;48,840;14;1
5/5;1083;2026-06-16T17:00:00;10826;HL;низ;4313,320;4334,105;41,630;2;1
5/5;1084;2026-06-17T04:00:00;10836;LH;верх;4349,605;4331,820;36,285;10;1
5/5;1085;2026-06-17T11:00:00;10843;HL;низ;4317,190;4339,705;32,415;7;1
5/5;1086;2026-06-17T20:00:00;10852;HH;верх;4382,615;4278,080;65,425;9;1
5/5;1087;2026-06-17T22:00:00;10854;LL;низ;4219,165;4318,045;163,450;2;1
5/5;1088;2026-06-18T05:00:00;10860;LH;верх;4329,865;4288,645;110,700;6;1
5/5;1089;2026-06-19T08:00:00;10886;LL;низ;4121,955;4149,835;207,910;26;1
5/5;1090;2026-06-19T16:00:00;10894;LH;верх;4183,125;4140,385;61,170;8;1
5/5;1091;2026-06-22T02:00:00;10899;HL;низ;4136,695;4181,945;46,430;5;1
5/5;1092;2026-06-22T04:00:00;10901;HH;верх;4221,370;4197,590;84,675;2;2
5/5;1093;2026-06-22T18:00:00;10915;HL;низ;4169,820;4191,690;51,550;14;1
5/5;1094;2026-06-23T04:00:00;10924;LH;верх;4198,605;4114,490;28,785;9;1
5/5;1095;2026-06-23T11:00:00;10931;LL;низ;4091,030;4135,390;107,575;7;1
5/5;1096;2026-06-23T17:00:00;10937;LH;верх;4145,215;4111,795;54,185;6;1
5/5;1097;2026-06-24T21:00:00;10964;LL;низ;3959,080;3991,775;186,135;27;2
5/5;1098;2026-06-25T02:00:00;10968;LH;верх;4018,825;3996,225;59,745;4;1
5/5;1099;2026-06-25T05:00:00;10971;HL;низ;3962,475;3987,835;56,350;3;1
5/5;1100;2026-06-25T21:00:00;10987;HH;верх;4044,140;4020,495;81,665;16;1
5/5;1101;2026-06-26T05:00:00;10994;HL;низ;3982,950;4030,565;61,190;7;1
5/5;1102;2026-06-26T18:00:00;11007;HH;верх;4095,985;4088,385;113,035;13;1
5/5;1103;2026-06-30T04:00:00;11039;LL;низ;3942,100;4029,625;153,885;32;2
5/5;1104;2026-06-30T11:00:00;11046;LH;верх;4037,665;4029,375;95,565;7;1
5/5;1105;2026-06-30T15:00:00;11050;HL;низ;4008,740;4030,885;28,925;4;1
5/5;1106;2026-06-30T17:00:00;11052;HH;верх;4063,480;4015,970;54,740;2;1
5/5;1107;2026-07-01T10:00:00;11068;LL;низ;3960,275;4022,905;103,205;16;1
5/5;1108;2026-07-01T17:00:00;11075;HH;верх;4115,810;4038,880;155,535;7;1
5/5;1109;2026-07-01T23:00:00;11081;HL;низ;4028,265;4057,085;87,545;6;2
5/5;1110;2026-07-03T04:00:00;11108;HH;верх;4195,510;4173,110;167,245;27;3
5/5;1111;2026-07-03T17:00:00;11121;HL;низ;4155,410;4179,715;40,100;13;1
5/5;1112;2026-07-06T04:00:00;11127;HH;верх;4202,705;4150,475;47,295;6;1
5/5;1113;2026-07-06T17:00:00;11140;LL;низ;4128,510;4163,810;74,195;13;1
5/5;1114;2026-07-07T01:00:00;11147;LH;верх;4168,650;4131,300;40,140;7;1
5/5;1115;2026-07-07T08:00:00;11154;LL;низ;4116,700;4135,830;51,950;7;1
5/5;1116;2026-07-07T16:00:00;11162;HH;верх;4180,520;4127,105;63,820;8;1
5/5;1117;2026-07-07T22:00:00;11168;LL;низ;4092,295;4111,230;88,225;6;1
5/5;1118;2026-07-08T08:00:00;11177;LH;верх;4133,990;4053,165;41,695;9;1
5/5;1119;2026-07-08T18:00:00;11187;LL;низ;4021,815;4077,120;112,175;10;1
5/5;1120;2026-07-08T21:00:00;11190;LH;верх;4091,670;4073,970;69,855;3;1
5/5;1121;2026-07-09T06:00:00;11198;HL;низ;4054,400;4108,340;37,270;8;1
5/5;1122;2026-07-09T20:00:00;11212;HH;верх;4138,060;4123,535;83,660;14;3
5/5;1123;2026-07-10T17:00:00;11232;HL;низ;4072,800;4108,465;65,260;20;1
5/5;1124;2026-07-10T23:00:00;11238;LH;верх;4121,375;4068,735;48,575;6;1
5/5;1125;2026-07-13T09:00:00;11247;LL;низ;4044,060;4056,525;77,315;9;1
5/5;1126;2026-07-13T11:00:00;11249;LH;верх;4080,845;4043,425;36,785;2;1
5/5;1127;2026-07-14T03:00:00;11264;LL;низ;3983,545;4031,420;97,300;15;2
5/5;1128;2026-07-14T15:00:00;11276;HH;верх;4104,050;4062,885;120,505;12;2
5/5;1129;2026-07-14T21:00:00;11282;HL;низ;4042,885;4059,295;61,165;6;1
5/5;1130;2026-07-15T04:00:00;11288;LH;верх;4062,125;4032,100;19,240;6;1
5/5;1131;2026-07-15T11:00:00;11295;LL;низ;4017,475;4061,690;44,650;7;2
5/5;1132;2026-07-15T21:00:00;11305;HH;верх;4081,520;4044,605;64,045;10;2
5/5;1133;2026-07-16T22:00:00;11329;LL;низ;3969,345;3983,440;112,175;24;3
5/5;1134;2026-07-17T06:00:00;11336;LH;верх;4008,795;3994,265;39,450;7;1
5/5;1135;2026-07-17T16:00:00;11346;LL;низ;3959,800;4011,385;48,995;10;1
5/5;1136;2026-07-17T19:00:00;11349;HH;верх;4023,835;3994,725;64,035;3;1
5/5;1137;2026-07-20T03:00:00;11356;HL;низ;3982,630;4008,720;41,205;7;1
5/5;1138;2026-07-20T14:00:00;11367;HH;верх;4040,815;4009,775;58,185;11;2
5/5;1139;2026-07-20T17:00:00;11370;HL;низ;3998,330;4006,995;42,485;3;2
5/5;1140;2026-07-21T09:00:00;11385;HH;верх;4084,305;4056,175;85,975;15;1
5/5;1141;2026-07-21T16:00:00;11392;HL;низ;4044,725;4082,230;39,580;7;1
5/5;1142;2026-07-22T06:00:00;11405;HH;верх;4141,715;4118,280;96,990;13;1
5/5;1143;2026-07-22T15:00:00;11414;HL;низ;4106,720;4142,470;34,995;9;1
5/5;1144;2026-07-22T18:00:00;11417;HH;верх;4166,130;4129,760;59,410;3;2
5/5;1145;2026-07-24T08:00:00;11453;LL;низ;4022,060;4060,205;144,070;36;3
5/5;1146;2026-07-24T18:00:00;11463;LH;верх;4082,160;4052,845;60,100;10;1
5/5;1147;2026-07-24T22:00:00;11467;HL;низ;4049,380;4110,255;32,780;4;1
5/5;1148;2026-07-27T03:00:00;11471;HH;верх;4116,185;4093,365;66,805;4;1
5/5;1149;2026-07-27T17:00:00;11485;HL;низ;4065,415;4083,500;50,770;14;2
5/5;1150;2026-07-28T11:00:00;11502;LH;верх;4055,210;4022,110;10,205;17;1
5/5;1151;2026-07-28T17:00:00;11508;LL;низ;4011,765;4026,465;43,445;6;1
5/5;1152;2026-07-28T18:00:00;11509;LH;верх;4047,195;4028,670;35,430;1;1
5/5;1153;2026-07-29T04:00:00;11518;LL;низ;4010,410;4041,250;36,785;9;1
5/5;1154;2026-07-29T10:00:00;11524;HH;верх;4047,880;4022,650;37,470;6;1
5/5;1155;2026-07-29T17:00:00;11531;LL;низ;3996,055;4044,740;51,825;7;1
5/5;1156;2026-07-29T22:00:00;11536;HH;верх;4116,415;4084,590;120,360;5;1
5/5;1157;2026-07-30T08:00:00;11545;HL;низ;4028,690;4078,155;87,725;9;1
5/5;1158;2026-07-30T17:00:00;11554;HH;верх;4120,495;4112,065;91,805;9;1
5/5;1159;2026-07-31T17:00:00;11577;LL;низ;4020,975;4050,935;99,520;23;1
5/5;1160;2026-08-03T03:00:00;11586;LH;верх;4079,185;4069,035;58,210;9;2
5/5;1161;2026-08-03T16:00:00;11599;LL;низ;4019,240;4043,535;59,945;13;1
5/5;1162;2026-08-04T03:00:00;11609;LH;верх;4069,465;4061,975;50,225;10;1
5/5;1163;2026-08-04T04:00:00;11610;HL;низ;4042,720;4063,515;26,745;1;2
5/5;1164;2026-08-04T20:00:00;11626;HH;верх;4106,475;4072,605;63,755;16;1
5/5;1165;2026-08-05T02:00:00;11631;HL;низ;4065,330;4135,595;41,145;5;1
5/5;1166;2026-08-06T05:00:00;11657;HH;верх;4304,310;4262,790;238,980;26;1
5/5;1167;2026-08-06T08:00:00;11660;HL;низ;4247,240;4270,915;57,070;3;1
5/5;1168;2026-08-06T12:00:00;11664;LH;верх;4284,885;4273,055;37,645;4;1
5/5;1169;2026-08-06T19:00:00;11671;LL;низ;4223,505;4240,830;61,380;7;2
5/5;1170;2026-08-07T15:00:00;11690;HH;верх;4371,840;4340,275;148,335;19;1
5/5;1171;2026-08-10T04:00:00;11702;HL;низ;4313,430;4358,310;58,410;12;1
5/5;1172;2026-08-10T10:00:00;11708;LH;верх;4362,060;4332,625;48,630;6;1
5/5;1173;2026-08-10T16:00:00;11714;HL;низ;4316,675;4378,490;45,385;6;1
5/5;1174;2026-08-11T05:00:00;11726;HH;верх;4435,245;4357,655;118,570;12;1
5/5;1175;2026-08-11T10:00:00;11731;HL;низ;4356,700;4392,530;78,545;5;1
5/5;1176;2026-08-11T16:00:00;11737;LH;верх;4404,290;4371,590;47,590;6;1
5/5;1177;2026-08-11T21:00:00;11742;HL;низ;4360,295;4380,500;43,995;5;1
5/5;1178;2026-08-12T06:00:00;11750;HH;верх;4416,250;4401,895;55,955;8;1
5/5;1179;2026-08-12T15:00:00;11759;HL;низ;4382,485;4399,620;33,765;9;1
5/5;1180;2026-08-12T16:00:00;11760;HH;верх;4441,315;4413,165;58,830;1;1
5/5;1181;2026-08-12T21:00:00;11765;HL;низ;4396,575;4427,760;44,740;5;1
5/5;1182;2026-08-13T03:00:00;11770;HH;верх;4449,830;4383,060;53,255;5;1
5/5;1183;2026-08-13T11:00:00;11778;LL;низ;4364,170;4373,045;85,660;8;1
5/5;1184;2026-08-13T16:00:00;11783;LH;верх;4402,215;4357,045;38,045;5;1
5/5;1185;2026-08-14T08:00:00;11798;LL;низ;4311,040;4349,425;91,175;15;1
5/5;1186;2026-08-14T16:00:00;11806;LH;верх;4397,060;4373,600;86,020;8;1
5/5;1187;2026-08-17T02:00:00;11815;HL;низ;4367,290;4390,860;29,770;9;1
5/5;1188;2026-08-17T04:00:00;11817;HH;верх;4416,550;4403,170;49,260;2;2
5/5;1189;2026-08-17T15:00:00;11828;HL;низ;4377,355;4413,765;39,195;11;1
5/5;1190;2026-08-18T04:00:00;11840;HH;верх;4436,230;4398,930;58,875;12;2
5/5;1191;2026-08-18T08:00:00;11844;HL;низ;4386,185;4397,630;50,045;4;1
5/5;1192;2026-08-18T16:00:00;11852;LH;верх;4406,900;4354,430;20,715;8;1
5/5;1193;2026-08-19T04:00:00;11863;LL;низ;4324,680;4349,150;82,220;11;1
5/5;1194;2026-08-19T23:00:00;11882;HH;верх;4524,340;4490,825;199,660;19;1
5/5;1195;2026-08-20T15:00:00;11897;HL;низ;4450,745;4520,025;73,595;15;2
5/5;1196;2026-08-20T18:00:00;11900;HH;верх;4541,045;4518,955;90,300;3;1
5/5;1197;2026-08-21T04:00:00;11909;HL;низ;4508,995;4560,955;32,050;9;1
5/5;1198;2026-08-21T20:00:00;11925;HH;верх;4632,145;4624,085;123,150;16;1
5/5;1199;2026-08-24T03:00:00;11931;HL;низ;4594,515;4640,940;37,630;6;2
5/5;1200;2026-08-24T16:00:00;11944;HH;верх;4681,020;4636,555;86,505;13;1
5/5;1201;2026-08-24T21:00:00;11949;HL;низ;4625,225;4684,645;55,795;5;1
5/5;1202;2026-08-25T03:00:00;11954;HH;верх;4697,105;4643,075;71,880;5;1
5/5;1203;2026-08-25T16:00:00;11967;LL;низ;4605,290;4654,595;91,815;13;2
5/5;1204;2026-08-26T01:00:00;11975;LH;верх;4673,765;4642,885;68,475;8;2
5/5;1205;2026-08-26T18:00:00;11992;LL;низ;4583,065;4594,725;90,700;17;1
5/5;1206;2026-08-27T05:00:00;12002;LH;верх;4643,210;4600,390;60,145;10;1
5/5;1207;2026-08-27T16:00:00;12013;LL;низ;4564,270;4610,345;78,940;11;1
5/5;1208;2026-08-27T22:00:00;12019;LH;верх;4618,020;4575,985;53,750;6;1
5/5;1209;2026-08-28T08:00:00;12028;HL;низ;4571,660;4600,295;46,360;9;1
5/5;1210;2026-08-28T17:00:00;12037;HH;верх;4631,980;4458,545;60,320;9;2
5/5;1211;2026-08-31T05:00:00;12048;LL;низ;4396,525;4443,250;235,455;11;1
5/5;1212;2026-08-31T14:00:00;12057;LH;верх;4464,230;4433,365;67,705;9;1
5/5;1213;2026-08-31T16:00:00;12059;HL;низ;4415,750;4431,065;48,480;2;1
5/5;1214;2026-09-01T03:00:00;12069;LH;верх;4461,700;4440,280;45,950;10;1
5/5;1215;2026-09-02T06:00:00;12095;LL;низ;4282,625;4313,070;179,075;26;3
5/5;1216;2026-09-03T18:00:00;12130;HH;верх;4510,930;4472,965;228,305;35;3
5/5;1217;2026-09-04T09:00:00;12144;HL;низ;4460,155;4467,145;50,775;14;1
5/5;1218;2026-09-04T10:00:00;12145;LH;верх;4490,895;4393,770;30,740;1;1
5/5;1219;2026-09-04T16:00:00;12151;LL;низ;4365,570;4424,035;125,325;6;1
5/5;1220;2026-09-07T11:00:00;12169;LH;верх;4423,885;4402,430;58,315;18;1
5/5;1221;2026-09-07T14:00:00;12172;HL;низ;4381,240;4414,575;42,645;3;1
