тф,счёт,точка,сторона,контекст5/5,сделок,сыройR,надбавка,шум2s,база,половина1,половина2,вердикт
1H,вниз,1,SHORT,против/нет,170,0.0933,0.1717,0.3955,-0.0784,-0.1886,0.4696,нейтрально
1H,вверх,0,SHORT,против/нет,191,0.0700,0.1484,0.3329,-0.0784,0.2072,0.0890,нейтрально
1H,вверх,0,SHORT,согласен,71,0.3403,0.4187,0.6140,-0.0784,0.9602,-0.2408,нейтрально
1H,вверх,1,SHORT,согласен,63,-0.3570,-0.2786,0.4318,-0.0784,-0.7769,0.3448,нейтрально
1H,вверх,2,SHORT,согласен,30,-0.4894,-0.4110,0.5778,-0.0784,-0.5738,-0.2483,нейтрально
1H,вниз,0,SHORT,согласен,32,0.2520,0.3304,0.7884,-0.0784,0.4972,0.0139,нейтрально
1H,вниз,1,SHORT,согласен,76,-0.3257,-0.2473,0.3825,-0.0784,-0.3250,-0.0863,нейтрально
1H,вверх,3,LONG,согласен,20,-0.0666,-0.1692,0.8594,0.1026,-1.1567,0.2736,мало данных
1H,вверх,3,SHORT,против/нет,98,-0.4378,-0.3594,0.3844,-0.0784,-0.6730,-0.1616,нейтрально
1H,вверх,1,LONG,согласен,55,0.3315,0.2289,0.6407,0.1026,-0.1209,0.4040,нейтрально
1H,вниз,2,SHORT,против/нет,24,0.1466,0.2249,0.9416,-0.0784,0.2020,0.2440,мало данных
1H,вниз,1,LONG,против/нет,165,-0.0956,-0.1982,0.3555,0.1026,0.1426,-0.5010,нейтрально
1H,вверх,1,SHORT,против/нет,192,0.0409,0.1192,0.3855,-0.0784,0.5068,-0.2931,нейтрально
1H,вверх,4,SHORT,против/нет,99,-0.0452,0.0332,0.4687,-0.0784,0.1050,-0.0295,нейтрально
1H,вниз,0,LONG,согласен,50,0.2313,0.1287,0.6436,0.1026,-0.2716,0.4910,нейтрально
1H,вниз,2,LONG,согласен,19,-0.3837,-0.4863,0.8667,0.1026,-1.1567,-0.0840,мало данных
1H,вниз,3,SHORT,против/нет,22,-0.3404,-0.2621,0.7255,-0.0784,-0.2461,-0.2882,мало данных
1H,вверх,0,LONG,против/нет,75,-0.1796,-0.2822,0.4812,0.1026,-0.5679,0.0553,нейтрально
1H,вниз,0,SHORT,против/нет,97,-0.2345,-0.1561,0.4075,-0.0784,-0.2250,-0.0915,нейтрально
1H,вверх,2,SHORT,против/нет,195,-0.1806,-0.1023,0.3058,-0.0784,-0.3545,0.1005,нейтрально
1H,вверх,3,LONG,против/нет,13,0.6691,0.5664,1.4649,0.1026,0.0422,0.8182,мало данных
1H,вниз,0,LONG,против/нет,86,0.1465,0.0439,0.5090,0.1026,0.5788,-0.3375,нейтрально
1H,вниз,3,LONG,против/нет,80,0.1659,0.0633,0.5481,0.1026,0.0028,0.1105,нейтрально
1H,вниз,2,LONG,против/нет,114,0.3244,0.2218,0.5036,0.1026,0.2024,0.2322,нейтрально
1H,вниз,3,SHORT,согласен,37,0.4000,0.4784,0.9048,-0.0784,0.5992,0.3639,нейтрально
1H,вниз,5,LONG,против/нет,19,0.8794,0.7768,1.3582,0.1026,0.8194,0.6865,мало данных
1H,вниз,5,SHORT,согласен,13,-0.3944,-0.3160,1.2112,-0.0784,-0.0446,-0.9239,мало данных
1H,вверх,1,LONG,против/нет,104,0.1876,0.0850,0.5049,0.1026,-0.1379,0.3672,нейтрально
1H,вверх,0,LONG,согласен,49,0.1753,0.0727,0.6057,0.1026,0.4325,-0.0188,нейтрально
1H,вверх,5,SHORT,против/нет,40,-0.5385,-0.4601,0.5304,-0.0784,-0.3162,-0.6539,нейтрально
1H,вниз,2,SHORT,согласен,38,-0.3755,-0.2972,0.5381,-0.0784,0.1576,-0.6286,нейтрально
1H,вниз,1,LONG,согласен,47,-0.1472,-0.2498,0.7028,0.1026,-0.6322,-0.0376,нейтрально
1H,вниз,4,LONG,против/нет,54,0.3682,0.2656,0.6987,0.1026,0.5344,-0.0394,нейтрально
1H,вниз,4,SHORT,согласен,24,0.8301,0.9085,1.1137,-0.0784,1.4464,0.5236,мало данных
1H,вверх,4,LONG,согласен,17,1.3527,1.2501,1.2811,0.1026,4.3496,0.6171,мало данных
1H,вверх,3,SHORT,согласен,7,-0.3102,-0.2319,1.3795,-0.0784,-0.9193,0.2832,мало данных
1H,вверх,4,SHORT,согласен,3,0.3921,0.4704,2.7841,-0.0784,0.4727,0.0000,мало данных
1H,вверх,5,LONG,согласен,6,-1.0000,-1.1026,0.0000,0.1026,-1.1567,-1.0598,мало данных
1H,вверх,2,LONG,против/нет,17,-0.7141,-0.8167,0.5718,0.1026,-0.3466,-1.0598,мало данных
1H,вниз,5,SHORT,против/нет,3,-1.0000,-0.9216,0.0000,-0.0784,-0.9193,-0.9239,мало данных
1H,вниз,3,LONG,согласен,6,-1.0000,-1.1026,0.0000,0.1026,-1.1567,-1.0598,мало данных
1H,вверх,2,LONG,согласен,22,-0.3104,-0.4131,0.7715,0.1026,-1.1567,-0.2170,мало данных
1H,вверх,4,LONG,против/нет,5,-1.0000,-1.1026,0.0000,0.1026,-1.1567,-1.0598,мало данных
1H,вниз,4,SHORT,против/нет,7,-1.0000,-0.9216,0.0000,-0.0784,-0.9193,-0.9239,мало данных
1H,вверх,5,LONG,против/нет,2,-1.0000,-1.1026,0.0000,0.1026,-1.1567,-1.0598,мало данных
1H,вниз,4,LONG,согласен,1,-1.0000,-1.1026,0.0000,0.1026,0.0000,-1.0598,мало данных
5m,вверх,0,SHORT,согласен,41,-0.3581,-0.4607,0.4921,0.1026,-0.4600,-0.6475,нейтрально
5m,вверх,1,SHORT,согласен,37,-0.1146,-0.2172,0.6130,0.1026,0.0797,-0.9357,нейтрально
5m,вниз,2,LONG,против/нет,159,-0.2134,-0.1296,0.2918,-0.0838,0.0102,-0.3341,нейтрально
5m,вниз,3,LONG,против/нет,90,0.0151,0.0989,0.4708,-0.0838,-0.0076,0.2061,нейтрально
5m,вверх,0,LONG,против/нет,59,-0.6601,-0.5762,0.3325,-0.0838,-0.4116,-0.8293,НЕЛЬЗЯ
5m,вверх,1,LONG,против/нет,83,-0.1228,-0.0390,0.4009,-0.0838,-0.1228,0.1843,нейтрально
5m,вверх,2,SHORT,против/нет,143,0.1172,0.0146,0.3594,0.1026,0.0520,-0.0019,нейтрально
5m,вверх,3,LONG,против/нет,25,-0.0756,0.0082,0.7563,-0.0838,0.5856,-0.6371,мало данных
5m,вниз,1,LONG,против/нет,142,-0.1396,-0.0557,0.3197,-0.0838,0.0257,-0.1604,нейтрально
5m,вниз,3,SHORT,против/нет,12,-0.2495,-0.3521,1.0142,0.1026,-0.8077,1.1795,мало данных
5m,вниз,1,SHORT,против/нет,94,0.0223,-0.0803,0.4199,0.1026,0.3134,-0.3045,нейтрально
5m,вниз,2,LONG,согласен,40,0.0272,0.1110,0.6689,-0.0838,-0.5522,0.7469,нейтрально
5m,вниз,0,LONG,против/нет,126,0.1437,0.2275,0.3821,-0.0838,0.4805,-0.0287,нейтрально
5m,вверх,2,SHORT,согласен,18,0.3537,0.2511,1.0653,0.1026,0.2123,0.2382,мало данных
5m,вверх,3,SHORT,против/нет,88,0.1849,0.0823,0.4978,0.1026,0.1651,0.0738,нейтрально
5m,вверх,4,SHORT,против/нет,66,-0.3169,-0.4195,0.4337,0.1026,-0.6146,-0.2450,нейтрально
5m,вниз,4,LONG,против/нет,79,-0.0862,-0.0023,0.4670,-0.0838,-0.3869,0.6550,нейтрально
5m,вниз,1,SHORT,согласен,37,1.2865,1.1839,0.9604,0.1026,1.2291,0.6418,МОЖНО
5m,вниз,2,SHORT,согласен,18,0.2038,0.1012,1.1413,0.1026,-0.6013,2.0875,мало данных
5m,вниз,0,SHORT,согласен,11,0.4816,0.3790,1.5357,0.1026,-0.5004,1.7651,мало данных
5m,вверх,0,SHORT,против/нет,124,0.1730,0.0704,0.3983,0.1026,0.2038,-0.0230,нейтрально
5m,вверх,1,SHORT,против/нет,143,0.1943,0.0917,0.3770,0.1026,0.1714,0.0140,нейтрально
5m,вниз,5,LONG,против/нет,32,0.3735,0.4574,0.8879,-0.0838,0.4810,0.4065,нейтрально
5m,вверх,5,SHORT,против/нет,37,-0.4906,-0.5932,0.4939,0.1026,-0.6522,-0.5205,НЕЛЬЗЯ
5m,вниз,0,LONG,согласен,36,-0.4759,-0.3921,0.5033,-0.0838,-0.0040,-0.7759,нейтрально
5m,вверх,0,LONG,согласен,16,-0.1531,-0.0693,0.9122,-0.0838,-0.0500,-0.1438,мало данных
5m,вверх,4,SHORT,согласен,1,-1.0000,-1.1026,0.0000,0.1026,-1.2853,0.0000,мало данных
5m,вверх,4,LONG,против/нет,1,-1.0000,-0.9162,0.0000,-0.0838,-0.8271,0.0000,мало данных
5m,вниз,3,SHORT,согласен,12,-0.2791,-0.3817,0.9732,0.1026,-0.0494,-0.9357,мало данных
5m,вверх,4,LONG,согласен,4,0.1632,0.2470,2.3264,-0.0838,0.3361,0.0000,мало данных
5m,вверх,3,LONG,согласен,14,0.9078,0.9916,1.2236,-0.0838,1.1969,0.4489,мало данных
5m,вверх,1,LONG,согласен,39,-0.3190,-0.2352,0.5207,-0.0838,-0.4227,0.0460,нейтрально
5m,вниз,4,SHORT,согласен,8,-0.4708,-0.5734,1.0585,0.1026,-0.4385,-0.9357,мало данных
5m,вниз,1,LONG,согласен,25,0.3801,0.4639,0.9081,-0.0838,-0.8271,0.7834,мало данных
5m,вверх,5,LONG,против/нет,1,-1.0000,-0.9162,0.0000,-0.0838,-0.8271,0.0000,мало данных
5m,вниз,0,SHORT,против/нет,66,0.1041,0.0015,0.5830,0.1026,-0.6721,0.5083,нейтрально
5m,вверх,2,LONG,согласен,7,1.1221,1.2059,2.0011,-0.0838,1.5993,0.9678,мало данных
5m,вниз,2,SHORT,против/нет,14,1.1782,1.0755,1.9735,0.1026,-1.2853,1.6055,мало данных
5m,вверх,2,LONG,против/нет,7,0.2361,0.3199,1.5963,-0.0838,1.3361,-1.0326,мало данных
5m,вниз,5,SHORT,против/нет,2,-1.0000,-1.1026,0.0000,0.1026,0.0000,-0.9357,мало данных
5m,вверх,5,LONG,согласен,2,-1.0000,-0.9162,0.0000,-0.0838,0.0000,-1.0326,мало данных
5m,вниз,5,SHORT,согласен,4,0.1433,0.0407,2.2866,0.1026,0.0000,0.2076,мало данных
