тф,слой,счёт,точка,сторона,стоп,цель,сделок,EV,шум2s,EV_1половина,EV_2половина,n1,n2
1H,5/5,-1,1,LONG,свеча,3R,347,-0.0086,0.1857,0.1546,-0.2157,194,153
1H,5/5,-1,1,LONG,свеча,2R,347,-0.0749,0.1490,0.0825,-0.2745,194,153
1H,5/5,-1,1,LONG,колено,3R,313,0.4058,0.2162,0.5682,0.1971,176,137
1H,5/5,-1,1,LONG,колено,2R,316,0.2342,0.1664,0.3729,0.0576,177,139
1H,5/5,-1,1,SHORT,свеча,3R,347,-0.0086,0.1857,-0.1753,0.2026,194,153
1H,5/5,-1,1,SHORT,свеча,2R,347,-0.0922,0.1482,-0.2268,0.0784,194,153
1H,5/5,-1,1,SHORT,колено,3R,291,-0.0378,0.2008,-0.3962,0.3939,159,132
1H,5/5,-1,1,SHORT,колено,2R,291,-0.0412,0.1643,-0.3208,0.2955,159,132
1H,5/5,1,1,LONG,свеча,3R,352,0.2045,0.1959,0.1620,0.2486,179,173
1H,5/5,1,1,LONG,свеча,2R,352,0.0653,0.1533,0.1397,-0.0116,179,173
1H,5/5,1,1,LONG,колено,3R,316,0.4177,0.2156,0.4684,0.3671,158,158
1H,5/5,1,1,LONG,колено,2R,324,0.2222,0.1640,0.3171,0.1250,164,160
1H,5/5,1,1,SHORT,свеча,3R,352,-0.0795,0.1797,-0.1732,0.0173,179,173
1H,5/5,1,1,SHORT,свеча,2R,352,-0.0966,0.1469,-0.1285,-0.0636,179,173
1H,5/5,1,1,SHORT,колено,3R,304,-0.2763,0.1769,-0.3333,-0.2162,156,148
1H,5/5,1,1,SHORT,колено,2R,310,-0.1677,0.1528,-0.1835,-0.1513,158,152
1H,5/5,1,2,LONG,свеча,3R,266,-0.1128,0.2042,0.0000,-0.2459,144,122
1H,5/5,1,2,LONG,свеча,2R,266,-0.1541,0.1658,-0.1458,-0.1639,144,122
1H,5/5,1,2,LONG,колено,3R,250,0.3440,0.2395,0.1223,0.6216,139,111
1H,5/5,1,2,LONG,колено,2R,252,0.1786,0.1850,-0.0357,0.4464,140,112
1H,5/5,1,2,SHORT,свеча,3R,266,0.1278,0.2211,0.0833,0.1803,144,122
1H,5/5,1,2,SHORT,свеча,2R,266,0.1391,0.1789,0.1250,0.1557,144,122
1H,5/5,1,2,SHORT,колено,3R,165,0.0424,0.2742,-0.0435,0.1507,92,73
1H,5/5,1,2,SHORT,колено,2R,165,0.0000,0.2209,-0.0217,0.0274,92,73
1H,5/5,-1,0,LONG,свеча,3R,234,0.2308,0.2419,0.1864,0.2759,118,116
1H,5/5,-1,0,LONG,свеча,2R,234,0.1795,0.1920,0.1949,0.1638,118,116
1H,5/5,-1,0,LONG,колено,3R,160,0.1500,0.2871,-0.1605,0.4684,81,79
1H,5/5,-1,0,LONG,колено,2R,161,0.1366,0.2301,-0.0488,0.3291,82,79
1H,5/5,-1,0,SHORT,свеча,3R,235,-0.1149,0.2171,-0.2203,-0.0085,118,117
1H,5/5,-1,0,SHORT,свеча,2R,235,-0.1064,0.1794,-0.2373,0.0256,118,117
1H,5/5,-1,0,SHORT,колено,3R,214,-0.3645,0.2004,-0.4545,-0.2692,110,104
1H,5/5,-1,0,SHORT,колено,2R,214,-0.3551,0.1689,-0.4545,-0.2500,110,104
1H,5/5,-1,0,SHORT,уровень,3R,54,-0.1111,0.4568,-0.4118,0.4000,34,20
1H,5/5,-1,0,SHORT,уровень,2R,54,-0.1667,0.3691,-0.3824,0.2000,34,20
1H,5/5,-1,1,SHORT,свеча,магнит,340,0.0234,0.2212,-0.0809,0.1539,189,151
1H,5/5,-1,1,SHORT,колено,магнит,211,-0.0810,0.2480,-0.3926,0.3544,123,88
1H,5/5,-1,1,SHORT,уровень,магнит,84,0.5291,0.4643,0.1061,1.2521,53,31
1H,5/5,-1,1,SHORT,уровень,3R,120,0.4000,0.3498,-0.1176,1.0769,68,52
1H,5/5,-1,1,SHORT,уровень,2R,120,0.2000,0.2695,-0.2059,0.7308,68,52
1H,5/5,1,1,SHORT,свеча,магнит,345,-0.1024,0.2198,-0.1691,-0.0362,172,173
1H,5/5,1,1,SHORT,уровень,3R,60,-0.4000,0.3719,-0.3846,-0.4286,39,21
1H,5/5,1,1,SHORT,уровень,2R,60,-0.2000,0.3454,-0.3077,0.0000,39,21
1H,5/5,1,2,LONG,уровень,3R,218,0.4128,0.2596,0.1570,0.7320,121,97
1H,5/5,1,2,LONG,уровень,2R,220,0.2409,0.1997,-0.0164,0.5612,122,98
1H,5/5,1,2,SHORT,свеча,магнит,263,-0.1070,0.2441,-0.1145,-0.0981,143,120
1H,5/5,1,2,SHORT,колено,магнит,147,0.0346,0.3234,-0.0700,0.1906,88,59
1H,5/5,1,3,LONG,свеча,3R,141,0.1064,0.3024,0.1333,0.0864,60,81
1H,5/5,1,3,LONG,свеча,2R,141,0.1489,0.2465,0.3000,0.0370,60,81
1H,5/5,1,3,LONG,колено,3R,123,0.4634,0.3489,0.2143,0.6716,56,67
1H,5/5,1,3,LONG,колено,2R,124,0.2581,0.2670,0.0714,0.4118,56,68
1H,5/5,1,3,LONG,уровень,3R,112,0.5000,0.3676,0.2308,0.7333,52,60
1H,5/5,1,3,LONG,уровень,2R,113,0.3009,0.2810,0.0385,0.5246,52,61
1H,5/5,1,3,SHORT,свеча,магнит,132,-0.3616,0.3744,-0.1713,-0.5203,60,72
1H,5/5,1,3,SHORT,свеча,3R,141,-0.2057,0.2697,-0.2667,-0.1605,60,81
1H,5/5,1,3,SHORT,свеча,2R,141,-0.1277,0.2303,-0.2000,-0.0741,60,81
1H,5/5,1,3,SHORT,колено,3R,122,-0.4754,0.2455,-0.6800,-0.3333,50,72
1H,5/5,1,3,SHORT,колено,2R,122,-0.3607,0.2234,-0.3400,-0.3750,50,72
1H,5/5,-1,0,LONG,уровень,3R,89,0.4382,0.4092,-0.4286,1.2128,42,47
1H,5/5,-1,0,LONG,уровень,2R,89,0.3483,0.3182,-0.2857,0.9149,42,47
1H,5/5,-1,0,SHORT,свеча,магнит,222,-0.3206,0.2262,-0.2785,-0.3643,113,109
1H,5/5,-1,0,LONG,свеча,магнит,201,0.3131,0.3230,0.2992,0.3255,95,106
1H,5/5,-1,0,LONG,колено,магнит,106,0.1648,0.3923,-0.3424,0.5690,47,59
1H,5/5,-1,0,LONG,уровень,магнит,58,0.6606,0.5901,-0.3941,1.2591,21,37
1H,5/5,-1,1,LONG,свеча,магнит,287,-0.0040,0.2344,0.1552,-0.1962,157,130
1H,5/5,-1,1,LONG,уровень,3R,82,0.2195,0.4092,0.3953,0.0256,43,39
1H,5/5,-1,1,LONG,уровень,2R,83,0.0843,0.3183,0.2955,-0.1538,44,39
1H,5/5,-1,2,LONG,свеча,магнит,180,-0.1413,0.2828,-0.2004,-0.0809,91,89
1H,5/5,-1,2,LONG,свеча,3R,185,-0.0703,0.2491,-0.1398,0.0000,93,92
1H,5/5,-1,2,LONG,свеча,2R,185,0.0541,0.2112,-0.0645,0.1739,93,92
1H,5/5,-1,2,LONG,колено,3R,134,0.0746,0.3075,-0.0968,0.2222,62,72
1H,5/5,-1,2,LONG,колено,2R,134,0.0299,0.2470,0.0161,0.0417,62,72
1H,5/5,-1,2,LONG,уровень,3R,20,0.4000,0.8754,-0.2000,0.6000,5,15
1H,5/5,-1,2,LONG,уровень,2R,20,0.0500,0.6565,-0.4000,0.2000,5,15
1H,5/5,-1,2,SHORT,свеча,магнит,177,0.2667,0.3483,0.0302,0.5169,91,86
1H,5/5,-1,2,SHORT,свеча,3R,185,0.2108,0.2710,0.0323,0.3913,93,92
1H,5/5,-1,2,SHORT,свеча,2R,185,0.1838,0.2162,0.1613,0.2065,93,92
1H,5/5,-1,2,SHORT,колено,магнит,130,0.1090,0.3368,0.2891,-0.0947,69,61
1H,5/5,-1,2,SHORT,колено,3R,181,-0.1160,0.2474,-0.0870,-0.1461,92,89
1H,5/5,-1,2,SHORT,колено,2R,181,-0.0055,0.2105,0.0109,-0.0225,92,89
1H,5/5,1,0,LONG,свеча,магнит,258,0.2393,0.2849,0.4599,0.0287,126,132
1H,5/5,1,0,LONG,свеча,3R,334,0.2814,0.2046,0.3665,0.2023,161,173
1H,5/5,1,0,LONG,свеча,2R,334,0.2126,0.1614,0.2484,0.1792,161,173
1H,5/5,1,0,LONG,колено,магнит,169,0.1209,0.2983,0.5995,-0.2430,73,96
1H,5/5,1,0,LONG,колено,3R,317,0.4006,0.2147,0.7143,0.1043,154,163
1H,5/5,1,0,LONG,колено,2R,322,0.3230,0.1663,0.6226,0.0307,159,163
1H,5/5,1,0,LONG,уровень,магнит,71,-0.3097,0.3895,-0.7430,-0.1626,18,53
1H,5/5,1,0,LONG,уровень,3R,150,0.0400,0.2875,-0.1200,0.1200,50,100
1H,5/5,1,0,LONG,уровень,2R,153,0.0784,0.2335,0.0189,0.1100,53,100
1H,5/5,1,0,SHORT,свеча,3R,334,-0.2216,0.1736,-0.2547,-0.1908,161,173
1H,5/5,1,0,SHORT,свеча,2R,334,-0.1737,0.1469,-0.2174,-0.1329,161,173
1H,5/5,1,0,SHORT,колено,3R,194,-0.1134,0.2392,-0.0213,-0.2000,94,100
1H,5/5,1,0,SHORT,колено,2R,195,-0.1231,0.1959,-0.0745,-0.1683,94,101
1H,5/5,-1,3,LONG,свеча,магнит,104,0.0447,0.4163,0.0992,-0.0097,52,52
1H,5/5,-1,3,LONG,свеча,3R,104,0.0385,0.3456,0.0769,0.0000,52,52
1H,5/5,-1,3,LONG,свеча,2R,104,-0.0481,0.2752,-0.0192,-0.0769,52,52
1H,5/5,-1,3,LONG,колено,3R,97,0.8557,0.4072,1.1277,0.6000,47,50
1H,5/5,-1,3,LONG,колено,2R,97,0.5464,0.3060,0.6596,0.4400,47,50
1H,5/5,-1,3,SHORT,свеча,магнит,99,0.1448,0.4320,0.5677,-0.3046,51,48
1H,5/5,-1,3,SHORT,свеча,3R,104,0.2308,0.3638,0.6154,-0.1538,52,52
1H,5/5,-1,3,SHORT,свеча,2R,104,0.0962,0.2847,0.3269,-0.1346,52,52
1H,5/5,-1,3,SHORT,колено,3R,97,-0.5052,0.2688,-0.6154,-0.3778,52,45
1H,5/5,-1,3,SHORT,колено,2R,97,-0.4742,0.2328,-0.4231,-0.5333,52,45
1H,5/5,-1,3,SHORT,уровень,3R,93,-0.4839,0.2796,-0.5833,-0.3778,48,45
1H,5/5,-1,3,SHORT,уровень,2R,93,-0.5161,0.2301,-0.5000,-0.5333,48,45
1H,5/5,-1,3,SHORT,уровень,магнит,47,-0.0993,0.5114,-0.2638,0.0584,23,24
1H,5/5,-1,3,SHORT,колено,магнит,51,-0.1699,0.4759,-0.2944,-0.0592,24,27
1H,5/5,-1,4,LONG,свеча,магнит,49,0.8541,0.7301,0.1092,1.4127,21,28
1H,5/5,-1,4,LONG,свеча,3R,50,0.7600,0.5673,0.4545,1.0000,22,28
1H,5/5,-1,4,LONG,свеча,2R,50,0.5000,0.4286,0.5000,0.5000,22,28
1H,5/5,-1,4,LONG,колено,3R,43,1.2326,0.6130,1.6000,0.9130,20,23
1H,5/5,-1,4,LONG,колено,2R,43,0.7442,0.4567,0.9500,0.5652,20,23
1H,5/5,-1,4,SHORT,свеча,магнит,44,0.1825,1.2168,-0.5676,0.7526,19,25
1H,5/5,-1,4,SHORT,свеча,3R,50,-0.2800,0.4391,-0.4545,-0.1429,22,28
1H,5/5,-1,4,SHORT,свеча,2R,50,-0.2800,0.3661,-0.4545,-0.1429,22,28
1H,5/5,-1,4,SHORT,колено,магнит,37,-0.0365,0.6148,-0.4794,0.3009,16,21
1H,5/5,-1,4,SHORT,колено,3R,46,-0.2174,0.4731,-0.4000,-0.0769,20,26
1H,5/5,-1,4,SHORT,колено,2R,46,-0.3478,0.3689,-0.5500,-0.1923,20,26
1H,5/5,1,1,LONG,свеча,магнит,291,0.3101,0.2669,0.2586,0.3649,150,141
1H,5/5,1,1,LONG,уровень,3R,188,0.2979,0.2739,0.5696,0.1009,79,109
1H,5/5,1,1,LONG,уровень,2R,192,0.1094,0.2096,0.3735,-0.0917,83,109
1H,5/5,1,1,SHORT,колено,магнит,263,-0.3270,0.2085,-0.3284,-0.3254,138,125
1H,5/5,1,2,LONG,свеча,магнит,178,-0.0194,0.3255,0.2297,-0.2742,90,88
1H,5/5,1,2,LONG,колено,магнит,110,-0.0492,0.3480,0.0864,-0.1847,55,55
1H,5/5,-1,0,SHORT,колено,магнит,164,-0.3644,0.2479,-0.4550,-0.2823,78,86
1H,5/5,-1,1,LONG,уровень,магнит,28,-0.3569,0.6098,1.5722,-1.0000,7,21
1H,5/5,1,1,LONG,колено,магнит,137,0.1240,0.3325,0.1009,0.1405,57,80
1H,5/5,-1,2,SHORT,уровень,3R,148,-0.1892,0.2653,-0.1429,-0.2500,84,64
1H,5/5,-1,2,SHORT,уровень,2R,148,-0.1081,0.2262,-0.1071,-0.1094,84,64
1H,5/5,-1,3,LONG,колено,магнит,71,0.4580,0.5363,0.2740,0.5643,26,45
1H,5/5,-1,1,LONG,колено,магнит,166,0.0085,0.2841,0.4750,-0.3761,75,91
1H,5/5,-1,4,LONG,колено,магнит,31,0.2347,0.7089,0.6480,0.0379,10,21
1H,5/5,-1,4,SHORT,уровень,3R,37,-0.0270,0.5721,-0.2500,0.1429,16,21
1H,5/5,-1,4,SHORT,уровень,2R,37,-0.2703,0.4290,-0.4375,-0.1429,16,21
1H,5/5,-1,5,LONG,свеча,магнит,31,0.2371,0.7904,-0.0625,0.3596,9,22
1H,5/5,-1,5,LONG,свеча,3R,31,0.2903,0.6828,0.3333,0.2727,9,22
1H,5/5,-1,5,LONG,свеча,2R,31,0.1613,0.5336,0.0000,0.2273,9,22
1H,5/5,-1,5,LONG,колено,3R,31,0.2903,0.6828,-0.1111,0.4545,9,22
1H,5/5,-1,5,LONG,колено,2R,31,0.3548,0.5452,-0.3333,0.6364,9,22
1H,5/5,-1,5,SHORT,свеча,магнит,30,-0.2337,0.7615,-0.0672,-0.3051,9,21
1H,5/5,-1,5,SHORT,свеча,3R,31,-0.4839,0.4896,-0.5556,-0.4545,9,22
1H,5/5,-1,5,SHORT,свеча,2R,31,-0.3226,0.4580,0.3333,-0.5909,9,22
1H,5/5,-1,5,SHORT,колено,магнит,21,-0.3923,0.6666,0.8232,-1.0000,7,14
1H,5/5,-1,5,SHORT,колено,3R,26,-0.3846,0.5773,0.3333,-0.7647,9,17
1H,5/5,-1,5,SHORT,колено,2R,26,-0.3077,0.5056,0.6667,-0.8235,9,17
1H,5/5,-1,5,SHORT,уровень,магнит,19,-0.3283,0.7322,0.8232,-1.0000,7,12
1H,5/5,-1,5,SHORT,уровень,3R,24,-0.3333,0.6217,0.3333,-0.7333,9,15
1H,5/5,-1,5,SHORT,уровень,2R,24,-0.2500,0.5417,0.6667,-0.8000,9,15
1H,5/5,-1,0,SHORT,уровень,магнит,36,-0.0254,0.6171,-0.3183,0.3021,19,17
1H,5/5,1,0,SHORT,свеча,магнит,332,-0.2393,0.2087,-0.2837,-0.1980,160,172
1H,5/5,-1,2,LONG,колено,магнит,92,0.1782,0.4208,0.3403,0.0787,35,57
1H,5/5,1,0,SHORT,колено,магнит,179,-0.3252,0.2423,-0.0753,-0.5462,84,95
1H,5/5,1,3,LONG,свеча,магнит,98,-0.0063,0.4422,0.0465,-0.0442,41,57
1H,5/5,1,3,SHORT,колено,магнит,100,-0.3607,0.3271,-0.7095,-0.0866,44,56
1H,5/5,1,4,LONG,свеча,магнит,59,0.0504,0.5697,-0.2257,0.3173,29,30
1H,5/5,1,4,LONG,свеча,3R,98,0.0612,0.3586,-0.1818,0.2593,44,54
1H,5/5,1,4,LONG,свеча,2R,98,-0.1122,0.2781,-0.3182,0.0556,44,54
1H,5/5,1,4,LONG,колено,3R,94,0.4894,0.4010,0.1163,0.8039,43,51
1H,5/5,1,4,LONG,колено,2R,94,0.3085,0.3085,0.0465,0.5294,43,51
1H,5/5,1,4,LONG,уровень,3R,92,0.5217,0.4071,0.1429,0.8400,42,50
1H,5/5,1,4,LONG,уровень,2R,92,0.3370,0.3126,0.0714,0.5600,42,50
1H,5/5,1,4,SHORT,свеча,магнит,98,0.0771,0.4385,0.3746,-0.1654,44,54
1H,5/5,1,4,SHORT,свеча,3R,98,-0.0204,0.3493,0.1818,-0.1852,44,54
1H,5/5,1,4,SHORT,свеча,2R,98,0.0714,0.2919,0.1591,0.0000,44,54
1H,5/5,1,4,SHORT,колено,3R,76,-0.5263,0.2985,-0.2222,-0.8000,36,40
1H,5/5,1,4,SHORT,колено,2R,76,-0.2105,0.3051,0.1667,-0.5500,36,40
1H,5/5,-1,2,SHORT,уровень,магнит,101,0.0387,0.3748,0.1968,-0.2233,63,38
1H,5/5,1,0,SHORT,уровень,магнит,70,-0.2085,0.3999,-0.3341,-0.0084,43,27
1H,5/5,1,0,SHORT,уровень,3R,82,-0.1220,0.3679,-0.2308,0.0667,52,30
1H,5/5,1,0,SHORT,уровень,2R,82,-0.0488,0.3102,-0.1346,0.1000,52,30
1H,5/5,1,1,SHORT,уровень,магнит,48,-0.3945,0.4276,-0.4029,-0.3828,28,20
1H,5/5,1,2,SHORT,уровень,магнит,17,0.2761,0.9914,0.7542,-0.4070,10,7
1H,5/5,1,2,SHORT,уровень,3R,18,0.1111,0.8691,0.6000,-0.5000,10,8
1H,5/5,1,2,SHORT,уровень,2R,18,0.0000,0.6860,0.2000,-0.2500,10,8
1H,5/5,-1,4,SHORT,уровень,магнит,28,0.2731,0.7795,-0.3059,0.7074,12,16
1H,5/5,-1,2,LONG,уровень,магнит,16,0.8642,1.2499,-1.0000,1.1305,2,14
1H,5/5,1,3,LONG,колено,магнит,45,0.4253,0.6469,0.4219,0.4266,12,33
1H,5/5,1,3,LONG,уровень,магнит,35,0.4711,0.7545,0.8959,0.3241,9,26
1H,5/5,1,4,SHORT,колено,магнит,72,-0.6346,0.2881,-0.3611,-0.8793,34,38
1H,5/5,1,5,LONG,свеча,магнит,29,0.3840,0.7840,0.0001,0.6959,13,16
1H,5/5,1,5,LONG,свеча,3R,52,0.1538,0.5075,-0.0769,0.3846,26,26
1H,5/5,1,5,LONG,свеча,2R,52,0.1538,0.4087,0.0385,0.2692,26,26
1H,5/5,1,5,LONG,колено,магнит,15,1.1742,1.2485,-1.0000,3.0766,7,8
1H,5/5,1,5,LONG,колено,3R,47,0.7021,0.5832,-0.8333,2.3043,24,23
1H,5/5,1,5,LONG,колено,2R,47,0.3404,0.4398,-0.7500,1.4783,24,23
1H,5/5,1,5,LONG,уровень,магнит,12,1.7178,1.3938,-1.0000,3.6590,5,7
1H,5/5,1,5,LONG,уровень,3R,44,0.8182,0.6075,-0.8182,2.4545,22,22
1H,5/5,1,5,LONG,уровень,2R,44,0.4318,0.4570,-0.7273,1.5909,22,22
1H,5/5,1,5,SHORT,свеча,магнит,52,-0.3414,0.6318,0.1415,-0.8244,26,26
1H,5/5,1,5,SHORT,свеча,3R,52,-0.3077,0.4238,-0.0769,-0.5385,26,26
1H,5/5,1,5,SHORT,свеча,2R,52,-0.2500,0.3638,0.0385,-0.5385,26,26
1H,5/5,1,5,SHORT,колено,магнит,40,-0.2293,0.7286,0.3328,-0.7914,20,20
1H,5/5,1,5,SHORT,колено,3R,43,-0.5349,0.3957,-0.2727,-0.8095,22,21
1H,5/5,1,5,SHORT,колено,2R,43,-0.4419,0.3603,-0.3182,-0.5714,22,21
1H,5/5,1,1,LONG,уровень,магнит,69,0.2442,0.4963,1.0907,-0.1791,23,46
1H,5/5,1,2,LONG,уровень,магнит,86,0.0189,0.4059,0.2632,-0.2371,44,42
1H,5/5,1,4,LONG,колено,магнит,33,0.0249,0.6408,-0.3457,0.2659,13,20
1H,5/5,1,4,LONG,уровень,магнит,31,0.0911,0.6758,-0.2912,0.3325,12,19
1H,5/5,1,3,SHORT,уровень,магнит,4,2.2640,2.2096,-1.0000,3.3520,1,3
1H,5/5,1,3,SHORT,уровень,3R,13,-0.0769,0.9730,-1.0000,0.0000,1,12
1H,5/5,1,3,SHORT,уровень,2R,13,-0.0769,0.7994,-1.0000,0.0000,1,12
1H,5/5,-1,5,LONG,колено,магнит,21,0.0972,0.8838,-1.0000,0.3553,4,17
1H,5/5,-1,4,LONG,уровень,магнит,2,3.4787,0.6035,0.0000,3.4787,0,2
1H,5/5,-1,4,LONG,уровень,3R,2,3.0000,0.0000,0.0000,3.0000,0,2
1H,5/5,-1,4,LONG,уровень,2R,2,2.0000,0.0000,0.0000,2.0000,0,2
1H,5/5,-1,3,LONG,уровень,магнит,2,3.3637,0.4982,0.0000,3.3637,0,2
1H,5/5,-1,3,LONG,уровень,3R,2,3.0000,0.0000,0.0000,3.0000,0,2
1H,5/5,-1,3,LONG,уровень,2R,2,2.0000,0.0000,0.0000,2.0000,0,2
1H,2/2,-1,2,LONG,свеча,3R,194,-0.0103,0.2485,0.1667,-0.1837,96,98
1H,2/2,-1,2,LONG,свеча,2R,194,-0.0103,0.2031,0.0312,-0.0510,96,98
1H,2/2,-1,2,LONG,колено,3R,156,0.2308,0.2966,0.3333,0.1282,78,78
1H,2/2,-1,2,LONG,колено,2R,156,0.2308,0.2371,0.2308,0.2308,78,78
1H,2/2,-1,2,SHORT,свеча,3R,194,0.1753,0.2623,0.0833,0.2653,96,98
1H,2/2,-1,2,SHORT,свеча,2R,194,0.0515,0.2061,-0.0312,0.1327,96,98
1H,2/2,-1,2,SHORT,колено,3R,175,-0.0857,0.2547,-0.1628,-0.0112,86,89
1H,2/2,-1,2,SHORT,колено,2R,175,-0.0571,0.2112,-0.2674,0.1461,86,89
1H,2/2,-1,2,SHORT,уровень,3R,128,-0.2188,0.2814,-0.2500,-0.1875,64,64
1H,2/2,-1,2,SHORT,уровень,2R,128,-0.1562,0.2394,-0.3906,0.0781,64,64
1H,2/2,1,0,LONG,свеча,3R,304,0.0921,0.2048,0.1701,0.0191,147,157
1H,2/2,1,0,LONG,свеча,2R,304,0.0855,0.1656,0.1837,-0.0064,147,157
1H,2/2,1,0,LONG,колено,3R,294,0.4694,0.2253,0.3793,0.5570,145,149
1H,2/2,1,0,LONG,колено,2R,295,0.2814,0.1731,0.2207,0.3400,145,150
1H,2/2,1,0,SHORT,свеча,3R,304,0.0132,0.1999,0.0612,-0.0318,147,157
1H,2/2,1,0,SHORT,свеча,2R,304,-0.0132,0.1619,-0.0816,0.0510,147,157
1H,2/2,1,0,SHORT,колено,3R,194,-0.0928,0.2411,-0.0562,-0.1238,89,105
1H,2/2,1,0,SHORT,колено,2R,194,-0.0567,0.2005,0.0449,-0.1429,89,105
1H,2/2,1,0,SHORT,уровень,3R,66,-0.2121,0.3946,-0.5385,0.0000,26,40
1H,2/2,1,0,SHORT,уровень,2R,66,0.0000,0.3508,-0.0769,0.0500,26,40
1H,2/2,-1,1,LONG,свеча,3R,361,0.1524,0.1909,0.1667,0.1399,168,193
1H,2/2,-1,1,LONG,свеча,2R,361,0.0471,0.1507,0.0893,0.0104,168,193
1H,2/2,-1,1,LONG,колено,3R,349,0.3983,0.2045,0.3576,0.4348,165,184
1H,2/2,-1,1,LONG,колено,2R,350,0.1571,0.1563,0.1386,0.1739,166,184
1H,2/2,-1,1,SHORT,свеча,3R,361,-0.0249,0.1810,0.0238,-0.0674,168,193
1H,2/2,-1,1,SHORT,свеча,2R,361,-0.0526,0.1470,0.0000,-0.0984,168,193
1H,2/2,-1,1,SHORT,колено,магнит,210,0.1565,0.2781,0.1357,0.1774,105,105
1H,2/2,-1,1,SHORT,колено,3R,303,-0.0627,0.1950,-0.0897,-0.0380,145,158
1H,2/2,-1,1,SHORT,колено,2R,304,-0.1414,0.1558,-0.1370,-0.1456,146,158
1H,2/2,1,2,LONG,свеча,3R,270,-0.0370,0.2085,-0.1268,0.0625,142,128
1H,2/2,1,2,LONG,свеча,2R,270,-0.1111,0.1670,-0.1549,-0.0625,142,128
1H,2/2,1,2,LONG,колено,3R,254,0.3071,0.2359,0.2424,0.3770,132,122
1H,2/2,1,2,LONG,колено,2R,254,0.1220,0.1825,0.0227,0.2295,132,122
1H,2/2,1,2,SHORT,свеча,магнит,270,-0.0534,0.2443,-0.0067,-0.1052,142,128
1H,2/2,1,2,SHORT,свеча,3R,270,0.0074,0.2117,-0.0986,0.1250,142,128
1H,2/2,1,2,SHORT,свеча,2R,270,0.0333,0.1738,0.0141,0.0547,142,128
1H,2/2,1,2,SHORT,колено,магнит,179,-0.2536,0.2604,-0.1964,-0.3114,90,89
1H,2/2,1,2,SHORT,колено,3R,199,-0.2764,0.2189,-0.2941,-0.2577,102,97
1H,2/2,1,2,SHORT,колено,2R,200,-0.1450,0.1920,-0.0882,-0.2041,102,98
1H,2/2,1,2,LONG,уровень,3R,228,0.3158,0.2495,0.2542,0.3818,118,110
1H,2/2,1,2,LONG,уровень,2R,228,0.1447,0.1935,0.0424,0.2545,118,110
1H,2/2,1,3,LONG,свеча,3R,140,0.2571,0.3150,0.3151,0.1940,73,67
1H,2/2,1,3,LONG,свеча,2R,140,0.2214,0.2500,0.3973,0.0299,73,67
1H,2/2,1,3,LONG,колено,3R,128,0.7500,0.3522,1.0000,0.4839,66,62
1H,2/2,1,3,LONG,колено,2R,128,0.3828,0.2654,0.6364,0.1129,66,62
1H,2/2,1,3,LONG,уровень,3R,124,0.7742,0.3584,1.0625,0.4667,64,60
1H,2/2,1,3,LONG,уровень,2R,124,0.3790,0.2696,0.6406,0.1000,64,60
1H,2/2,1,3,SHORT,свеча,магнит,137,-0.4760,0.2601,-0.6327,-0.2972,73,64
1H,2/2,1,3,SHORT,свеча,3R,140,-0.4286,0.2374,-0.6164,-0.2239,73,67
1H,2/2,1,3,SHORT,свеча,2R,140,-0.2929,0.2160,-0.3836,-0.1940,73,67
1H,2/2,1,3,SHORT,колено,магнит,113,-0.3348,0.3180,-0.8639,0.2642,60,53
1H,2/2,1,3,SHORT,колено,3R,129,-0.4419,0.2450,-0.8154,-0.0625,65,64
1H,2/2,1,3,SHORT,колено,2R,129,-0.3256,0.2214,-0.5385,-0.1094,65,64
1H,2/2,1,4,LONG,свеча,3R,103,0.0485,0.3484,-0.3846,0.4902,52,51
1H,2/2,1,4,LONG,свеча,2R,103,-0.0680,0.2749,-0.4808,0.3529,52,51
1H,2/2,1,4,LONG,колено,3R,99,0.3737,0.3837,-0.0400,0.7959,50,49
1H,2/2,1,4,LONG,колено,2R,99,0.3333,0.3012,0.0800,0.5918,50,49
1H,2/2,1,4,LONG,уровень,3R,97,0.3196,0.3839,-0.0400,0.7021,50,47
1H,2/2,1,4,LONG,уровень,2R,97,0.2990,0.3034,0.0800,0.5319,50,47
1H,2/2,1,4,SHORT,свеча,магнит,103,-0.0606,0.4118,0.1174,-0.2421,52,51
1H,2/2,1,4,SHORT,свеча,3R,103,-0.1456,0.3246,0.0000,-0.2941,52,51
1H,2/2,1,4,SHORT,свеча,2R,103,0.0485,0.2833,0.3846,-0.2941,52,51
1H,2/2,1,4,SHORT,колено,магнит,69,-0.3613,0.3795,-0.1003,-0.7213,40,29
1H,2/2,1,4,SHORT,колено,3R,72,-0.2222,0.3758,0.0000,-0.5000,40,32
1H,2/2,1,4,SHORT,колено,2R,73,-0.3014,0.2989,-0.1951,-0.4375,41,32
1H,2/2,-1,1,SHORT,свеча,магнит,345,0.0000,0.2133,0.1549,-0.1386,163,182
1H,2/2,1,1,LONG,свеча,3R,319,0.0533,0.1976,0.0233,0.0884,172,147
1H,2/2,1,1,LONG,свеча,2R,319,0.0533,0.1606,0.0814,0.0204,172,147
1H,2/2,1,1,LONG,колено,3R,293,0.3106,0.2197,0.2739,0.3529,157,136
1H,2/2,1,1,LONG,колено,2R,293,0.1365,0.1703,0.1656,0.1029,157,136
1H,2/2,1,1,SHORT,свеча,магнит,313,-0.0533,0.2256,-0.0055,-0.1087,168,145
1H,2/2,1,1,SHORT,свеча,3R,320,-0.0750,0.1889,-0.0465,-0.1081,172,148
1H,2/2,1,1,SHORT,свеча,2R,320,-0.0906,0.1544,-0.1453,-0.0270,172,148
1H,2/2,1,1,SHORT,колено,магнит,269,-0.0858,0.2282,-0.1402,-0.0172,150,119
1H,2/2,1,1,SHORT,колено,3R,309,-0.1068,0.1898,-0.1667,-0.0355,168,141
1H,2/2,1,1,SHORT,колено,2R,310,0.0258,0.1619,-0.0179,0.0775,168,142
1H,2/2,1,1,LONG,свеча,магнит,235,0.1231,0.2554,0.0793,0.1728,125,110
1H,2/2,1,1,LONG,колено,магнит,117,0.4003,0.3848,0.2301,0.5676,58,59
1H,2/2,-1,1,LONG,свеча,магнит,303,0.2155,0.2469,0.2533,0.1827,141,162
1H,2/2,-1,2,SHORT,свеча,магнит,177,0.1104,0.3099,-0.0754,0.2984,89,88
1H,2/2,-1,2,SHORT,колено,магнит,134,-0.0344,0.3411,-0.1020,0.0372,69,65
1H,2/2,-1,2,SHORT,уровень,магнит,88,-0.1130,0.4128,-0.1255,-0.0986,47,41
1H,2/2,1,1,SHORT,уровень,магнит,26,0.1441,0.7547,0.0347,0.2379,12,14
1H,2/2,1,1,SHORT,уровень,3R,37,-0.0270,0.5721,-0.2941,0.2000,17,20
1H,2/2,1,1,SHORT,уровень,2R,37,-0.1081,0.4571,-0.4706,0.2000,17,20
1H,2/2,1,2,LONG,свеча,магнит,177,-0.0877,0.2800,-0.1135,-0.0599,92,85
1H,2/2,1,2,SHORT,уровень,магнит,11,-0.6215,0.7570,-1.0000,0.3878,8,3
1H,2/2,1,2,SHORT,уровень,3R,12,0.3333,1.1371,0.5000,0.0000,8,4
1H,2/2,1,2,SHORT,уровень,2R,12,1.0000,0.8528,1.2500,0.5000,8,4
1H,2/2,-1,0,LONG,свеча,магнит,208,0.2883,0.3024,-0.0419,0.5940,100,108
1H,2/2,-1,0,LONG,свеча,3R,242,0.2893,0.2408,0.2000,0.3770,120,122
1H,2/2,-1,0,LONG,свеча,2R,242,0.1405,0.1876,0.1000,0.1803,120,122
1H,2/2,-1,0,LONG,колено,магнит,124,0.5446,0.6129,0.3446,0.7511,63,61
1H,2/2,-1,0,LONG,колено,3R,181,0.3260,0.2807,0.1915,0.4713,94,87
1H,2/2,-1,0,LONG,колено,2R,181,0.1436,0.2172,-0.0106,0.3103,94,87
1H,2/2,-1,0,SHORT,свеча,магнит,228,0.0498,0.2711,-0.0234,0.1229,114,114
1H,2/2,-1,0,SHORT,свеча,3R,242,0.0579,0.2273,0.0333,0.0820,120,122
1H,2/2,-1,0,SHORT,свеча,2R,242,0.0165,0.1829,0.0250,0.0082,120,122
1H,2/2,-1,0,SHORT,колено,магнит,183,-0.2741,0.2447,-0.3442,-0.2076,89,94
1H,2/2,-1,0,SHORT,колено,3R,229,-0.3362,0.1971,-0.4234,-0.2542,111,118
1H,2/2,-1,0,SHORT,колено,2R,229,-0.1354,0.1800,-0.2162,-0.0593,111,118
1H,2/2,-1,0,SHORT,уровень,магнит,46,-0.5399,0.3936,-0.8408,-0.1486,26,20
1H,2/2,-1,0,SHORT,уровень,3R,72,-0.6667,0.2624,-0.9070,-0.3103,43,29
1H,2/2,-1,0,SHORT,уровень,2R,72,-0.2500,0.3083,-0.4419,0.0345,43,29
1H,2/2,-1,1,SHORT,уровень,3R,116,-0.4483,0.2572,-0.5200,-0.3939,50,66
1H,2/2,-1,1,SHORT,уровень,2R,116,-0.2500,0.2423,-0.3400,-0.1818,50,66
1H,2/2,-1,2,LONG,свеча,магнит,167,-0.0650,0.2984,0.0050,-0.1248,77,90
1H,2/2,1,0,LONG,свеча,магнит,216,0.1804,0.2945,0.2000,0.1636,100,116
1H,2/2,1,0,LONG,колено,магнит,145,0.1388,0.3285,0.1742,0.1130,61,84
1H,2/2,1,0,SHORT,свеча,магнит,299,-0.0119,0.2261,0.0751,-0.0928,144,155
1H,2/2,1,1,LONG,уровень,3R,159,0.2830,0.2971,0.4286,0.1200,84,75
1H,2/2,1,1,LONG,уровень,2R,160,0.1062,0.2296,0.2857,-0.0921,84,76
1H,2/2,-1,0,LONG,уровень,магнит,57,0.3895,0.6179,0.8606,-0.0983,29,28
1H,2/2,-1,0,LONG,уровень,3R,92,0.1739,0.3819,0.3061,0.0233,49,43
1H,2/2,-1,0,LONG,уровень,2R,92,0.0761,0.3017,0.1020,0.0465,49,43
1H,2/2,-1,3,LONG,свеча,магнит,118,-0.0184,0.3444,0.3226,-0.3959,62,56
1H,2/2,-1,3,LONG,свеча,3R,125,0.1840,0.3280,0.5522,-0.2414,67,58
1H,2/2,-1,3,LONG,свеча,2R,125,0.0080,0.2545,0.2537,-0.2759,67,58
1H,2/2,-1,3,LONG,колено,3R,121,0.0909,0.3252,0.4154,-0.2857,65,56
1H,2/2,-1,3,LONG,колено,2R,121,0.0661,0.2622,0.3385,-0.2500,65,56
1H,2/2,-1,3,SHORT,свеча,магнит,115,-0.1852,0.3377,-0.6512,0.3996,64,51
1H,2/2,-1,3,SHORT,свеча,3R,125,-0.2000,0.2874,-0.5821,0.2414,67,58
1H,2/2,-1,3,SHORT,свеча,2R,125,-0.1120,0.2460,-0.3284,0.1379,67,58
1H,2/2,-1,3,SHORT,колено,магнит,76,-0.0437,0.4676,-0.2221,0.2455,47,29
1H,2/2,-1,3,SHORT,колено,3R,111,-0.0991,0.3186,-0.5254,0.3846,59,52
1H,2/2,-1,3,SHORT,колено,2R,111,0.0541,0.2731,-0.2373,0.3846,59,52
1H,2/2,-1,3,SHORT,уровень,магнит,69,-0.1774,0.4168,-0.4965,0.2899,41,28
1H,2/2,-1,3,SHORT,уровень,3R,102,-0.0980,0.3327,-0.6078,0.4118,51,51
1H,2/2,-1,3,SHORT,уровень,2R,102,0.0294,0.2834,-0.3529,0.4118,51,51
1H,2/2,-1,1,LONG,уровень,3R,95,0.1368,0.3722,0.1064,0.1667,47,48
1H,2/2,-1,1,LONG,уровень,2R,95,-0.0526,0.2877,-0.0426,-0.0625,47,48
1H,2/2,1,1,LONG,уровень,магнит,58,0.3294,0.5281,0.3585,0.3023,28,30
1H,2/2,-1,3,LONG,колено,магнит,88,0.1072,0.4128,0.5871,-0.3727,44,44
1H,2/2,1,0,SHORT,колено,магнит,172,-0.1206,0.2667,-0.1422,-0.1040,75,97
1H,2/2,1,0,SHORT,уровень,магнит,52,-0.1788,0.4723,-0.5471,0.0163,18,34
1H,2/2,-1,1,LONG,колено,магнит,199,0.2272,0.3024,0.5975,-0.0433,84,115
1H,2/2,-1,1,SHORT,уровень,магнит,65,-0.2413,0.3987,-0.3314,-0.1592,31,34
1H,2/2,-1,4,LONG,свеча,магнит,59,0.3540,0.5772,0.7498,0.0630,25,34
1H,2/2,-1,4,LONG,свеча,3R,61,0.3770,0.4907,0.4815,0.2941,27,34
1H,2/2,-1,4,LONG,свеча,2R,61,0.2295,0.3809,0.3333,0.1471,27,34
1H,2/2,-1,4,LONG,колено,3R,44,0.5455,0.5940,0.6842,0.4400,19,25
1H,2/2,-1,4,LONG,колено,2R,44,0.6364,0.4556,0.7368,0.5600,19,25
1H,2/2,-1,4,SHORT,свеча,магнит,47,-0.4709,0.4565,-0.8180,-0.1383,23,24
1H,2/2,-1,4,SHORT,свеча,3R,61,-0.2787,0.3971,-0.5556,-0.0588,27,34
1H,2/2,-1,4,SHORT,свеча,2R,61,-0.2623,0.3336,-0.4444,-0.1176,27,34
1H,2/2,-1,4,SHORT,колено,магнит,36,-0.5920,0.4656,-0.7967,-0.3361,20,16
1H,2/2,-1,4,SHORT,колено,3R,61,-0.5410,0.3292,-0.8519,-0.2941,27,34
1H,2/2,-1,4,SHORT,колено,2R,61,-0.5082,0.2868,-0.7778,-0.2941,27,34
1H,2/2,-1,4,SHORT,уровень,магнит,32,-0.5410,0.5219,-0.7609,-0.2918,17,15
1H,2/2,-1,4,SHORT,уровень,3R,57,-0.5088,0.3509,-0.8333,-0.2727,24,33
1H,2/2,-1,4,SHORT,уровень,2R,57,-0.4737,0.3050,-0.7500,-0.2727,24,33
1H,2/2,1,2,LONG,колено,магнит,105,-0.0515,0.3521,-0.0922,-0.0116,52,53
1H,2/2,1,2,LONG,уровень,магнит,85,-0.1870,0.3695,-0.1847,-0.1893,42,43
1H,2/2,1,0,LONG,уровень,3R,129,0.5194,0.3432,0.1429,0.8788,63,66
1H,2/2,1,0,LONG,уровень,2R,129,0.3488,0.2638,0.0476,0.6364,63,66
1H,2/2,1,3,LONG,свеча,магнит,96,0.3258,0.4302,0.4015,0.2590,45,51
1H,2/2,-1,2,LONG,уровень,магнит,14,-1.0000,0.0000,-1.0000,-1.0000,3,11
1H,2/2,-1,2,LONG,уровень,3R,24,-0.3333,0.6217,0.3333,-0.7333,9,15
1H,2/2,-1,2,LONG,уровень,2R,24,-0.2500,0.5417,0.3333,-0.6000,9,15
1H,2/2,-1,2,LONG,колено,магнит,81,-0.3176,0.3496,0.1591,-0.6453,33,48
1H,2/2,1,3,LONG,колено,магнит,57,0.7020,0.5776,0.4255,0.9031,24,33
1H,2/2,1,3,LONG,уровень,магнит,54,0.7965,0.5994,0.5551,0.9625,22,32
1H,2/2,-1,1,LONG,уровень,магнит,43,-0.3116,0.4830,-0.1793,-0.4267,20,23
1H,2/2,-1,3,LONG,уровень,3R,3,3.0000,0.0000,3.0000,3.0000,1,2
1H,2/2,-1,3,LONG,уровень,2R,3,2.0000,0.0000,2.0000,2.0000,1,2
1H,2/2,-1,4,LONG,уровень,3R,2,3.0000,0.0000,3.0000,3.0000,1,1
1H,2/2,-1,4,LONG,уровень,2R,2,2.0000,0.0000,2.0000,2.0000,1,1
1H,2/2,-1,5,LONG,свеча,магнит,22,0.0179,0.9718,0.0677,-0.0319,11,11
1H,2/2,-1,5,LONG,свеча,3R,22,-0.0909,0.7316,0.0909,-0.2727,11,11
1H,2/2,-1,5,LONG,свеча,2R,22,0.2273,0.6437,0.6364,-0.1818,11,11
1H,2/2,-1,5,LONG,колено,3R,22,-0.6364,0.5019,-0.2727,-1.0000,11,11
1H,2/2,-1,5,LONG,колено,2R,22,-0.4545,0.5050,-0.1818,-0.7273,11,11
1H,2/2,-1,5,SHORT,свеча,магнит,16,0.0983,1.2056,-1.0000,1.5104,9,7
1H,2/2,-1,5,SHORT,свеча,3R,22,-0.2727,0.6733,-1.0000,0.4545,11,11
1H,2/2,-1,5,SHORT,свеча,2R,22,-0.4545,0.5050,-1.0000,0.0909,11,11
1H,2/2,1,0,LONG,уровень,магнит,43,0.4358,0.6419,0.2759,0.5749,20,23
1H,2/2,1,4,LONG,свеча,магнит,63,-0.2093,0.4382,-0.5957,0.2737,35,28
1H,2/2,1,5,LONG,свеча,магнит,42,0.4598,0.8166,1.0831,-0.3713,24,18
1H,2/2,1,5,LONG,свеча,3R,56,0.2143,0.4960,0.3333,0.0769,30,26
1H,2/2,1,5,LONG,свеча,2R,56,0.2857,0.4004,0.2000,0.3846,30,26
1H,2/2,1,5,LONG,колено,3R,53,0.6604,0.5466,0.6296,0.6923,27,26
1H,2/2,1,5,LONG,колено,2R,53,0.5283,0.4160,0.2222,0.8462,27,26
1H,2/2,1,5,LONG,уровень,3R,51,0.7255,0.5603,0.6923,0.7600,26,25
1H,2/2,1,5,LONG,уровень,2R,51,0.5294,0.4242,0.2692,0.8000,26,25
1H,2/2,1,5,SHORT,свеча,магнит,54,-0.1326,0.5057,-0.1324,-0.1329,28,26
1H,2/2,1,5,SHORT,свеча,3R,56,-0.2143,0.4286,-0.2000,-0.2308,30,26
1H,2/2,1,5,SHORT,свеча,2R,56,-0.2500,0.3503,-0.2000,-0.3077,30,26
1H,2/2,1,5,SHORT,колено,магнит,47,-0.2590,0.4869,-0.2315,-0.2853,23,24
1H,2/2,1,5,SHORT,колено,3R,52,-0.3077,0.4238,-0.2857,-0.3333,28,24
1H,2/2,1,5,SHORT,колено,2R,52,-0.3077,0.3540,-0.1429,-0.5000,28,24
1H,2/2,1,5,LONG,колено,магнит,25,0.9881,0.9434,0.9187,1.1114,16,9
1H,2/2,1,5,LONG,уровень,магнит,23,1.1610,0.9937,1.0466,1.3753,15,8
1H,2/2,-1,5,LONG,колено,магнит,20,-0.7850,0.4300,-0.5223,-1.0000,9,11
1H,2/2,-1,5,SHORT,колено,3R,19,-0.7895,0.4211,-0.5556,-1.0000,9,10
1H,2/2,-1,5,SHORT,колено,2R,19,-0.8421,0.3158,-0.6667,-1.0000,9,10
1H,2/2,-1,5,SHORT,уровень,3R,19,-0.7895,0.4211,-0.5556,-1.0000,9,10
1H,2/2,-1,5,SHORT,уровень,2R,19,-0.8421,0.3158,-0.6667,-1.0000,9,10
1H,2/2,1,4,LONG,колено,магнит,44,0.3877,0.6861,-0.3475,1.0590,21,23
1H,2/2,1,4,LONG,уровень,магнит,42,0.1304,0.5957,-0.3475,0.6084,21,21
1H,2/2,-1,4,LONG,колено,магнит,31,0.3072,0.7527,0.5602,0.2191,8,23
1H,2/2,1,3,SHORT,уровень,магнит,1,-1.0000,0.0000,-1.0000,0.0000,1,0
1H,2/2,1,3,SHORT,уровень,3R,1,-1.0000,0.0000,-1.0000,0.0000,1,0
1H,2/2,1,3,SHORT,уровень,2R,1,-1.0000,0.0000,-1.0000,0.0000,1,0
1H,2/2,-1,5,SHORT,колено,магнит,8,-0.4908,1.0185,0.0185,-1.0000,4,4
1H,2/2,-1,5,SHORT,уровень,магнит,8,-0.4908,1.0185,0.0185,-1.0000,4,4
1H,2/2,-1,3,LONG,уровень,магнит,1,4.7492,0.0000,0.0000,4.7492,0,1
5m,5/5,-1,1,LONG,свеча,3R,531,-0.1864,0.1399,-0.3404,-0.0081,285,246
5m,5/5,-1,1,LONG,свеча,2R,531,-0.1017,0.1194,-0.2737,0.0976,285,246
5m,5/5,-1,1,LONG,колено,3R,518,-0.1351,0.1448,-0.4015,0.1639,274,244
5m,5/5,-1,1,LONG,колено,2R,518,-0.1660,0.1182,-0.3321,0.0205,274,244
5m,5/5,-1,1,SHORT,свеча,3R,531,0.0847,0.1545,0.3053,-0.1707,285,246
5m,5/5,-1,1,SHORT,свеча,2R,531,-0.0113,0.1225,0.1684,-0.2195,285,246
5m,5/5,1,3,LONG,свеча,3R,185,0.0162,0.2567,-0.0800,0.1294,100,85
5m,5/5,1,3,LONG,свеча,2R,186,0.0645,0.2111,0.0500,0.0814,100,86
5m,5/5,1,3,SHORT,свеча,3R,186,0.1828,0.2684,0.2000,0.1628,100,86
5m,5/5,1,3,SHORT,свеча,2R,186,0.1935,0.2159,0.2300,0.1512,100,86
5m,5/5,1,3,SHORT,колено,3R,179,0.2737,0.2793,0.8367,-0.4074,98,81
5m,5/5,1,3,SHORT,колено,2R,179,0.2402,0.2215,0.6224,-0.2222,98,81
5m,5/5,-1,1,SHORT,колено,3R,448,0.1161,0.1697,0.4899,-0.3433,247,201
5m,5/5,-1,1,SHORT,колено,2R,455,0.2000,0.1380,0.5534,-0.2426,253,202
5m,5/5,1,0,LONG,свеча,3R,403,-0.1861,0.1606,-0.4518,0.0680,197,206
5m,5/5,1,0,LONG,свеча,2R,403,-0.1216,0.1362,-0.2843,0.0340,197,206
5m,5/5,1,0,LONG,колено,3R,389,-0.0746,0.1713,-0.3016,0.1400,189,200
5m,5/5,1,0,LONG,колено,2R,391,-0.0946,0.1395,-0.2579,0.0597,190,201
5m,5/5,1,0,SHORT,свеча,3R,403,0.1613,0.1811,0.2995,0.0291,197,206
5m,5/5,1,0,SHORT,свеча,2R,403,0.1315,0.1450,0.1878,0.0777,197,206
5m,5/5,1,0,SHORT,колено,3R,311,0.1318,0.2047,0.5364,-0.2500,151,160
5m,5/5,1,0,SHORT,колено,2R,311,0.1383,0.1654,0.4305,-0.1375,151,160
5m,5/5,1,0,SHORT,уровень,3R,153,-0.0065,0.2804,0.3810,-0.4783,84,69
5m,5/5,1,0,SHORT,уровень,2R,153,0.0588,0.2326,0.3214,-0.2609,84,69
5m,5/5,1,0,SHORT,свеча,магнит,353,0.1277,0.2122,0.2086,0.0445,179,174
5m,5/5,1,0,SHORT,колено,магнит,234,0.1798,0.2842,0.4690,-0.1093,117,117
5m,5/5,1,1,LONG,свеча,3R,543,-0.2928,0.1311,-0.4201,-0.1679,269,274
5m,5/5,1,1,LONG,свеча,2R,543,-0.1602,0.1157,-0.2974,-0.0255,269,274
5m,5/5,1,1,LONG,колено,3R,462,-0.2554,0.1450,-0.3028,-0.2131,218,244
5m,5/5,1,1,LONG,колено,2R,465,-0.2065,0.1229,-0.2569,-0.1619,218,247
5m,5/5,1,1,SHORT,свеча,магнит,482,0.1791,0.1868,0.3160,0.0521,232,250
5m,5/5,1,1,SHORT,свеча,3R,543,0.2376,0.1588,0.3383,0.1387,269,274
5m,5/5,1,1,SHORT,свеча,2R,543,0.2155,0.1265,0.3606,0.0730,269,274
5m,5/5,1,1,SHORT,колено,магнит,325,0.1163,0.2244,0.2376,0.0148,148,177
5m,5/5,1,1,SHORT,колено,3R,522,0.2031,0.1607,0.4713,-0.0651,261,261
5m,5/5,1,1,SHORT,колено,2R,526,0.1350,0.1270,0.2566,0.0115,265,261
5m,5/5,1,3,LONG,колено,магнит,75,-0.2463,0.4949,-0.1563,-0.4158,49,26
5m,5/5,1,3,LONG,колено,3R,131,-0.2672,0.2714,-0.3067,-0.2143,75,56
5m,5/5,1,3,LONG,колено,2R,133,-0.2331,0.2278,-0.2105,-0.2632,76,57
5m,5/5,-1,2,LONG,свеча,3R,345,-0.0029,0.1866,-0.0947,0.1097,190,155
5m,5/5,-1,2,LONG,свеча,2R,345,-0.0261,0.1515,-0.1158,0.0839,190,155
5m,5/5,-1,2,LONG,колено,3R,256,-0.0156,0.2158,-0.2701,0.2773,137,119
5m,5/5,-1,2,LONG,колено,2R,258,0.0349,0.1779,-0.1898,0.2893,137,121
5m,5/5,-1,2,SHORT,свеча,магнит,262,-0.0971,0.2267,0.3069,-0.5073,132,130
5m,5/5,-1,2,SHORT,свеча,3R,345,-0.0261,0.1851,0.2000,-0.3032,190,155
5m,5/5,-1,2,SHORT,свеча,2R,345,-0.1043,0.1480,0.1053,-0.3613,190,155
5m,5/5,-1,2,SHORT,колено,магнит,186,-0.1078,0.2659,0.4160,-0.6204,92,94
5m,5/5,-1,2,SHORT,колено,3R,333,0.0571,0.1936,0.4645,-0.4400,183,150
5m,5/5,-1,2,SHORT,колено,2R,335,0.0209,0.1556,0.3784,-0.4200,185,150
5m,5/5,1,1,LONG,свеча,магнит,478,-0.4801,0.1299,-0.5640,-0.3896,248,230
5m,5/5,-1,1,LONG,свеча,магнит,481,-0.1375,0.1695,-0.3827,0.1632,265,216
5m,5/5,-1,1,LONG,колено,магнит,342,-0.1330,0.1900,-0.4413,0.3012,200,142
5m,5/5,-1,2,LONG,свеча,магнит,336,-0.0163,0.2202,-0.0419,0.0157,187,149
5m,5/5,-1,2,LONG,колено,магнит,214,-0.0663,0.2681,-0.2164,0.1328,122,92
5m,5/5,-1,2,SHORT,уровень,3R,294,0.0612,0.2063,0.4233,-0.3893,163,131
5m,5/5,-1,2,SHORT,уровень,2R,296,0.0338,0.1660,0.3455,-0.3588,165,131
5m,5/5,1,0,LONG,свеча,магнит,339,-0.1093,0.2048,-0.4388,0.2506,177,162
5m,5/5,1,1,LONG,колено,магнит,290,-0.4637,0.1693,-0.4216,-0.5216,168,122
5m,5/5,1,2,LONG,свеча,магнит,220,-0.0143,0.2808,0.2195,-0.1953,96,124
5m,5/5,1,2,LONG,свеча,3R,287,-0.2195,0.1875,-0.1864,-0.2426,118,169
5m,5/5,1,2,LONG,свеча,2R,287,-0.1429,0.1603,-0.0593,-0.2012,118,169
5m,5/5,1,2,LONG,колено,магнит,159,-0.2607,0.2692,-0.3575,-0.1743,75,84
5m,5/5,1,2,LONG,колено,3R,271,-0.0849,0.2045,-0.2000,0.0000,115,156
5m,5/5,1,2,LONG,колено,2R,282,-0.0213,0.1678,-0.1102,0.0427,118,164
5m,5/5,1,2,SHORT,свеча,3R,287,0.0453,0.2078,-0.0169,0.0888,118,169
5m,5/5,1,2,SHORT,свеча,2R,287,0.0871,0.1705,0.0424,0.1183,118,169
5m,5/5,1,2,SHORT,колено,3R,238,0.1092,0.2326,0.2000,0.0435,100,138
5m,5/5,1,2,SHORT,колено,2R,242,0.1157,0.1868,0.1100,0.1197,100,142
5m,5/5,1,2,SHORT,уровень,3R,39,0.7436,0.6435,0.4118,1.0000,17,22
5m,5/5,1,2,SHORT,уровень,2R,43,0.8140,0.4527,0.5882,0.9615,17,26
5m,5/5,-1,3,LONG,свеча,магнит,166,0.0149,0.3054,-0.0257,0.0967,111,55
5m,5/5,-1,3,LONG,свеча,3R,172,0.0465,0.2689,-0.0631,0.2459,111,61
5m,5/5,-1,3,LONG,свеча,2R,172,0.0640,0.2195,-0.0541,0.2787,111,61
5m,5/5,-1,3,LONG,колено,3R,168,-0.1429,0.2540,-0.2222,0.0000,108,60
5m,5/5,-1,3,LONG,колено,2R,168,-0.1786,0.2070,-0.2222,-0.1000,108,60
5m,5/5,-1,3,SHORT,свеча,магнит,135,-0.3172,0.2991,-0.1833,-0.5118,80,55
5m,5/5,-1,3,SHORT,свеча,3R,172,-0.1628,0.2489,-0.2072,-0.0820,111,61
5m,5/5,-1,3,SHORT,свеча,2R,172,-0.0930,0.2107,-0.1351,-0.0164,111,61
5m,5/5,-1,3,SHORT,колено,магнит,82,-0.1461,0.3877,-0.0721,-0.2406,46,36
5m,5/5,-1,3,SHORT,колено,3R,148,0.1081,0.2953,0.2525,-0.1837,99,49
5m,5/5,-1,3,SHORT,колено,2R,148,0.0946,0.2382,0.2424,-0.2041,99,49
5m,5/5,-1,3,LONG,колено,магнит,132,-0.1504,0.3109,-0.0740,-0.3086,89,43
5m,5/5,1,2,LONG,уровень,магнит,106,-0.1719,0.3508,-0.1642,-0.1793,52,54
5m,5/5,1,2,LONG,уровень,3R,213,-0.0047,0.2375,-0.0562,0.0323,89,124
5m,5/5,1,2,LONG,уровень,2R,224,0.0580,0.1920,0.0435,0.0682,92,132
5m,5/5,1,2,SHORT,свеча,магнит,271,-0.0714,0.2297,0.0004,-0.1212,111,160
5m,5/5,-1,0,LONG,свеча,магнит,363,-0.0732,0.2046,-0.1752,0.0363,188,175
5m,5/5,-1,0,LONG,свеча,3R,397,-0.0831,0.1690,-0.2041,0.0348,196,201
5m,5/5,-1,0,LONG,свеча,2R,397,-0.0932,0.1385,-0.1888,0.0000,196,201
5m,5/5,-1,0,LONG,колено,магнит,225,-0.0031,0.2564,-0.1917,0.1940,115,110
5m,5/5,-1,0,LONG,колено,3R,284,-0.0423,0.2029,-0.2296,0.1275,135,149
5m,5/5,-1,0,LONG,колено,2R,284,-0.1232,0.1622,-0.2222,-0.0336,135,149
5m,5/5,-1,0,LONG,уровень,магнит,54,-0.1988,0.4626,-1.0000,0.5451,26,28
5m,5/5,-1,0,LONG,уровень,3R,107,-0.2150,0.3086,-1.0000,0.2727,41,66
5m,5/5,-1,0,LONG,уровень,2R,107,-0.2430,0.2531,-0.8537,0.1364,41,66
5m,5/5,-1,0,SHORT,свеча,3R,397,0.0479,0.1768,0.1429,-0.0448,196,201
5m,5/5,-1,0,SHORT,свеча,2R,397,0.0806,0.1447,0.1633,0.0000,196,201
5m,5/5,-1,0,SHORT,колено,3R,390,0.0462,0.1783,0.2308,-0.1385,195,195
5m,5/5,-1,0,SHORT,колено,2R,390,0.0154,0.1439,0.1231,-0.0923,195,195
5m,5/5,-1,0,SHORT,уровень,3R,150,0.2000,0.3003,0.4588,-0.1385,85,65
5m,5/5,-1,0,SHORT,уровень,2R,150,0.1600,0.2394,0.2706,0.0154,85,65
5m,5/5,-1,1,SHORT,уровень,3R,194,0.0515,0.2535,0.3333,-0.3023,108,86
5m,5/5,-1,1,SHORT,уровень,2R,194,0.1907,0.2113,0.4722,-0.1628,108,86
5m,5/5,-1,1,SHORT,свеча,магнит,453,0.0760,0.1910,0.2244,-0.0826,234,219
5m,5/5,-1,1,SHORT,колено,магнит,252,-0.0076,0.2493,0.2621,-0.2905,129,123
5m,5/5,1,1,SHORT,уровень,3R,109,0.1009,0.3438,0.1176,0.0732,68,41
5m,5/5,1,1,SHORT,уровень,2R,110,0.0909,0.2765,0.0435,0.1707,69,41
5m,5/5,1,4,LONG,свеча,магнит,85,0.1531,0.5026,0.1759,0.1318,41,44
5m,5/5,1,4,LONG,свеча,3R,106,-0.0566,0.3314,-0.2889,0.1148,45,61
5m,5/5,1,4,LONG,свеча,2R,106,-0.1226,0.2664,-0.3333,0.0328,45,61
5m,5/5,1,4,LONG,колено,3R,95,-0.1579,0.3364,-0.5122,0.1111,41,54
5m,5/5,1,4,LONG,колено,2R,95,-0.0526,0.2877,-0.3415,0.1667,41,54
5m,5/5,1,4,LONG,уровень,3R,82,-0.0244,0.3817,-0.4286,0.2766,35,47
5m,5/5,1,4,LONG,уровень,2R,82,0.0610,0.3187,-0.2286,0.2766,35,47
5m,5/5,1,4,SHORT,свеча,магнит,104,0.0362,0.3912,0.2974,-0.1553,44,60
5m,5/5,1,4,SHORT,свеча,3R,106,-0.0566,0.3314,0.0667,-0.1475,45,61
5m,5/5,1,4,SHORT,свеча,2R,106,-0.0660,0.2711,0.2667,-0.3115,45,61
5m,5/5,1,5,LONG,свеча,магнит,53,-0.4261,0.5901,-0.3420,-0.6390,38,15
5m,5/5,1,5,LONG,свеча,3R,69,-0.4783,0.3267,-0.4146,-0.5714,41,28
5m,5/5,1,5,LONG,свеча,2R,69,-0.4348,0.2845,-0.4878,-0.3571,41,28
5m,5/5,1,5,LONG,колено,магнит,20,-0.0294,0.9075,-0.2407,0.6043,15,5
5m,5/5,1,5,LONG,колено,3R,56,-0.1429,0.4426,-0.6364,0.5652,33,23
5m,5/5,1,5,LONG,колено,2R,56,-0.0893,0.3720,-0.2727,0.1739,33,23
5m,5/5,1,5,LONG,уровень,магнит,16,0.2132,1.1070,-0.0508,1.0054,12,4
5m,5/5,1,5,LONG,уровень,3R,52,-0.0769,0.4720,-0.6000,0.6364,30,22
5m,5/5,1,5,LONG,уровень,2R,52,-0.0192,0.3941,-0.2000,0.2273,30,22
5m,5/5,1,5,SHORT,свеча,магнит,69,-0.4575,0.3399,-0.1923,-0.8458,41,28
5m,5/5,1,5,SHORT,свеча,3R,69,-0.1884,0.3902,0.0732,-0.5714,41,28
5m,5/5,1,5,SHORT,свеча,2R,69,-0.0870,0.3348,0.0244,-0.2500,41,28
5m,5/5,1,5,SHORT,колено,3R,65,0.3538,0.4732,1.1463,-1.0000,41,24
5m,5/5,1,5,SHORT,колено,2R,65,0.1077,0.3619,0.6098,-0.7500,41,24
5m,5/5,-1,1,LONG,уровень,магнит,35,-0.6691,0.4753,-1.0000,-0.3904,16,19
5m,5/5,-1,1,LONG,уровень,3R,69,-0.4783,0.3267,-0.4483,-0.5000,29,40
5m,5/5,-1,1,LONG,уровень,2R,69,-0.4348,0.2845,-0.3793,-0.4750,29,40
5m,5/5,-1,4,LONG,свеча,магнит,90,0.2498,0.5188,0.7647,-0.4234,51,39
5m,5/5,-1,4,LONG,свеча,3R,90,0.1556,0.3844,0.4902,-0.2821,51,39
5m,5/5,-1,4,LONG,свеча,2R,90,0.1667,0.3100,0.3529,-0.0769,51,39
5m,5/5,-1,4,LONG,колено,магнит,58,-0.0226,0.4845,0.0815,-0.1600,33,25
5m,5/5,-1,4,LONG,колено,3R,66,-0.0909,0.4158,-0.0526,-0.1429,38,28
5m,5/5,-1,4,LONG,колено,2R,66,0.0000,0.3508,0.1842,-0.2500,38,28
5m,5/5,-1,4,SHORT,свеча,магнит,51,-0.1253,0.5376,0.0483,-0.3732,30,21
5m,5/5,-1,4,SHORT,свеча,3R,90,-0.0667,0.3587,0.1765,-0.3846,51,39
5m,5/5,-1,4,SHORT,свеча,2R,90,-0.2000,0.2812,0.0588,-0.5385,51,39
5m,5/5,-1,4,SHORT,колено,3R,89,0.3933,0.4063,0.2000,0.6410,50,39
5m,5/5,-1,4,SHORT,колено,2R,89,0.0787,0.3069,-0.0400,0.2308,50,39
5m,5/5,-1,4,SHORT,уровень,3R,88,0.4091,0.4097,0.2245,0.6410,49,39
5m,5/5,-1,4,SHORT,уровень,2R,88,0.0909,0.3094,-0.0204,0.2308,49,39
5m,5/5,-1,5,LONG,свеча,магнит,56,0.3104,0.6540,0.4436,0.0884,35,21
5m,5/5,-1,5,LONG,свеча,3R,56,0.0714,0.4777,0.1429,-0.0476,35,21
5m,5/5,-1,5,LONG,свеча,2R,56,-0.1429,0.3655,-0.0571,-0.2857,35,21
5m,5/5,-1,5,LONG,колено,магнит,39,0.1934,0.6183,0.6983,-0.7083,25,14
5m,5/5,-1,5,LONG,колено,3R,54,0.2593,0.5104,0.8182,-0.6190,33,21
5m,5/5,-1,5,LONG,колено,2R,54,0.2222,0.4050,0.5455,-0.2857,33,21
5m,5/5,-1,5,SHORT,свеча,магнит,42,0.5787,0.8518,1.1165,-0.2121,25,17
5m,5/5,-1,5,SHORT,свеча,3R,56,0.0000,0.4671,0.1429,-0.2381,35,21
5m,5/5,-1,5,SHORT,свеча,2R,56,-0.0357,0.3778,0.0286,-0.1429,35,21
5m,5/5,-1,5,SHORT,колено,магнит,24,1.0870,0.9546,1.0902,1.0805,16,8
5m,5/5,-1,5,SHORT,колено,3R,51,0.5686,0.5524,0.4118,0.8824,34,17
5m,5/5,-1,5,SHORT,колено,2R,51,0.2941,0.4202,0.2353,0.4118,34,17
5m,5/5,-1,5,SHORT,уровень,магнит,19,1.1877,1.0976,1.3888,0.6245,14,5
5m,5/5,-1,5,SHORT,уровень,3R,46,0.4783,0.5756,0.5000,0.4286,32,14
5m,5/5,-1,5,SHORT,уровень,2R,46,0.2391,0.4404,0.3125,0.0714,32,14
5m,5/5,-1,0,SHORT,свеча,магнит,322,-0.1376,0.2036,-0.0912,-0.1790,152,170
5m,5/5,-1,3,SHORT,уровень,3R,130,0.1077,0.3152,0.2381,-0.1304,84,46
5m,5/5,-1,3,SHORT,уровень,2R,130,0.1077,0.2549,0.2500,-0.1522,84,46
5m,5/5,-1,0,SHORT,колено,магнит,233,0.0579,0.2455,0.4068,-0.2596,111,122
5m,5/5,-1,0,SHORT,уровень,магнит,51,0.5724,0.6092,0.9666,0.0092,30,21
5m,5/5,1,0,LONG,колено,магнит,264,-0.0181,0.2344,-0.2334,0.2248,140,124
5m,5/5,1,3,LONG,свеча,магнит,158,-0.0035,0.3373,0.0075,-0.0177,89,69
5m,5/5,1,3,LONG,уровень,магнит,44,-0.1812,0.6392,-0.1317,-0.2406,24,20
5m,5/5,1,3,LONG,уровень,3R,98,-0.1837,0.3274,-0.1837,-0.1837,49,49
5m,5/5,1,3,LONG,уровень,2R,100,-0.1300,0.2736,-0.0400,-0.2200,50,50
5m,5/5,1,3,SHORT,свеча,магнит,162,0.4017,0.3727,0.6847,0.0968,84,78
5m,5/5,1,3,SHORT,колено,магнит,120,0.4676,0.3759,1.1196,-0.2531,63,57
5m,5/5,1,5,SHORT,колено,магнит,52,0.3259,0.5955,1.0279,-1.0000,34,18
5m,5/5,1,0,LONG,уровень,магнит,56,-0.4117,0.3889,-0.8799,0.3686,35,21
5m,5/5,1,0,LONG,уровень,3R,120,-0.1000,0.3062,-0.7391,0.2973,46,74
5m,5/5,1,0,LONG,уровень,2R,120,-0.1750,0.2456,-0.6739,0.1351,46,74
5m,5/5,1,1,LONG,уровень,магнит,105,-0.1836,0.3433,-0.0651,-0.4665,74,31
5m,5/5,1,1,LONG,уровень,3R,178,0.0787,0.2669,-0.0112,0.1685,89,89
5m,5/5,1,1,LONG,уровень,2R,180,-0.0167,0.2105,-0.0562,0.0220,89,91
5m,5/5,1,2,SHORT,колено,магнит,202,-0.0289,0.2901,0.1574,-0.1642,85,117
5m,5/5,-1,1,SHORT,уровень,магнит,108,0.0857,0.3662,0.4485,-0.2772,54,54
5m,5/5,1,0,SHORT,уровень,магнит,97,0.0647,0.3803,0.4154,-0.4569,58,39
5m,5/5,1,1,SHORT,уровень,магнит,70,0.4257,0.4923,0.6773,0.1092,39,31
5m,5/5,1,4,SHORT,колено,магнит,69,-0.1195,0.4503,0.6333,-0.7707,32,37
5m,5/5,1,4,SHORT,колено,3R,78,-0.1282,0.3764,0.4054,-0.6098,37,41
5m,5/5,1,4,SHORT,колено,2R,78,-0.0385,0.3191,0.1351,-0.1951,37,41
5m,5/5,-1,2,SHORT,уровень,магнит,154,-0.0414,0.2998,0.4351,-0.5305,78,76
5m,5/5,-1,3,SHORT,уровень,магнит,67,-0.1466,0.4310,-0.1224,-0.1716,34,33
5m,5/5,-1,4,SHORT,колено,магнит,31,0.4646,0.7842,0.6727,0.2119,17,14
5m,5/5,-1,4,SHORT,уровень,магнит,30,0.5134,0.8045,0.7773,0.2119,16,14
5m,5/5,-1,3,LONG,уровень,магнит,1,-1.0000,0.0000,-1.0000,0.0000,1,0
5m,5/5,-1,3,LONG,уровень,3R,3,0.3333,2.6667,-1.0000,1.0000,1,2
5m,5/5,-1,3,LONG,уровень,2R,3,1.0000,2.0000,-1.0000,2.0000,1,2
5m,5/5,1,3,SHORT,уровень,магнит,12,1.6796,1.3897,1.9232,-1.0000,11,1
5m,5/5,1,3,SHORT,уровень,3R,17,0.8824,0.9983,1.0000,-1.0000,16,1
5m,5/5,1,3,SHORT,уровень,2R,17,1.1176,0.6835,1.0625,2.0000,16,1
5m,5/5,1,2,SHORT,уровень,магнит,28,1.0285,0.8430,1.6752,0.6692,10,18
5m,5/5,1,4,LONG,колено,магнит,51,-0.2442,0.5066,-0.0615,-0.3944,23,28
5m,5/5,1,4,LONG,уровень,магнит,38,0.0143,0.6611,0.2698,-0.1925,17,21
5m,5/5,-1,2,LONG,уровень,магнит,12,-0.6623,0.6753,-0.4935,-1.0000,8,4
5m,5/5,-1,2,LONG,уровень,3R,16,0.0000,0.8944,-0.5000,0.5000,8,8
5m,5/5,-1,2,LONG,уровень,2R,16,0.3125,0.7685,-0.6250,1.2500,8,8
5m,5/5,1,4,SHORT,уровень,магнит,5,-0.1996,1.6008,0.0005,-1.0000,4,1
5m,5/5,1,4,SHORT,уровень,3R,6,0.3333,1.6865,-0.2000,3.0000,5,1
5m,5/5,1,4,SHORT,уровень,2R,6,1.0000,1.2649,0.8000,2.0000,5,1
5m,5/5,1,5,SHORT,уровень,магнит,1,-1.0000,0.0000,-1.0000,0.0000,1,0
5m,5/5,1,5,SHORT,уровень,3R,1,-1.0000,0.0000,-1.0000,0.0000,1,0
5m,5/5,1,5,SHORT,уровень,2R,1,-1.0000,0.0000,-1.0000,0.0000,1,0
5m,2/2,-1,1,LONG,свеча,3R,533,-0.1520,0.1418,-0.2809,-0.0226,267,266
5m,2/2,-1,1,LONG,свеча,2R,533,-0.1107,0.1188,-0.2022,-0.0188,267,266
5m,2/2,-1,1,LONG,колено,3R,500,-0.0720,0.1512,-0.2610,0.1155,249,251
5m,2/2,-1,1,LONG,колено,2R,502,-0.1275,0.1217,-0.2560,0.0000,250,252
5m,2/2,-1,1,SHORT,свеча,3R,533,0.0882,0.1544,0.1835,-0.0075,267,266
5m,2/2,-1,1,SHORT,свеча,2R,533,0.0750,0.1247,0.1685,-0.0188,267,266
5m,2/2,-1,1,SHORT,колено,3R,486,0.1770,0.1655,0.3920,-0.0508,250,236
5m,2/2,-1,1,SHORT,колено,2R,493,0.1866,0.1323,0.3228,0.0418,254,239
5m,2/2,1,0,LONG,свеча,3R,380,0.0211,0.1792,-0.0056,0.0443,177,203
5m,2/2,1,0,LONG,свеча,2R,381,-0.0472,0.1433,-0.0847,-0.0147,177,204
5m,2/2,1,0,LONG,колено,3R,368,0.0652,0.1846,-0.0233,0.1429,172,196
5m,2/2,1,0,LONG,колено,2R,369,-0.0407,0.1459,-0.0983,0.0102,173,196
5m,2/2,1,0,SHORT,свеча,3R,381,0.1549,0.1860,0.1525,0.1569,177,204
5m,2/2,1,0,SHORT,свеча,2R,381,0.0787,0.1477,0.0508,0.1029,177,204
5m,2/2,1,0,SHORT,колено,3R,329,0.1185,0.1983,0.0909,0.1429,154,175
5m,2/2,1,0,SHORT,колено,2R,329,0.0122,0.1566,-0.0455,0.0629,154,175
5m,2/2,1,0,SHORT,свеча,магнит,311,0.1638,0.2348,0.2003,0.1320,145,166
5m,2/2,1,1,LONG,свеча,3R,509,-0.2063,0.1416,-0.3962,0.0000,265,244
5m,2/2,1,1,LONG,свеча,2R,509,-0.1218,0.1211,-0.2642,0.0328,265,244
5m,2/2,1,1,LONG,колено,3R,465,-0.2774,0.1429,-0.2636,-0.2920,239,226
5m,2/2,1,1,LONG,колено,2R,466,-0.3369,0.1155,-0.3250,-0.3496,240,226
5m,2/2,1,1,LONG,уровень,3R,197,-0.4315,0.1995,-0.4222,-0.4393,90,107
5m,2/2,1,1,LONG,уровень,2R,197,-0.3604,0.1755,-0.4333,-0.2991,90,107
5m,2/2,1,1,SHORT,свеча,магнит,423,0.3062,0.2109,0.5618,0.0344,218,205
5m,2/2,1,1,SHORT,свеча,3R,509,0.2181,0.1633,0.4340,-0.0164,265,244
5m,2/2,1,1,SHORT,свеча,2R,509,0.1552,0.1295,0.3019,-0.0041,265,244
5m,2/2,1,1,SHORT,колено,магнит,308,0.3699,0.2416,0.7411,0.0036,153,155
5m,2/2,1,1,SHORT,колено,3R,495,0.2768,0.1678,0.5938,-0.0628,256,239
5m,2/2,1,1,SHORT,колено,2R,495,0.2061,0.1324,0.3945,0.0042,256,239
5m,2/2,1,3,LONG,свеча,3R,196,-0.3469,0.2117,-0.4105,-0.2871,95,101
5m,2/2,1,3,LONG,свеча,2R,196,-0.1735,0.1920,-0.4316,0.0693,95,101
5m,2/2,1,3,SHORT,свеча,3R,196,0.2041,0.2628,0.6000,-0.1683,95,101
5m,2/2,1,3,SHORT,свеча,2R,196,0.2092,0.2108,0.5474,-0.1089,95,101
5m,2/2,1,3,SHORT,колено,3R,189,0.1429,0.2636,0.3913,-0.0928,92,97
5m,2/2,1,3,SHORT,колено,2R,189,0.1746,0.2136,0.5000,-0.1340,92,97
5m,2/2,-1,2,LONG,свеча,3R,343,-0.1837,0.1743,-0.2727,-0.0621,198,145
5m,2/2,-1,2,LONG,свеча,2R,343,-0.0904,0.1491,-0.1667,0.0138,198,145
5m,2/2,-1,2,LONG,колено,3R,298,-0.0201,0.1996,-0.2360,0.3000,178,120
5m,2/2,-1,2,LONG,колено,2R,298,-0.0537,0.1618,-0.2079,0.1750,178,120
5m,2/2,-1,2,SHORT,свеча,3R,343,-0.0437,0.1845,0.0505,-0.1724,198,145
5m,2/2,-1,2,SHORT,свеча,2R,343,-0.0204,0.1521,0.0606,-0.1310,198,145
5m,2/2,-1,2,SHORT,колено,3R,338,0.1006,0.1946,0.3469,-0.2394,196,142
5m,2/2,-1,2,SHORT,колено,2R,339,0.0619,0.1561,0.2335,-0.1761,197,142
5m,2/2,-1,2,SHORT,уровень,3R,268,0.0299,0.2141,0.2727,-0.2982,154,114
5m,2/2,-1,2,SHORT,уровень,2R,269,0.0706,0.1756,0.2387,-0.1579,155,114
5m,2/2,1,2,LONG,свеча,3R,302,-0.1788,0.1863,-0.4795,0.1026,146,156
5m,2/2,1,2,LONG,свеча,2R,302,-0.1258,0.1571,-0.2397,-0.0192,146,156
5m,2/2,1,2,LONG,колено,3R,289,-0.0588,0.2000,-0.3913,0.2450,138,151
5m,2/2,1,2,LONG,колено,2R,289,-0.0450,0.1647,-0.2609,0.1523,138,151
5m,2/2,1,2,LONG,уровень,3R,233,-0.0215,0.2258,-0.2621,0.1692,103,130
5m,2/2,1,2,LONG,уровень,2R,233,0.0043,0.1859,-0.0971,0.0846,103,130
5m,2/2,1,2,SHORT,свеча,3R,302,-0.0728,0.1946,0.2055,-0.3333,146,156
5m,2/2,1,2,SHORT,свеча,2R,302,-0.1358,0.1566,0.1096,-0.3654,146,156
5m,2/2,1,2,SHORT,колено,3R,259,-0.0425,0.2125,0.2913,-0.3636,127,132
5m,2/2,1,2,SHORT,колено,2R,259,-0.0386,0.1743,0.2283,-0.2955,127,132
5m,2/2,1,3,LONG,колено,3R,181,-0.1160,0.2474,-0.2093,-0.0316,86,95
5m,2/2,1,3,LONG,колено,2R,183,-0.1148,0.2028,-0.3023,0.0515,86,97
5m,2/2,1,3,LONG,уровень,3R,157,-0.0573,0.2718,-0.1282,0.0127,78,79
5m,2/2,1,3,LONG,уровень,2R,159,-0.0755,0.2204,-0.2308,0.0741,78,81
5m,2/2,1,3,SHORT,свеча,магнит,180,0.2877,0.3242,0.7450,-0.1695,90,90
5m,2/2,1,3,SHORT,колено,магнит,138,0.0916,0.3213,0.3587,-0.1834,70,68
5m,2/2,1,0,LONG,уровень,3R,129,0.2093,0.3247,-0.4098,0.7647,61,68
5m,2/2,1,0,LONG,уровень,2R,129,0.1860,0.2593,-0.2131,0.5441,61,68
5m,2/2,1,0,SHORT,колено,магнит,239,-0.0077,0.2625,0.0182,-0.0297,110,129
5m,2/2,1,1,LONG,колено,магнит,260,-0.2395,0.2082,-0.2242,-0.2601,149,111
5m,2/2,-1,2,LONG,свеча,магнит,318,-0.1116,0.2260,-0.1839,-0.0124,184,134
5m,2/2,-1,2,LONG,колено,магнит,246,0.0064,0.2444,-0.2245,0.3612,149,97
5m,2/2,-1,4,LONG,свеча,магнит,127,0.2291,0.3903,0.2527,0.1718,90,37
5m,2/2,-1,4,LONG,свеча,3R,132,0.0606,0.3085,0.0213,0.1579,94,38
5m,2/2,-1,4,LONG,свеча,2R,132,-0.0909,0.2409,-0.1702,0.1053,94,38
5m,2/2,-1,4,LONG,колено,3R,104,0.2692,0.3669,0.0000,0.8750,72,32
5m,2/2,-1,4,LONG,колено,2R,104,0.1538,0.2876,-0.0417,0.5938,72,32
5m,2/2,-1,4,SHORT,свеча,3R,132,0.1515,0.3165,0.3191,-0.2632,94,38
5m,2/2,-1,4,SHORT,свеча,2R,132,0.1364,0.2543,0.2766,-0.2105,94,38
5m,2/2,-1,4,SHORT,колено,3R,130,0.3846,0.3351,0.6522,-0.2632,92,38
5m,2/2,-1,4,SHORT,колено,2R,130,0.2000,0.2588,0.4348,-0.3684,92,38
5m,2/2,-1,4,SHORT,уровень,3R,124,0.4194,0.3451,0.7011,-0.2432,87,37
5m,2/2,-1,4,SHORT,уровень,2R,124,0.2339,0.2662,0.4828,-0.3514,87,37
5m,2/2,-1,4,LONG,колено,магнит,88,0.2230,0.4361,-0.0143,0.7888,62,26
5m,2/2,-1,0,LONG,свеча,магнит,318,0.1880,0.2470,0.2707,0.0955,168,150
5m,2/2,-1,0,LONG,свеча,3R,386,0.0259,0.1780,0.0485,0.0000,206,180
5m,2/2,-1,0,LONG,свеча,2R,386,0.0803,0.1468,0.0922,0.0667,206,180
5m,2/2,-1,0,LONG,колено,магнит,249,-0.0003,0.2589,0.0874,-0.0831,121,128
5m,2/2,-1,0,LONG,колено,3R,326,-0.0061,0.1918,-0.0353,0.0256,170,156
5m,2/2,-1,0,LONG,колено,2R,326,-0.0429,0.1551,-0.1000,0.0192,170,156
5m,2/2,-1,0,SHORT,свеча,3R,386,-0.0363,0.1744,0.0097,-0.0889,206,180
5m,2/2,-1,0,SHORT,свеча,2R,386,-0.0674,0.1415,0.0049,-0.1500,206,180
5m,2/2,-1,0,SHORT,колено,3R,374,-0.0802,0.1743,-0.0909,-0.0682,198,176
5m,2/2,-1,0,SHORT,колено,2R,375,-0.0880,0.1427,-0.0955,-0.0795,199,176
5m,2/2,-1,0,SHORT,уровень,3R,144,-0.1667,0.2717,-0.0933,-0.2464,75,69
5m,2/2,-1,0,SHORT,уровень,2R,145,-0.1517,0.2252,-0.0921,-0.2174,76,69
5m,2/2,-1,1,LONG,свеча,магнит,450,-0.1671,0.1666,-0.3131,-0.0104,233,217
5m,2/2,-1,1,LONG,колено,магнит,337,-0.1866,0.1895,-0.3094,-0.0571,173,164
5m,2/2,-1,1,SHORT,уровень,3R,224,0.1607,0.2431,0.4309,-0.1683,123,101
5m,2/2,-1,1,SHORT,уровень,2R,225,0.1067,0.1934,0.2823,-0.1089,124,101
5m,2/2,1,0,LONG,свеча,магнит,290,-0.0166,0.2248,0.0895,-0.1226,145,145
5m,2/2,1,0,LONG,колено,магнит,232,0.0286,0.2523,0.0818,-0.0285,120,112
5m,2/2,1,0,SHORT,уровень,3R,134,0.0448,0.3047,0.0968,0.0000,62,72
5m,2/2,1,0,SHORT,уровень,2R,134,-0.0149,0.2443,0.0161,-0.0417,62,72
5m,2/2,1,1,LONG,свеча,магнит,411,-0.1466,0.1827,-0.3398,0.0674,216,195
5m,2/2,1,2,LONG,свеча,магнит,204,-0.2767,0.2326,-0.4948,-0.0408,106,98
5m,2/2,1,2,LONG,колено,магнит,158,-0.0760,0.2998,-0.3101,0.1898,84,74
5m,2/2,1,0,LONG,уровень,магнит,61,0.3207,0.5650,-0.0956,0.8114,33,28
5m,2/2,-1,3,LONG,свеча,магнит,161,-0.3397,0.2621,-0.4540,-0.1752,95,66
5m,2/2,-1,3,LONG,свеча,3R,187,-0.3797,0.2123,-0.4615,-0.2771,104,83
5m,2/2,-1,3,LONG,свеча,2R,187,-0.2781,0.1881,-0.3654,-0.1687,104,83
5m,2/2,-1,3,LONG,колено,3R,183,-0.1475,0.2428,-0.4455,0.2195,101,82
5m,2/2,-1,3,LONG,колено,2R,183,-0.2295,0.1943,-0.3762,-0.0488,101,82
5m,2/2,-1,3,SHORT,свеча,магнит,134,0.0341,0.3681,0.1058,-0.0445,70,64
5m,2/2,-1,3,SHORT,свеча,3R,187,-0.0374,0.2508,0.0000,-0.0843,104,83
5m,2/2,-1,3,SHORT,свеча,2R,187,0.1390,0.2135,0.1538,0.1205,104,83
5m,2/2,-1,3,SHORT,колено,магнит,103,0.1672,0.4422,0.6095,-0.4028,58,45
5m,2/2,-1,3,SHORT,колено,3R,171,0.1228,0.2757,0.3333,-0.1467,96,75
5m,2/2,-1,3,SHORT,колено,2R,171,0.1228,0.2227,0.3438,-0.1600,96,75
5m,2/2,1,3,LONG,свеча,магнит,140,-0.4565,0.2497,-0.4328,-0.4809,71,69
5m,2/2,1,3,LONG,колено,магнит,84,-0.0605,0.3983,0.2500,-0.3049,37,47
5m,2/2,-1,1,SHORT,свеча,магнит,386,0.1468,0.2133,0.3712,-0.0535,182,204
5m,2/2,-1,3,LONG,колено,магнит,125,0.0300,0.3389,-0.3152,0.5839,77,48
5m,2/2,-1,3,SHORT,уровень,3R,150,0.0933,0.2921,0.3012,-0.1642,83,67
5m,2/2,-1,3,SHORT,уровень,2R,150,0.1000,0.2369,0.3012,-0.1493,83,67
5m,2/2,-1,4,SHORT,колено,магнит,57,0.5947,0.5616,0.8225,-0.1047,43,14
5m,2/2,1,3,LONG,уровень,магнит,60,0.1590,0.5046,0.6518,-0.2721,28,32
5m,2/2,1,4,LONG,свеча,магнит,48,0.0642,0.5817,0.2660,-0.0799,20,28
5m,2/2,1,4,LONG,свеча,3R,92,0.2174,0.3859,0.0323,0.3115,31,61
5m,2/2,1,4,LONG,свеча,2R,92,0.0435,0.2996,-0.1290,0.1311,31,61
5m,2/2,1,4,LONG,колено,магнит,38,0.0074,0.6540,0.2205,-0.1475,16,22
5m,2/2,1,4,LONG,колено,3R,91,0.0549,0.3716,-0.3333,0.2459,30,61
5m,2/2,1,4,LONG,колено,2R,91,-0.0769,0.2919,-0.2000,-0.0164,30,61
5m,2/2,1,4,LONG,уровень,магнит,33,0.1601,0.7398,0.3949,-0.0129,14,19
5m,2/2,1,4,LONG,уровень,3R,86,0.1163,0.3892,-0.2857,0.3103,28,58
5m,2/2,1,4,LONG,уровень,2R,86,-0.0581,0.3020,-0.2500,0.0345,28,58
5m,2/2,1,4,SHORT,свеча,магнит,87,0.2686,0.4351,0.4261,0.2015,26,61
5m,2/2,1,4,SHORT,свеча,3R,92,0.1304,0.3776,0.1613,0.1148,31,61
5m,2/2,1,4,SHORT,свеча,2R,92,0.1087,0.3036,0.4516,-0.0656,31,61
5m,2/2,1,4,SHORT,колено,3R,82,0.0244,0.3880,0.2000,-0.0769,30,52
5m,2/2,1,4,SHORT,колено,2R,82,0.1707,0.3252,0.3000,0.0962,30,52
5m,2/2,-1,2,LONG,уровень,магнит,17,0.1573,1.0644,-1.0000,1.1861,8,9
5m,2/2,-1,2,LONG,уровень,3R,23,0.3913,0.8123,-0.6000,1.1538,10,13
5m,2/2,-1,2,LONG,уровень,2R,23,0.0435,0.6093,-0.7000,0.6154,10,13
5m,2/2,-1,2,SHORT,свеча,магнит,229,-0.0606,0.2604,0.0937,-0.2670,131,98
5m,2/2,-1,2,SHORT,колено,магнит,186,0.1479,0.2904,0.3411,-0.1445,112,74
5m,2/2,-1,0,SHORT,свеча,магнит,293,-0.2180,0.2076,-0.1984,-0.2405,156,137
5m,2/2,1,1,LONG,уровень,магнит,97,-0.3883,0.3204,-0.3039,-0.5193,59,38
5m,2/2,1,2,SHORT,свеча,магнит,280,-0.1826,0.2145,0.0191,-0.3600,131,149
5m,2/2,-1,2,SHORT,уровень,магнит,135,-0.0032,0.3163,0.0818,-0.1308,81,54
5m,2/2,-1,1,SHORT,колено,магнит,250,0.1137,0.2423,0.4072,-0.1404,116,134
5m,2/2,-1,1,SHORT,уровень,магнит,110,-0.0086,0.3522,0.2965,-0.2924,53,57
5m,2/2,1,2,LONG,уровень,магнит,111,0.0006,0.3742,-0.0329,0.0291,51,60
5m,2/2,1,2,SHORT,колено,магнит,205,-0.1547,0.2570,0.2020,-0.4178,87,118
5m,2/2,1,5,LONG,свеча,магнит,38,-0.7734,0.3162,-1.0000,-0.6556,13,25
5m,2/2,1,5,LONG,свеча,3R,57,-0.5789,0.3281,-0.7778,-0.4872,18,39
5m,2/2,1,5,LONG,свеча,2R,57,-0.1053,0.3668,-0.6667,0.1538,18,39
5m,2/2,1,5,LONG,колено,магнит,19,-0.7524,0.4952,-1.0000,-0.6080,7,12
5m,2/2,1,5,LONG,колено,3R,46,-0.3913,0.4284,-1.0000,-0.0667,16,30
5m,2/2,1,5,LONG,колено,2R,47,-0.0426,0.4124,-0.8125,0.3548,16,31
5m,2/2,1,5,SHORT,свеча,магнит,55,0.0405,0.5131,0.2001,-0.0371,18,37
5m,2/2,1,5,SHORT,свеча,3R,57,0.0526,0.4708,0.1111,0.0256,18,39
5m,2/2,1,5,SHORT,свеча,2R,57,0.0526,0.3826,0.3333,-0.0769,18,39
5m,2/2,1,5,SHORT,колено,магнит,41,0.6008,0.6702,1.1060,0.3094,15,26
5m,2/2,1,5,SHORT,колено,3R,52,0.2308,0.5170,0.7778,-0.0588,18,34
5m,2/2,1,5,SHORT,колено,2R,52,0.0962,0.4046,0.5000,-0.1176,18,34
5m,2/2,1,1,SHORT,уровень,магнит,50,0.2019,0.5963,1.0425,-0.7848,27,23
5m,2/2,1,1,SHORT,уровень,3R,96,0.3750,0.3898,0.8182,-0.2195,55,41
5m,2/2,1,1,SHORT,уровень,2R,96,0.2812,0.3045,0.5273,-0.0488,55,41
5m,2/2,-1,5,LONG,свеча,магнит,67,0.0689,0.5242,0.3090,-0.2458,38,29
5m,2/2,-1,5,LONG,свеча,3R,70,-0.0857,0.4044,0.1000,-0.3333,40,30
5m,2/2,-1,5,LONG,свеча,2R,70,-0.1429,0.3263,0.0500,-0.4000,40,30
5m,2/2,-1,5,LONG,колено,магнит,46,0.1855,0.6040,0.2370,0.1124,27,19
5m,2/2,-1,5,LONG,колено,3R,68,0.0000,0.4232,-0.0769,0.1034,39,29
5m,2/2,-1,5,LONG,колено,2R,68,0.1029,0.3534,0.2308,-0.0690,39,29
5m,2/2,-1,5,SHORT,свеча,3R,70,0.0857,0.4283,-0.3000,0.6000,40,30
5m,2/2,-1,5,SHORT,свеча,2R,70,-0.0143,0.3393,-0.3250,0.4000,40,30
5m,2/2,-1,5,SHORT,колено,3R,65,0.2308,0.4615,0.3714,0.0667,35,30
5m,2/2,-1,5,SHORT,колено,2R,66,0.0909,0.3580,0.0833,0.1000,36,30
5m,2/2,-1,5,SHORT,уровень,3R,60,0.2667,0.4845,0.3750,0.1429,32,28
5m,2/2,-1,5,SHORT,уровень,2R,61,0.1311,0.3754,0.0909,0.1786,33,28
5m,2/2,-1,0,LONG,уровень,магнит,73,0.1290,0.5027,0.0883,0.1687,36,37
5m,2/2,-1,0,LONG,уровень,3R,129,-0.0078,0.3054,-0.0685,0.0714,73,56
5m,2/2,-1,0,LONG,уровень,2R,129,-0.0465,0.2469,-0.1370,0.0714,73,56
5m,2/2,-1,1,LONG,уровень,магнит,62,-0.3803,0.4289,-0.1059,-0.6063,28,34
5m,2/2,-1,1,LONG,уровень,3R,94,-0.1915,0.3331,-0.1628,-0.2157,43,51
5m,2/2,-1,1,LONG,уровень,2R,95,-0.2105,0.2725,-0.1628,-0.2500,43,52
5m,2/2,1,5,LONG,уровень,3R,36,-0.4444,0.4676,-1.0000,-0.2000,11,25
5m,2/2,1,5,LONG,уровень,2R,37,0.0541,0.4774,-0.7273,0.3846,11,26
5m,2/2,1,0,SHORT,уровень,магнит,81,-0.1707,0.4122,0.0441,-0.3605,38,43
5m,2/2,-1,0,SHORT,колено,магнит,221,0.0170,0.2585,0.1625,-0.1353,113,108
5m,2/2,-1,0,SHORT,уровень,магнит,67,-0.2234,0.4103,-0.0800,-0.3264,28,39
5m,2/2,-1,3,SHORT,уровень,магнит,83,0.1502,0.5096,0.5732,-0.3756,46,37
5m,2/2,-1,5,SHORT,свеча,магнит,45,0.3277,0.5971,-0.3519,1.3472,27,18
5m,2/2,-1,5,SHORT,колено,магнит,28,0.7521,0.8601,1.1331,0.3125,15,13
5m,2/2,-1,5,SHORT,уровень,магнит,23,0.9527,0.9775,1.3207,0.5512,12,11
5m,2/2,1,4,SHORT,колено,магнит,67,0.0598,0.4767,0.1986,-0.0036,21,46
5m,2/2,-1,4,SHORT,свеча,магнит,81,0.4703,0.4871,0.5208,0.3163,61,20
5m,2/2,-1,4,SHORT,уровень,магнит,52,0.6637,0.5935,0.8969,-0.0359,39,13
5m,2/2,1,2,SHORT,уровень,магнит,20,0.2709,0.8933,1.4559,-0.3673,7,13
5m,2/2,1,2,SHORT,уровень,3R,25,0.1200,0.7332,0.6667,-0.3846,12,13
5m,2/2,1,2,SHORT,уровень,2R,25,-0.0400,0.5713,0.2500,-0.3077,12,13
5m,2/2,1,3,SHORT,уровень,магнит,2,1.3174,4.6348,3.6348,-1.0000,1,1
5m,2/2,1,3,SHORT,уровень,3R,7,0.7143,1.6162,3.0000,-1.0000,3,4
5m,2/2,1,3,SHORT,уровень,2R,7,0.2857,1.2122,2.0000,-1.0000,3,4
5m,2/2,1,5,LONG,уровень,магнит,9,-1.0000,0.0000,-1.0000,-1.0000,2,7
5m,2/2,-1,3,LONG,уровень,3R,5,-1.0000,0.0000,-1.0000,-1.0000,3,2
5m,2/2,-1,3,LONG,уровень,2R,5,-0.4000,1.2000,-1.0000,0.5000,3,2
