tStart,start,dir,dur,moveImp,born,maxKN,n2,n2ag,n2ag_,lagAg,durAg,durAg_,zeroToDeath
2024-08-16T11:00,21,-1,45,-4.834406623734914,первый,2,2,0,2,-1,-1,12.5,57
2024-08-20T15:00,71,1,47,-3.5701149425287606,рывок,4,2,1,1,6,13,41,69
2024-08-22T23:00,125,-1,17,-0.9664760402287553,рывок,3,0,0,0,-1,-1,-1,58
2024-08-26T19:00,167,1,41,-1.0386954118297298,пауза,2,1,0,1,-1,-1,8,52
2024-08-30T02:00,242,-1,98,0.3740555951532419,пауза,5,2,1,1,21,61,43,144
2024-09-05T13:00,343,1,29,-4.218097447796023,рывок,2,0,0,0,-1,-1,-1,35
2024-09-09T11:00,387,-1,11,-0.8967532467532379,пауза,2,1,0,1,-1,-1,39,30
2024-09-10T15:00,414,1,118,3.45594125500667,рывок,4,3,2,1,42,33.5,8,147
2024-09-18T08:00,545,-1,47,-2.6670197740112322,рывок,2,2,1,1,22,1,6,85
2024-09-23T01:00,607,1,111,0.6045460100207674,пауза,3,1,0,1,-1,-1,38,131
2024-09-30T08:00,729,-1,92,-0.4151561476304921,пауза,4,4,2,2,55,6.0,9.0,124
2024-10-07T14:00,850,1,19,-0.753566158386624,пауза,2,1,0,1,-1,-1,22,41
2024-10-08T17:00,876,-1,51,-0.7040905134899895,рывок,3,2,1,1,0,42,55,77
2024-10-11T17:00,945,1,184,5.879090909090874,пауза,5,3,2,1,57,48.0,2,209
2024-10-24T21:00,1156,-1,52,-0.4790280590107054,пауза,2,2,1,1,16,3,59,57
2024-10-29T04:00,1209,1,57,0.1387559808612245,рывок,5,1,1,0,47,3,-1,72
2024-11-01T13:00,1287,-1,242,6.354789272030661,пауза,5,6,2,4,20,51.0,18.5,275
2024-11-18T10:00,1536,1,112,4.78753026634384,рывок,5,0,0,0,-1,-1,-1,125
2024-11-25T18:00,1659,-1,35,-0.3290333115610813,пауза,2,1,0,1,-1,-1,23,40
2024-11-27T08:00,1695,1,59,-0.48303299789374277,рывок,2,3,1,2,34,22,18.0,81
2024-12-02T22:00,1774,-1,104,-0.6192147034252174,рывок,2,3,1,2,65,10,53.5,139
2024-12-09T12:00,1879,1,73,1.3363425925926091,рывок,4,3,1,2,56,5,8.5,92
2024-12-12T23:00,1959,-1,146,2.494419076610851,рывок,4,8,5,3,20,3,3,160
2024-12-24T12:00,2132,-1,11,-0.843691148775904,пауза,2,1,0,1,-1,-1,31,37
2024-12-26T23:00,2163,1,11,-0.8525809273840796,рывок,2,0,0,0,-1,-1,-1,37
2024-12-27T21:00,2184,-1,42,-0.1903328944893714,пауза,4,0,0,0,-1,-1,-1,54
2025-01-06T15:00,2293,-1,3,-1.5238757533611653,рывок,1,0,0,0,-1,-1,-1,15
2025-01-08T11:00,2335,1,72,0.9348628691983056,пауза,5,1,0,1,-1,-1,32,113
2025-01-14T04:00,2420,-1,27,-0.8776019983347353,рывок,2,1,0,1,-1,-1,55,46
2025-01-15T10:00,2449,1,47,2.3333333333332997,рывок,5,0,0,0,-1,-1,-1,64
2025-01-17T22:00,2507,-1,25,-2.261486939048997,рывок,4,0,0,0,-1,-1,-1,42
2025-01-21T15:00,2544,1,80,3.026402640263927,рывок,4,2,1,1,55,23,5,101
2025-01-27T19:00,2640,-1,20,-0.8031193032205921,рывок,4,0,0,0,-1,-1,-1,45
2025-01-29T09:00,2676,1,63,2.198672356567073,рывок,5,2,1,1,34,29,19,85
2025-02-04T05:00,2764,1,57,1.1130053580126482,пауза,4,1,0,1,-1,-1,23,80
2025-02-10T08:00,2859,1,103,-0.08208124652197485,рывок,4,2,1,1,61,38,21,140
2025-02-17T16:00,2982,-1,14,-0.2888135593220333,пауза,2,0,0,0,-1,-1,-1,41
2025-02-18T13:00,3000,1,119,-0.5745416810792344,рывок,5,4,2,2,1,40.0,20.0,129
2025-02-26T01:00,3126,-1,85,1.3577271722308029,рывок,2,2,1,1,36,32,57,108
2025-03-04T06:00,3223,1,105,0.2579831932773133,рывок,2,4,2,2,39,12.5,10.5,124
2025-03-10T19:00,3329,-1,14,-1.4629289215686128,рывок,1,1,1,0,0,14,-1,30
2025-03-12T08:00,3364,1,168,8.362472406181183,пауза,4,2,0,2,-1,-1,17.5,196
2025-03-28T15:00,3647,1,48,1.5256956630734313,пауза,5,0,0,0,-1,-1,-1,92
2025-04-03T05:00,3728,-1,1,-0.10013717421125128,пауза,1,0,0,0,-1,-1,-1,18
2025-04-03T22:00,3745,-1,80,0.8162626572568294,пауза,4,2,1,1,9,48,5,100
2025-04-10T14:00,3852,1,50,1.3893729873081961,рывок,5,0,0,0,-1,-1,-1,85
2025-04-15T12:00,3919,-1,12,-0.48012779552715285,пауза,0,1,1,0,7,3,-1,17
2025-04-16T17:00,3947,1,23,-0.8127518369281713,рывок,2,2,1,1,0,22,7,47
2025-04-17T22:00,3975,-1,4,-0.8165192242259303,пауза,1,0,0,0,-1,-1,-1,11
2025-04-23T06:00,4028,1,10,-0.3341177106999891,пауза,2,1,0,1,-1,-1,19,68
2025-04-24T22:00,4067,-1,2,-0.6546147778069984,пауза,1,0,0,0,-1,-1,-1,9
2025-04-25T06:00,4074,-1,39,-0.7478306600052654,рывок,2,1,1,0,20,14,-1,51
2025-04-29T13:00,4127,1,21,-0.5929047024552626,пауза,2,0,0,0,-1,-1,-1,52
2025-04-30T21:00,4158,-1,60,-0.13197201739459208,пауза,4,2,1,1,13,12,9,85
2025-05-08T21:00,4296,-1,57,0.9401665989435246,пауза,5,2,1,1,33,22,4,73
2025-05-13T22:00,4366,1,16,-1.6032770605759765,пауза,2,1,0,1,-1,-1,25,34
2025-05-16T19:00,4432,1,149,1.2169873921698706,пауза,3,5,3,2,13,22,6.5,154
2025-05-27T23:00,4595,-1,12,-0.8817446888512877,рывок,2,1,0,1,-1,-1,18,32
2025-05-30T22:00,4663,1,88,0.8302782869521749,пауза,4,2,2,0,5,29.0,-1,129
2025-06-06T13:00,4769,-1,49,0.4667858616421468,пауза,4,1,0,1,-1,-1,8,71
2025-06-11T07:00,4832,1,78,1.3799346987236616,пауза,5,1,0,1,-1,-1,90,103
2025-06-16T21:00,4915,-1,111,-0.11380295688905304,пауза,5,1,0,1,-1,-1,8,118
2025-06-25T15:00,5068,-1,18,-0.6050370016710402,пауза,2,2,1,1,9,6,5,60
2025-06-30T02:00,5124,-1,17,-1.2390180878552925,пауза,3,1,0,1,-1,-1,39,54
2025-06-30T21:00,5143,1,63,1.1709074532762929,рывок,5,2,1,1,44,19,3,83
2025-07-03T21:00,5212,-1,123,-0.5961361545538131,рывок,3,5,2,3,30,13.5,2,135
2025-07-14T01:00,5349,1,16,-1.3145900421104744,рывок,3,0,0,0,-1,-1,-1,46
2025-07-15T18:00,5389,-1,29,-0.8160647325833886,пауза,5,2,1,1,5,6,10,60
2025-07-18T20:00,5460,-1,12,-0.3117966627861889,пауза,2,0,0,0,-1,-1,-1,60
2025-07-21T23:00,5486,1,41,0.06362252663623075,рывок,4,1,1,0,30,9,-1,63
2025-07-24T02:00,5534,-1,151,2.802122168052751,рывок,5,3,2,1,69,23.5,2,164
2025-08-04T07:00,5700,1,117,0.2695273877793147,рывок,5,5,3,2,42,16,13.0,143
2025-08-14T03:00,5880,1,14,-1.731517509727645,рывок,3,1,0,1,-1,-1,16,37
2025-08-15T16:00,5916,-1,14,-1.1615525832677638,рывок,2,1,0,1,-1,-1,7,50
2025-08-19T08:00,5954,1,11,-0.577394814469812,пауза,2,1,0,1,-1,-1,29,40
2025-08-21T19:00,6011,1,334,10.743338267949685,пауза,5,9,5,4,34,18,3.5,372
2025-09-12T17:00,6375,1,62,0.9979024646041159,пауза,4,3,1,2,28,33,24.0,87
2025-09-17T21:00,6448,-1,45,-1.697324917342956,рывок,4,1,0,1,-1,-1,76,63
2025-09-23T09:00,6528,1,33,-0.15682967959527983,пауза,4,0,0,0,-1,-1,-1,72
2025-09-25T08:00,6573,-1,32,-1.1855063942378354,пауза,2,1,1,0,15,16,-1,53
2025-09-29T01:00,6612,1,185,10.0531471446437,рывок,5,5,3,2,55,30,9.5,203
2025-10-09T21:00,6816,-1,24,-0.9491017964071801,пауза,4,2,2,0,3,8.5,-1,49
2025-10-10T23:00,6841,1,110,4.237223127816672,рывок,5,1,1,0,1,105,-1,126
2025-10-20T10:00,6966,-1,5,-0.8011127379209315,пауза,2,0,0,0,-1,-1,-1,30
2025-10-21T05:00,6984,1,8,-1.705271565495221,рывок,1,0,0,0,-1,-1,-1,27
2025-10-22T14:00,7016,-1,25,-0.7433149979332939,пауза,2,1,0,1,-1,-1,39,63
2025-10-27T00:00,7072,-1,55,0.8418895486311803,пауза,5,2,1,1,0,48,16,85
2025-10-30T17:00,7158,1,30,-0.4957627118644088,рывок,4,1,1,0,0,24,-1,70
2025-11-03T22:00,7208,1,8,-0.9797216699801226,пауза,1,0,0,0,-1,-1,-1,19
2025-11-04T15:00,7224,-1,40,-0.8747445255474463,пауза,4,1,0,1,-1,-1,77,61
2025-11-14T10:00,7403,-1,70,0.9481470299645202,пауза,5,1,0,1,-1,-1,30,89
2025-11-20T01:00,7486,1,3,-1.3977083718351442,рывок,1,0,0,0,-1,-1,-1,10
2025-11-20T09:00,7494,-1,57,-0.8486078074716701,пауза,4,2,1,1,46,2,5,72
2025-12-02T22:00,7689,-1,61,-0.2781848086124332,пауза,2,3,1,2,34,1,15.5,67
2025-12-05T15:00,7751,1,6,-1.0909090909090575,рывок,3,0,0,0,-1,-1,-1,37
2025-12-08T13:00,7772,-1,27,-0.14159292035398824,пауза,5,0,0,0,-1,-1,-1,46
2025-12-09T22:00,7804,1,282,11.169250371628744,рывок,5,7,5,2,34,40,17.5,288
2025-12-30T21:00,8122,-1,30,-0.25722387913753686,рывок,2,2,1,1,7,12,76,79
2026-01-05T02:00,8172,1,74,0.625512295081969,рывок,5,1,0,1,-1,-1,21,100
2026-01-09T20:00,8282,1,112,3.610817307692457,пауза,5,2,0,2,-1,-1,16.5,141
2026-01-19T18:00,8418,1,119,11.89330342838834,пауза,4,2,1,1,78,38,16,143
2026-01-27T14:00,8550,-1,8,-0.8272994350282443,пауза,2,1,0,1,-1,-1,46,27
2026-01-28T16:00,8575,1,48,-5.564629629629626,рывок,3,1,0,1,-1,-1,58,71
2026-01-30T19:00,8624,-1,36,-0.18969048863523846,рывок,4,0,0,0,-1,-1,-1,77
2026-02-04T01:00,8675,1,39,-0.6027607006147757,рывок,4,1,0,1,-1,-1,33,68
2026-02-05T23:00,8720,-1,24,-1.6576453790238834,рывок,5,0,0,0,-1,-1,-1,60
2026-02-09T18:00,8761,1,69,-1.8164169978599785,рывок,2,0,0,0,-1,-1,-1,75
2026-02-12T23:00,8835,-1,19,-0.4819215504857459,пауза,2,1,1,0,8,10,-1,27
2026-02-16T12:00,8870,1,11,-0.8582981069656358,пауза,2,0,0,0,-1,-1,-1,33
2026-02-17T12:00,8891,-1,27,-0.552027597859757,пауза,3,1,0,1,-1,-1,13,38
2026-02-19T07:00,8932,1,190,2.937039984085972,пауза,5,3,2,1,11,72.5,29,227
2026-03-03T23:00,9132,-1,69,-0.6906592029409275,рывок,4,3,2,1,46,2.5,29,89
2026-03-09T12:00,9214,-1,14,-0.7706469442124921,пауза,2,1,1,0,6,5,-1,27
2026-03-10T10:00,9235,1,36,-0.5530269966955498,рывок,4,1,0,1,-1,-1,10,53
2026-03-12T18:00,9289,-1,188,9.815192743764234,рывок,5,5,3,2,11,49,3.0,226
2026-03-25T10:00,9488,1,20,-1.2865448960561676,рывок,2,1,0,1,-1,-1,39,38
2026-03-26T15:00,9516,-1,25,-0.5409254013219986,пауза,4,1,0,1,-1,-1,7,37
2026-03-27T22:00,9546,1,208,1.0946706388612992,пауза,5,7,4,3,19,23.5,15,217
2026-04-13T15:00,9768,-1,9,-0.36268508345106376,пауза,2,0,0,0,-1,-1,-1,30
2026-04-14T16:00,9792,1,116,-1.4135309768148905,рывок,4,4,1,3,100,7,19,137
2026-04-21T19:00,9910,-1,154,0.946899246134387,рывок,5,4,2,2,56,30.5,21.0,203
2026-05-01T01:00,10076,1,9,-1.2514134488151014,пауза,0,0,0,0,-1,-1,-1,14
2026-05-01T17:00,10092,-1,57,-0.11425548796613899,пауза,2,3,1,2,15,25,26.0,69
2026-05-06T18:00,10162,1,54,-0.024606855979185133,пауза,2,2,1,1,44,8,6,71
2026-05-13T08:00,10267,-1,124,1.9514464557604434,пауза,5,1,0,1,-1,-1,21,152
2026-05-21T21:00,10418,1,50,0.06400048623351737,пауза,2,3,3,0,9,2,-1,55
2026-05-27T07:00,10494,-1,35,-0.016178736517732276,пауза,5,0,0,0,-1,-1,-1,63
2026-05-29T07:00,10540,1,32,-2.2910866027843158,пауза,1,1,0,1,-1,-1,15,37
2026-06-02T15:00,10594,-1,45,0.033806121360776986,пауза,2,2,1,1,14,22,14,88
2026-06-08T13:00,10684,-1,79,0.43873098527036286,пауза,3,2,1,1,44,32,22,100
2026-06-12T07:00,10770,1,83,1.476612656679908,рывок,2,2,1,1,56,16,3,96
2026-06-18T10:00,10865,-1,44,0.7264227642276514,пауза,4,0,0,0,-1,-1,-1,57
2026-06-23T16:00,10936,-1,48,0.8725540320706557,пауза,4,1,1,0,18,27,-1,60
2026-06-26T10:00,10999,1,42,-0.9888053603529997,пауза,4,0,0,0,-1,-1,-1,70
2026-06-30T22:00,11057,1,5,-0.6937340153452639,пауза,1,0,0,0,-1,-1,-1,12
2026-07-02T05:00,11086,1,52,0.9431149694442755,пауза,5,1,0,1,-1,-1,11,70
2026-07-07T06:00,11152,-1,52,0.6214499252616089,пауза,4,3,2,1,7,11.0,4,57
2026-07-10T03:00,11218,1,28,-1.9519720955191853,рывок,2,1,0,1,-1,-1,34,48
2026-07-13T16:00,11254,-1,22,-0.6752444673185765,рывок,4,1,0,1,-1,-1,16,38
2026-07-15T16:00,11300,-1,66,0.8390817469204943,пауза,3,3,1,2,25,23,45.5,78
2026-07-21T05:00,11381,1,55,1.1208661880663704,рывок,5,0,0,0,-1,-1,-1,90
2026-07-24T23:00,11468,-1,4,-0.9552412645590748,пауза,2,0,0,0,-1,-1,-1,55
2026-07-27T08:00,11476,1,20,-0.7671581468452927,пауза,2,1,0,1,-1,-1,20,29
2026-07-28T22:00,11513,-1,22,-1.84796869605247,пауза,3,1,0,1,-1,-1,16,33
2026-07-30T13:00,11550,1,120,1.7744656597321136,пауза,4,3,1,2,72,48,21.5,139
2026-08-10T09:00,11707,1,70,0.1989385379215874,пауза,5,0,0,0,-1,-1,-1,106
2026-08-13T21:00,11788,-1,41,-1.35628860559864,пауза,2,1,0,1,-1,-1,30,46
2026-08-17T17:00,11830,1,23,-1.7062479005709916,рывок,4,1,0,1,-1,-1,24,38
2026-08-19T09:00,11868,-1,6,-1.0912186815860005,пауза,1,1,0,1,-1,-1,22,22
2026-08-20T13:00,11895,1,97,2.2917972549443206,пауза,5,1,1,0,16,75,-1,129
2026-08-27T10:00,12007,-1,119,2.5955607282400774,пауза,5,5,3,2,8,17,25.0,172
2026-09-04T21:00,12156,-1,27,-0.1054059445441848,пауза,2,0,0,0,-1,-1,-1,38
