№,дата начала (0),дата конца (5),последовательность,№ посл.,цена (0),цена (1),цена (2),цена (3),цена (4),цена (5),ход в цене,ход % от нуля,баров,растут ли вершины,что после (5),перекрытие
1,2017-07-28 04:00,2017-07-31 20:00,LH·HL·HH·HL·LH,П5,1257.46,1260.61,1258.22,1271.23,1265.88,1270.4,13.77,1.1,39,нет,HL,нет
2,2017-08-07 12:00,2017-08-08 10:00,HH·HL·HH·HL·HH,П6,1255.83,1260.04,1257.08,1261.05,1259.22,1265.35,9.52,0.76,21,да,LL,нет
3,2017-08-08 15:00,2017-08-11 12:00,HH·HL·HH·HL·HH,П6,1251.61,1278.79,1274.74,1289.11,1283.97,1292.35,40.74,3.25,66,да,LL,нет
4,2017-08-16 13:00,2017-08-18 13:00,HH·HL·LH·HL·HH,П16,1267.73,1290.25,1281.25,1289.46,1286.0,1300.93,33.19,2.62,46,нет,LL,нет
5,2017-08-22 14:00,2017-08-24 05:00,HH·HL·LH·HL·LH,П25,1282.05,1291.6,1286.8,1291.3,1287.16,1290.23,9.54,0.74,37,нет,LL,нет
6,2017-08-24 08:00,2017-08-25 13:00,HH·HL·LH·HL·HH,П16,1284.49,1290.25,1284.88,1287.2,1285.96,1295.15,10.66,0.83,28,нет,LL,нет
7,2017-08-25 13:00,2017-08-30 10:00,HH·HL·LH·HL·HH,П16,1276.2,1326.13,1305.06,1313.53,1306.37,1313.78,49.94,3.91,66,нет,LL,да
8,2017-09-01 14:00,2017-09-05 02:00,HH·HL·LH·HL·HH,П16,1316.45,1340.04,1332.27,1336.01,1332.29,1338.7,23.59,1.79,30,нет,LL,нет
9,2017-09-19 16:00,2017-09-20 18:00,HH·HL·HH·HL·HH,П6,1305.19,1311.8,1309.73,1316.15,1310.95,1316.29,11.11,0.85,25,да,LL,нет
10,2017-09-21 12:00,2017-09-24 22:00,LH·HL·LH·HL·LH,П29,1288.15,1298.87,1293.45,1298.53,1294.16,1298.03,10.72,0.83,32,нет,LL,нет
11,2017-09-28 06:00,2017-09-29 12:00,HH·HL·HH·HL·HH,П6,1277.81,1286.34,1282.11,1288.75,1283.63,1290.5,12.7,0.99,29,да,LL,нет
12,2017-10-03 01:00,2017-10-04 06:00,LH·HL·HH·HL·HH,П1,1268.42,1272.55,1269.31,1274.78,1270.65,1278.7,10.28,0.81,28,да,HL,нет
13,2017-10-09 14:00,2017-10-10 15:00,HH·HL·HH·HL·HH,П6,1279.46,1285.26,1282.21,1288.35,1288.27,1294.31,14.84,1.16,24,да,LL,нет
14,2017-10-11 17:00,2017-10-16 00:00,HH·HL·HH·HL·HH,П6,1284.64,1297.57,1289.71,1298.52,1291.08,1304.69,20.05,1.56,52,да,HL,нет
15,2017-10-27 12:00,2017-10-31 06:00,HH·HL·HH·HL·LH,П12,1263.58,1274.71,1269.0,1278.89,1274.95,1278.24,15.31,1.21,40,нет,LL,нет
16,2017-10-31 14:00,2017-11-01 14:00,LH·HL·HH·HL·LH,П5,1267.84,1272.06,1267.99,1280.92,1272.38,1279.96,13.08,1.03,23,нет,HL,нет
17,2017-11-02 11:00,2017-11-03 12:00,HH·HL·LH·HL·HH,П16,1273.32,1284.27,1274.96,1278.78,1276.27,1280.59,10.95,0.86,24,нет,LL,нет
18,2017-11-03 15:00,2017-11-06 17:00,LH·HL·LH·HL·HH,П20,1265.53,1271.19,1266.17,1270.71,1267.67,1283.08,17.55,1.39,24,нет,HL,нет
19,2017-11-07 15:00,2017-11-09 11:00,LH·HL·HH·HL·HH,П1,1271.97,1278.35,1276.01,1287.26,1280.06,1288.28,16.31,1.28,42,да,HL,нет
20,2017-11-16 07:00,2017-11-17 18:00,HH·HL·HH·HL·HH,П6,1275.17,1281.88,1276.41,1284.08,1281.15,1296.98,21.81,1.71,34,да,HL,нет
21,2017-11-20 18:00,2017-11-22 00:00,LH·HL·HH·HL·LH,П5,1274.52,1281.48,1276.27,1284.83,1279.54,1282.51,10.31,0.81,28,нет,LL,нет
22,2017-11-22 03:00,2017-11-24 02:00,HH·HL·LH·HL·LH,П25,1279.12,1294.7,1287.13,1293.71,1289.12,1293.34,15.58,1.22,41,нет,LL,нет
23,2017-11-24 11:00,2017-11-28 00:00,LH·HL·HH·HL·LH,П5,1285.81,1291.43,1286.79,1299.33,1292.29,1296.85,13.51,1.05,32,нет,LL,нет
24,2017-12-07 20:00,2017-12-10 23:00,LH·HL·HH·HL·LH,П5,1243.96,1249.76,1244.01,1252.42,1246.52,1249.3,8.46,0.68,25,нет,HL,нет
25,2017-12-14 15:00,2017-12-15 13:00,LH·HL·LH·HL·HH,П20,1250.54,1256.72,1252.48,1255.94,1254.08,1261.96,11.41,0.91,21,нет,LL,нет
26,2017-12-18 01:00,2017-12-19 12:00,HH·HL·HH·HL·HH,П6,1252.87,1264.08,1260.35,1265.07,1262.64,1265.39,12.52,1.0,34,да,LL,нет
27,2017-12-21 13:00,2017-12-26 06:00,HH·HL·HH·HL·HH,П6,1262.89,1268.97,1265.08,1276.2,1273.41,1279.28,16.39,1.3,39,да,HL,нет
28,2018-01-04 01:00,2018-01-08 11:00,HH·HL·LH·HL·LH,П25,1305.94,1326.06,1313.68,1322.18,1314.75,1321.15,20.13,1.54,56,нет,HL,нет
29,2018-01-10 01:00,2018-01-11 03:00,HH·HL·LH·HL·HH,П16,1308.32,1327.87,1314.68,1320.44,1316.38,1320.96,19.56,1.49,25,нет,LL,нет
30,2018-01-11 07:00,2018-01-12 10:00,HH·HL·HH·HL·HH,П6,1315.82,1324.1,1320.98,1330.47,1326.62,1333.24,17.42,1.32,26,да,LL,нет
31,2018-01-12 13:00,2018-01-15 23:00,HH·HL·HH·HL·LH,П12,1323.42,1339.43,1336.0,1344.87,1338.75,1342.44,21.46,1.62,28,нет,LL,нет
32,2018-01-18 01:00,2018-01-19 08:00,LH·HL·HH·HL·HH,П1,1324.3,1330.03,1325.26,1333.2,1325.58,1338.16,13.86,1.05,30,да,HL,нет
33,2018-01-22 17:00,2018-01-24 19:00,HH·HL·HH·HL·HH,П6,1330.79,1338.85,1331.47,1342.41,1339.58,1362.24,31.45,2.36,48,да,HL,нет
34,2018-01-25 19:00,2018-01-29 00:00,LH·HL·LH·HL·LH,П29,1342.44,1357.23,1348.77,1354.47,1348.82,1352.51,14.79,1.1,27,нет,LL,нет
35,2018-01-31 19:00,2018-02-02 07:00,HH·HL·HH·HL·LH,П12,1332.9,1347.53,1337.33,1351.06,1346.45,1349.44,18.16,1.36,34,нет,LL,нет
36,2018-02-02 15:00,2018-02-05 11:00,LH·HL·LH·HL·HH,П20,1327.47,1336.75,1328.47,1333.98,1329.06,1338.66,11.19,0.84,19,нет,HL,нет
37,2018-02-09 15:00,2018-02-13 10:00,HH·HL·LH·HL·HH,П16,1311.21,1326.7,1316.84,1326.23,1321.36,1331.03,19.83,1.51,41,нет,HL,нет
38,2018-02-14 13:00,2018-02-15 08:00,HH·HL·LH·HL·HH,П16,1318.0,1355.52,1349.86,1355.36,1352.32,1357.19,39.19,2.97,18,нет,LL,нет
39,2018-02-22 07:00,2018-02-23 17:00,LH·HL·LH·HL·LH,П29,1321.03,1332.34,1325.88,1331.72,1326.8,1330.64,11.31,0.86,33,нет,LL,нет
40,2018-02-25 23:00,2018-02-27 08:00,HH·HL·LH·HL·LH,П25,1326.73,1341.07,1330.28,1336.84,1331.44,1334.79,14.34,1.08,32,нет,LL,нет
41,2018-03-01 15:00,2018-03-02 18:00,LH·HL·HH·HL·LH,П5,1302.83,1321.25,1315.82,1325.58,1317.57,1323.84,22.75,1.75,26,нет,HL,нет
42,2018-03-05 19:00,2018-03-07 11:00,LH·HL·HH·HL·LH,П5,1317.61,1324.32,1320.63,1340.6,1332.25,1333.86,22.99,1.74,38,нет,LL,нет
43,2018-03-20 14:00,2018-03-21 19:00,LH·HL·HH·HL·HH,П1,1307.21,1313.41,1309.46,1317.97,1314.02,1336.81,29.6,2.26,28,да,HL,нет
44,2018-03-29 15:00,2018-04-03 06:00,HH·HL·HH·HL·LH,П12,1321.25,1330.45,1328.44,1344.99,1337.35,1342.17,23.74,1.8,37,нет,LL,нет
45,2018-04-09 10:00,2018-04-12 07:00,HH·HL·HH·HL·LH,П12,1326.93,1338.38,1331.09,1365.37,1347.65,1352.35,38.44,2.9,66,нет,LL,нет
46,2018-04-13 11:00,2018-04-16 14:00,HH·HL·HH·HL·HH,П6,1333.48,1347.29,1340.26,1348.87,1341.18,1350.59,17.11,1.28,26,да,HL,нет
47,2018-04-17 12:00,2018-04-18 22:00,LH·HL·HH·HL·LH,П5,1337.71,1347.78,1342.38,1355.81,1347.61,1351.64,18.1,1.35,32,нет,HL,нет
48,2018-05-02 19:00,2018-05-03 18:00,LH·HL·HH·HL·LH,П5,1303.96,1310.62,1306.5,1318.18,1310.71,1315.09,14.22,1.09,22,нет,LL,нет
49,2018-05-10 07:00,2018-05-11 12:00,HH·HL·LH·HL·HH,П16,1310.79,1323.19,1316.27,1322.34,1318.5,1326.05,15.26,1.16,28,нет,LL,нет
50,2018-05-21 07:00,2018-05-23 00:00,LH·HL·HH·HL·LH,П5,1282.03,1293.54,1287.95,1296.64,1291.02,1295.71,14.61,1.14,39,нет,LL,нет
51,2018-05-23 13:00,2018-05-25 13:00,LH·HL·HH·HL·HH,П1,1287.88,1296.02,1292.84,1306.64,1301.64,1307.89,20.01,1.55,46,да,LL,нет
52,2018-05-29 13:00,2018-05-31 06:00,LH·HL·HH·HL·HH,П1,1292.89,1304.73,1295.91,1305.15,1301.3,1306.91,14.02,1.08,39,да,LL,нет
53,2018-06-05 05:00,2018-06-06 14:00,HH·HL·HH·HL·HH,П6,1289.91,1294.19,1290.41,1300.63,1293.9,1301.91,12.01,0.93,32,да,HL,нет
54,2018-06-21 12:00,2018-06-25 00:00,HH·HL·HH·HL·HH,П6,1261.26,1270.23,1266.75,1271.18,1266.95,1272.7,11.44,0.91,34,да,LL,нет
55,2018-06-28 18:00,2018-06-29 16:00,LH·HL·HH·HL·HH,П1,1245.98,1249.57,1245.99,1252.89,1248.61,1255.67,9.69,0.78,21,да,LL,нет
56,2018-07-03 05:00,2018-07-04 16:00,HH·HL·HH·HL·LH,П12,1238.02,1256.98,1252.11,1261.18,1254.04,1258.44,23.16,1.87,34,нет,LL,нет
57,2018-07-12 00:00,2018-07-13 01:00,LH·HL·HH·HL·LH,П5,1241.42,1246.44,1242.5,1248.63,1245.38,1248.21,7.21,0.58,24,нет,LL,нет
58,2018-07-19 12:00,2018-07-23 17:00,HH·HL·HH·HL·LH,П12,1211.52,1229.6,1215.64,1235.24,1222.34,1226.32,23.72,1.96,51,нет,LL,нет
59,2018-08-17 00:00,2018-08-20 08:00,LH·HL·HH·HL·HH,П1,1171.92,1179.38,1173.58,1179.96,1176.48,1189.9,17.98,1.53,31,да,HL,нет
60,2018-09-04 14:00,2018-09-06 00:00,LH·HL·HH·HL·HH,П1,1189.69,1194.67,1191.95,1198.55,1195.12,1200.04,10.35,0.87,32,да,HL,нет
61,2018-09-11 13:00,2018-09-12 18:00,HH·HL·LH·HL·HH,П16,1187.82,1199.46,1192.73,1197.68,1193.0,1208.54,20.72,1.74,28,нет,HL,нет
62,2018-09-18 07:00,2018-09-20 03:00,HH·HL·HH·HL·HH,П6,1195.9,1203.63,1196.99,1206.25,1201.27,1206.72,10.82,0.9,42,да,HL,нет
63,2018-09-21 13:00,2018-09-25 01:00,LH·HL·HH·HL·LH,П5,1192.02,1199.76,1194.46,1204.23,1198.45,1199.56,12.21,1.02,34,нет,LL,нет
64,2018-09-28 07:00,2018-10-02 15:00,HH·HL·HH·HL·HH,П6,1180.77,1194.01,1184.62,1194.78,1189.12,1208.3,27.53,2.33,54,да,HL,нет
65,2018-10-04 04:00,2018-10-08 00:00,LH·HL·LH·HL·LH,П29,1196.02,1206.81,1196.9,1205.87,1200.35,1204.19,10.79,0.9,42,нет,LL,нет
66,2018-10-08 15:00,2018-10-10 06:00,LH·HL·LH·HL·LH,П29,1182.9,1191.98,1183.38,1191.48,1188.72,1191.09,9.08,0.77,37,нет,LL,нет
67,2018-10-10 12:00,2018-10-12 03:00,HH·HL·HH·HL·LH,П12,1185.38,1195.18,1191.37,1226.4,1217.6,1222.36,41.03,3.46,37,нет,LL,нет
68,2018-10-12 06:00,2018-10-16 00:00,HH·HL·HH·HL·LH,П12,1215.9,1223.81,1216.35,1233.29,1224.22,1228.7,17.39,1.43,40,нет,HL,нет
69,2018-10-24 12:00,2018-10-25 13:00,LH·HL·HH·HL·LH,П5,1225.72,1233.46,1227.46,1239.27,1230.11,1235.48,13.55,1.11,24,нет,LL,нет
70,2018-10-25 18:00,2018-10-26 15:00,LH·HL·HH·HL·HH,П1,1228.13,1233.26,1230.16,1238.62,1232.04,1243.47,15.34,1.25,20,да,LL,нет
71,2018-10-31 13:00,2018-11-02 09:00,LH·HL·HH·HL·LH,П5,1212.0,1217.46,1222.49,1237.5,1231.03,1236.48,25.5,2.1,42,нет,LL,нет
72,2018-11-15 13:00,2018-11-16 14:00,LH·HL·HH·HL·HH,П1,1207.68,1215.9,1211.44,1217.26,1214.24,1225.36,17.69,1.46,24,да,HL,нет
73,2018-11-21 00:00,2018-11-22 10:00,HH·HL·HH·HL·LH,П12,1219.87,1225.56,1222.29,1230.0,1225.0,1229.18,10.14,0.83,33,нет,HL,нет
74,2018-11-28 14:00,2018-11-29 16:00,HH·HL·HH·HL·HH,П6,1211.28,1226.39,1220.2,1228.48,1224.39,1229.09,17.81,1.47,25,да,LL,нет
75,2018-11-30 14:00,2018-12-04 14:00,HH·HL·HH·HL·HH,П6,1216.75,1232.41,1227.95,1235.07,1230.08,1242.04,25.29,2.08,46,да,HL,нет
76,2018-12-05 08:00,2018-12-06 02:00,LH·HL·HH·HL·HH,П1,1233.42,1238.8,1235.53,1239.13,1236.08,1240.85,7.44,0.6,17,да,LL,нет
77,2018-12-06 07:00,2018-12-09 23:00,HH·HL·LH·HL·HH,П16,1234.79,1244.36,1236.53,1240.67,1238.07,1251.28,16.49,1.34,38,нет,HL,нет
78,2018-12-11 19:00,2018-12-13 07:00,LH·HL·HH·HL·LH,П5,1241.09,1246.25,1242.09,1247.24,1244.05,1246.84,6.15,0.5,34,нет,LL,нет
79,2018-12-14 14:00,2018-12-17 18:00,LH·HL·LH·HL·HH,П20,1233.0,1240.39,1235.87,1238.21,1236.53,1248.2,15.2,1.23,27,нет,HL,нет
80,2018-12-18 07:00,2018-12-19 15:00,HH·HL·HH·HL·HH,П6,1245.17,1250.48,1245.92,1251.45,1246.79,1258.09,12.93,1.04,31,да,LL,нет
81,2018-12-19 21:00,2018-12-21 08:00,LH·HL·HH·HL·LH,П5,1241.85,1245.88,1253.57,1266.56,1259.75,1262.83,24.7,1.99,33,нет,LL,нет
82,2018-12-21 18:00,2018-12-26 16:00,HH·HL·HH·HL·HH,П6,1254.01,1265.48,1259.44,1274.85,1271.13,1279.13,25.11,2.0,42,да,LL,нет
83,2018-12-26 20:00,2018-12-28 08:00,LH·HL·HH·HL·HH,П1,1264.72,1272.42,1266.75,1278.99,1274.15,1282.24,17.52,1.39,34,да,HL,нет
84,2019-01-08 13:00,2019-01-10 03:00,LH·HL·HH·HL·HH,П1,1279.44,1287.24,1280.15,1293.93,1291.71,1297.19,17.76,1.39,36,да,LL,нет
85,2019-01-10 21:00,2019-01-15 01:00,LH·HL·HH·HL·LH,П5,1286.14,1295.25,1287.08,1295.95,1288.53,1293.43,9.81,0.76,49,нет,LL,нет
86,2019-01-21 12:00,2019-01-23 01:00,LH·HL·HH·HL·HH,П1,1276.85,1281.11,1277.54,1284.93,1279.35,1285.78,8.93,0.7,31,да,HL,нет
87,2019-01-24 13:00,2019-01-29 00:00,LH·HL·HH·HL·HH,П1,1276.91,1283.98,1279.59,1304.52,1297.77,1304.69,27.77,2.18,56,да,HL,нет
88,2019-01-30 18:00,2019-02-01 01:00,HH·HL·HH·HL·LH,П12,1309.16,1323.37,1317.54,1326.31,1318.93,1321.92,17.15,1.31,29,нет,LL,нет
89,2019-02-05 09:00,2019-02-06 08:00,HH·HL·LH·HL·LH,П25,1310.82,1316.95,1312.76,1315.87,1312.85,1315.67,6.13,0.47,22,нет,LL,нет
90,2019-02-07 04:00,2019-02-11 06:00,LH·HL·HH·HL·LH,П5,1302.89,1311.96,1307.89,1315.65,1310.63,1312.41,12.77,0.98,48,нет,LL,нет
91,2019-02-11 14:00,2019-02-12 18:00,LH·HL·HH·HL·LH,П5,1303.76,1310.42,1306.6,1314.8,1308.37,1312.67,11.03,0.85,27,нет,HL,нет
92,2019-02-14 12:00,2019-02-15 20:00,HH·HL·HH·HL·HH,П6,1302.45,1314.42,1311.49,1319.98,1314.34,1322.54,20.09,1.54,31,да,HL,нет
93,2019-02-21 21:00,2019-02-25 06:00,LH·HL·HH·HL·LH,П5,1321.21,1327.01,1321.69,1333.13,1326.98,1331.99,11.91,0.9,31,нет,LL,нет
94,2019-03-07 08:00,2019-03-08 14:00,HH·HL·HH·HL·HH,П6,1280.92,1289.05,1282.96,1295.87,1291.66,1300.84,19.91,1.55,29,да,HL,нет
95,2019-03-11 17:00,2019-03-13 19:00,HH·HL·HH·HL·HH,П6,1290.56,1297.49,1294.47,1305.86,1303.83,1311.29,20.73,1.61,48,да,LL,нет
96,2019-03-14 13:00,2019-03-18 12:00,LH·HL·HH·HL·HH,П1,1292.93,1297.11,1294.19,1306.45,1298.33,1306.78,13.85,1.07,45,да,HL,нет
97,2019-03-21 16:00,2019-03-25 18:00,LH·HL·HH·HL·HH,П1,1303.35,1310.37,1307.43,1314.96,1309.8,1324.57,21.21,1.63,48,да,HL,нет
98,2019-04-05 12:00,2019-04-09 16:00,HH·HL·LH·HL·HH,П16,1284.5,1303.75,1296.35,1300.12,1297.17,1306.23,21.73,1.69,50,нет,HL,нет
99,2019-04-18 06:00,2019-04-22 10:00,HH·HL·HH·HL·HH,П6,1271.28,1277.69,1272.62,1279.81,1276.52,1279.88,8.6,0.68,27,да,LL,нет
100,2019-04-23 14:00,2019-04-25 07:00,LH·HL·HH·HL·HH,П1,1266.42,1273.18,1268.87,1278.55,1273.47,1278.59,12.17,0.96,39,да,HL,нет
101,2019-05-08 17:00,2019-05-09 14:00,LH·HL·HH·HL·HH,П1,1279.5,1282.86,1279.71,1285.62,1280.36,1288.2,8.7,0.68,20,да,HL,нет
102,2019-05-15 06:00,2019-05-16 07:00,HH·HL·LH·HL·HH,П16,1293.14,1300.92,1294.8,1297.37,1295.25,1298.76,7.78,0.6,24,нет,LL,нет
103,2019-05-21 13:00,2019-05-22 16:00,LH·HL·HH·HL·LH,П5,1269.6,1275.4,1272.58,1277.33,1273.23,1276.64,7.73,0.61,26,нет,LL,нет
104,2019-05-24 13:00,2019-05-28 00:00,LH·HL·HH·HL·LH,П5,1280.84,1285.11,1283.9,1287.45,1285.02,1286.65,6.61,0.52,29,нет,LL,нет
105,2019-05-30 07:00,2019-06-04 08:00,HH·HL·HH·HL·HH,П6,1275.12,1312.81,1309.34,1328.0,1321.72,1329.11,53.99,4.23,70,да,LL,нет
106,2019-06-04 12:00,2019-06-05 22:00,LH·HL·HH·HL·LH,П5,1320.04,1328.9,1324.63,1344.14,1327.12,1333.84,24.1,1.83,32,нет,HL,нет
107,2019-06-11 12:00,2019-06-12 16:00,LH·HL·HH·HL·LH,П5,1320.0,1328.84,1326.12,1338.42,1329.96,1337.03,18.42,1.4,27,нет,HL,нет
108,2019-06-17 09:00,2019-06-19 00:00,LH·HL·HH·HL·LH,П5,1333.12,1343.3,1338.74,1354.62,1339.43,1347.01,21.5,1.61,37,нет,HL,нет
109,2019-06-19 11:00,2019-06-21 02:00,HH·HL·LH·HL·HH,П16,1341.44,1394.28,1377.98,1393.42,1386.79,1411.99,70.55,5.26,37,нет,LL,нет
110,2019-06-21 07:00,2019-06-24 11:00,LH·HL·HH·HL·LH,П5,1382.56,1400.34,1389.3,1411.28,1400.93,1410.69,28.72,2.08,27,нет,HL,нет
111,2019-07-01 07:00,2019-07-04 01:00,LH·HL·HH·HL·LH,П5,1381.9,1396.37,1383.07,1437.8,1412.15,1421.74,55.9,4.04,63,нет,LL,нет
112,2019-07-09 08:00,2019-07-11 09:00,HH·HL·HH·HL·LH,П12,1385.87,1400.09,1390.05,1427.2,1419.48,1424.0,41.33,2.98,47,нет,LL,нет
113,2019-07-15 14:00,2019-07-16 09:00,HH·HL·LH·HL·HH,П16,1407.81,1418.38,1411.19,1415.73,1412.22,1416.31,10.57,0.75,18,нет,LL,нет
114,2019-07-18 12:00,2019-07-22 13:00,HH·HL·LH·HL·LH,П25,1414.77,1453.01,1420.34,1429.99,1424.39,1429.18,38.23,2.7,47,нет,HL,нет
115,2019-07-23 05:00,2019-07-24 14:00,HH·HL·LH·HL·HH,П16,1414.3,1430.19,1416.19,1422.51,1418.43,1429.55,15.89,1.12,32,нет,HL,нет
116,2019-07-26 12:00,2019-07-29 13:00,HH·HL·LH·HL·LH,П25,1413.55,1424.91,1416.47,1424.34,1417.55,1422.29,11.37,0.8,24,нет,LL,нет
117,2019-07-29 13:00,2019-07-30 18:00,HH·HL·HH·HL·HH,П6,1414.94,1428.09,1422.41,1431.05,1425.02,1433.28,18.34,1.3,28,да,HL,да
118,2019-08-01 13:00,2019-08-02 16:00,HH·HL·LH·HL·HH,П16,1400.61,1449.0,1430.39,1440.18,1431.04,1447.91,48.38,3.45,26,нет,HL,нет
119,2019-08-12 07:00,2019-08-13 10:00,HH·HL·HH·HL·HH,П6,1487.48,1508.49,1499.94,1520.0,1509.74,1535.09,47.62,3.2,26,да,LL,нет
120,2019-08-13 13:00,2019-08-14 17:00,LH·HL·HH·HL·HH,П1,1479.99,1503.95,1494.29,1518.35,1506.07,1524.11,44.12,2.98,27,да,HL,нет
121,2019-08-19 22:00,2019-08-20 23:00,LH·HL·HH·HL·LH,П5,1493.06,1499.54,1494.48,1508.62,1501.52,1508.12,15.56,1.04,24,нет,LL,нет
122,2019-08-22 11:00,2019-08-26 14:00,HH·HL·HH·HL·LH,П12,1492.59,1504.7,1493.67,1555.18,1525.19,1537.12,62.59,4.19,49,нет,HL,нет
123,2019-08-27 01:00,2019-08-28 01:00,HH·HL·HH·HL·LH,П12,1525.84,1535.07,1528.62,1544.72,1537.43,1544.71,18.88,1.24,23,нет,LL,нет
124,2019-08-28 02:00,2019-08-29 06:00,HH·HL·LH·HL·HH,П16,1532.0,1546.93,1533.87,1542.66,1537.87,1550.4,18.4,1.2,27,нет,LL,нет
125,2019-08-30 17:00,2019-09-03 15:00,HH·HL·LH·HL·HH,П16,1517.16,1535.08,1519.44,1531.34,1521.73,1549.81,32.65,2.15,40,нет,HL,нет
126,2019-09-06 12:00,2019-09-09 13:00,HH·HL·LH·HL·HH,П16,1502.71,1527.84,1503.43,1512.6,1504.71,1515.47,25.13,1.67,24,нет,LL,нет
127,2019-09-10 20:00,2019-09-12 12:00,LH·HL·HH·HL·HH,П1,1484.7,1495.07,1487.0,1498.5,1489.36,1524.25,39.55,2.66,38,да,HL,нет
128,2019-09-18 18:00,2019-09-23 02:00,LH·HL·HH·HL·HH,П1,1483.31,1504.56,1496.67,1506.85,1498.7,1519.62,36.31,2.45,53,да,HL,нет
129,2019-09-26 12:00,2019-09-27 05:00,HH·HL·LH·HL·LH,П25,1500.4,1512.38,1502.01,1507.48,1504.71,1507.07,11.98,0.8,16,нет,LL,нет
130,2019-10-01 08:00,2019-10-01 23:00,LH·HL·HH·HL·LH,П5,1459.17,1470.21,1462.15,1487.26,1477.68,1482.5,28.09,1.92,14,нет,LL,нет
131,2019-10-03 06:00,2019-10-04 12:00,HH·HL·LH·HL·HH,П16,1495.92,1519.65,1504.75,1510.09,1506.52,1515.82,23.73,1.59,29,нет,LL,нет
132,2019-10-08 01:00,2019-10-09 07:00,HH·HL·HH·HL·HH,П6,1487.17,1508.75,1497.87,1509.75,1504.0,1511.47,24.3,1.63,29,да,LL,нет
133,2019-10-09 11:00,2019-10-10 12:00,LH·HL·HH·HL·LH,П5,1499.94,1509.32,1503.09,1517.11,1503.9,1511.39,17.17,1.14,24,нет,LL,нет
134,2019-10-11 14:00,2019-10-15 03:00,LH·HL·LH·HL·HH,П20,1474.09,1497.15,1488.78,1493.64,1490.67,1495.49,23.05,1.56,35,нет,LL,нет
135,2019-10-22 00:00,2019-10-23 09:00,LH·HL·HH·HL·HH,П1,1480.96,1489.05,1482.96,1490.71,1488.22,1495.06,14.1,0.95,32,да,HL,нет
136,2019-10-25 17:00,2019-10-28 07:00,LH·HL·HH·HL·HH,П1,1500.72,1506.26,1502.18,1506.27,1503.38,1508.28,7.56,0.5,13,да,LL,нет
137,2019-10-28 14:00,2019-10-29 07:00,LH·HL·LH·HL·HH,П20,1490.14,1494.01,1490.34,1493.01,1490.98,1494.85,4.72,0.32,16,нет,LL,нет
138,2019-10-29 13:00,2019-10-30 14:00,LH·HL·LH·HL·HH,П20,1483.6,1492.52,1487.11,1489.55,1487.39,1495.75,12.15,0.82,24,нет,LL,нет
139,2019-11-01 12:00,2019-11-04 08:00,HH·HL·LH·HL·LH,П25,1503.41,1516.17,1507.25,1514.4,1511.1,1514.06,12.76,0.85,18,нет,LL,нет
140,2019-11-12 15:00,2019-11-13 19:00,HH·HL·HH·HL·HH,П6,1445.71,1460.44,1457.89,1466.78,1460.47,1467.08,21.38,1.48,27,да,HL,нет
141,2019-11-29 13:00,2019-12-03 01:00,HH·HL·LH·HL·LH,П25,1453.15,1466.46,1454.18,1465.46,1461.36,1463.96,13.31,0.92,31,нет,LL,нет
142,2019-12-08 23:00,2019-12-10 14:00,LH·HL·LH·HL·HH,П20,1458.8,1465.41,1459.21,1462.12,1460.18,1469.22,10.43,0.71,38,нет,HL,нет
143,2019-12-12 23:00,2019-12-16 07:00,LH·HL·HH·HL·HH,П1,1461.88,1475.53,1465.48,1478.08,1473.28,1478.8,16.92,1.16,31,да,HL,нет
144,2019-12-18 13:00,2019-12-20 06:00,LH·HL·HH·HL·LH,П5,1470.58,1478.51,1473.36,1481.76,1478.0,1479.75,11.18,0.76,39,нет,LL,нет
145,2019-12-20 16:00,2019-12-24 09:00,HH·HL·HH·HL·HH,П6,1475.92,1485.3,1480.57,1486.22,1484.46,1493.04,17.12,1.16,39,да,HL,нет
146,2019-12-27 07:00,2019-12-30 16:00,HH·HL·HH·HL·HH,П6,1507.42,1515.32,1510.14,1515.82,1510.88,1516.18,8.76,0.58,32,да,HL,нет
147,2020-01-09 06:00,2020-01-10 08:00,LH·HL·LH·HL·LH,П29,1540.26,1556.58,1544.92,1555.13,1545.78,1552.5,16.33,1.06,25,нет,HL,нет
148,2020-01-14 01:00,2020-01-15 08:00,LH·HL·HH·HL·HH,П1,1536.02,1547.13,1541.04,1548.91,1550.39,1554.28,18.27,1.19,30,да,LL,нет
149,2020-01-16 15:00,2020-01-17 13:00,LH·HL·HH·HL·HH,П1,1548.1,1554.2,1549.46,1557.04,1554.19,1560.78,12.69,0.82,21,да,LL,нет
150,2020-01-17 15:00,2020-01-21 02:00,HH·HL·HH·HL·HH,П6,1554.14,1561.3,1556.34,1562.8,1558.33,1568.7,14.55,0.94,29,да,LL,нет
151,2020-01-21 14:00,2020-01-22 23:00,LH·HL·LH·HL·HH,П20,1546.4,1560.07,1550.28,1559.26,1554.67,1563.82,17.41,1.13,31,нет,LL,нет
152,2020-01-24 13:00,2020-01-27 11:00,HH·HL·HH·HL·LH,П12,1556.63,1575.93,1569.6,1588.63,1575.93,1586.34,32.0,2.06,21,нет,HL,нет
153,2020-01-29 03:00,2020-01-30 17:00,LH·HL·HH·HL·HH,П1,1563.47,1574.51,1568.88,1583.07,1572.39,1586.03,22.56,1.44,37,да,LL,нет
154,2020-02-05 09:00,2020-02-07 00:00,LH·HL·HH·HL·HH,П1,1547.55,1559.64,1552.56,1568.34,1561.66,1569.19,21.64,1.4,37,да,LL,нет
155,2020-02-07 13:00,2020-02-10 17:00,HH·HL·LH·HL·HH,П16,1560.46,1576.69,1568.1,1575.28,1571.46,1577.06,16.59,1.06,27,нет,LL,нет
156,2020-02-12 08:00,2020-02-13 10:00,LH·HL·HH·HL·HH,П1,1561.98,1567.75,1563.61,1570.5,1565.04,1577.61,15.63,1.0,25,да,HL,нет
157,2020-02-26 14:00,2020-02-27 15:00,LH·HL·HH·HL·HH,П1,1625.02,1650.03,1636.2,1652.66,1641.4,1660.42,35.4,2.18,24,да,LL,нет
158,2020-03-02 20:00,2020-03-03 23:00,LH·HL·HH·HL·HH,П1,1584.12,1601.24,1593.58,1649.31,1626.47,1653.0,68.88,4.35,25,да,HL,нет
159,2020-03-06 15:00,2020-03-09 13:00,HH·HL·LH·HL·HH,П16,1642.35,1703.28,1657.62,1685.33,1662.4,1685.76,60.93,3.71,22,нет,LL,нет
160,2020-03-16 13:00,2020-03-17 22:00,LH·HL·HH·HL·LH,П5,1451.43,1519.64,1465.81,1554.01,1520.85,1546.43,102.58,7.07,31,нет,LL,нет
161,2020-03-19 22:00,2020-03-24 02:00,HH·HL·LH·HL·HH,П16,1455.32,1516.18,1479.46,1508.41,1485.17,1583.65,128.33,8.82,50,нет,HL,нет
162,2020-04-01 13:00,2020-04-03 03:00,LH·HL·HH·HL·LH,П5,1572.83,1596.07,1583.22,1619.97,1609.01,1614.42,47.14,3.0,36,нет,LL,нет
163,2020-04-03 12:00,2020-04-07 07:00,HH·HL·HH·HL·LH,П12,1606.82,1626.06,1609.26,1675.61,1655.0,1669.48,68.79,4.28,41,нет,LL,нет
164,2020-04-08 00:00,2020-04-09 01:00,LH·HL·HH·HL·LH,П5,1641.47,1655.54,1642.58,1656.59,1643.84,1649.99,15.11,0.92,24,нет,HL,нет
165,2020-04-15 07:00,2020-04-16 12:00,LH·HL·LH·HL·HH,П20,1708.28,1727.03,1708.99,1723.97,1712.02,1738.75,30.47,1.78,28,нет,LL,нет
166,2020-04-20 00:00,2020-04-20 20:00,LH·HL·HH·HL·LH,П5,1671.22,1685.71,1673.08,1702.42,1685.88,1698.11,31.2,1.87,20,нет,HL,нет
167,2020-04-21 11:00,2020-04-23 01:00,LH·HL·LH·HL·HH,П20,1661.42,1692.83,1671.31,1691.6,1680.48,1719.49,58.08,3.5,36,нет,HL,нет
168,2020-05-05 07:00,2020-05-06 08:00,LH·HL·HH·HL·LH,П5,1689.82,1709.79,1693.27,1711.92,1700.83,1708.49,22.1,1.31,24,нет,LL,нет
169,2020-05-06 20:00,2020-05-08 01:00,HH·HL·HH·HL·LH,П12,1682.63,1694.16,1684.66,1722.29,1711.41,1720.62,39.66,2.36,27,нет,HL,нет
170,2020-05-11 15:00,2020-05-13 06:00,HH·HL·LH·HL·LH,П25,1692.13,1711.19,1698.09,1706.66,1700.32,1706.01,19.06,1.13,37,нет,LL,нет
171,2020-05-13 08:00,2020-05-14 16:00,HH·HL·LH·HL·HH,П16,1699.26,1719.91,1711.27,1719.61,1711.27,1736.16,36.9,2.17,31,нет,HL,нет
172,2020-05-19 06:00,2020-05-20 12:00,LH·HL·HH·HL·HH,П1,1726.62,1739.21,1731.05,1751.16,1746.49,1753.43,26.81,1.55,29,да,LL,нет
173,2020-05-27 13:00,2020-05-28 23:00,HH·HL·HH·HL·LH,П12,1694.01,1715.39,1705.77,1727.55,1711.47,1722.4,33.54,1.98,32,нет,HL,нет
174,2020-06-03 14:00,2020-06-04 17:00,LH·HL·HH·HL·HH,П1,1689.59,1705.57,1698.47,1718.33,1700.45,1721.48,31.89,1.89,26,да,HL,нет
175,2020-06-05 14:00,2020-06-09 01:00,LH·HL·HH·HL·HH,П1,1670.44,1685.94,1677.51,1697.62,1686.48,1704.91,34.47,2.06,33,да,HL,нет
176,2020-06-11 11:00,2020-06-15 00:00,HH·HL·LH·HL·LH,П25,1721.29,1744.92,1722.5,1743.34,1728.09,1734.21,23.62,1.37,35,нет,LL,нет
177,2020-06-18 14:00,2020-06-22 14:00,LH·HL·HH·HL·HH,П1,1717.69,1725.6,1721.65,1758.68,1742.68,1763.13,45.44,2.65,46,да,HL,нет
178,2020-06-24 22:00,2020-06-26 08:00,LH·HL·LH·HL·HH,П20,1754.25,1769.0,1755.56,1766.81,1758.31,1766.88,14.75,0.84,33,нет,LL,нет
179,2020-06-29 12:00,2020-06-30 06:00,LH·HL·LH·HL·HH,П20,1765.94,1774.32,1767.46,1773.83,1768.84,1773.86,8.37,0.47,17,нет,LL,нет
180,2020-07-06 02:00,2020-07-08 14:00,HH·HL·HH·HL·HH,П6,1770.1,1787.39,1773.79,1797.41,1791.53,1818.09,47.99,2.71,58,да,HL,нет
181,2020-07-16 19:00,2020-07-20 14:00,LH·HL·HH·HL·HH,П1,1795.12,1799.58,1795.99,1811.92,1805.88,1820.65,25.53,1.42,41,да,HL,нет
182,2020-07-30 15:00,2020-08-03 06:00,HH·HL·HH·HL·LH,П12,1939.34,1983.1,1959.96,1986.77,1960.54,1977.54,47.43,2.45,37,нет,HL,нет
183,2020-08-04 11:00,2020-08-06 14:00,HH·HL·LH·HL·HH,П16,1966.86,2055.93,2028.69,2054.1,2041.14,2069.82,102.96,5.23,49,нет,HL,нет
184,2020-08-12 04:00,2020-08-13 17:00,HH·HL·LH·HL·HH,П16,1862.9,1949.5,1907.11,1942.84,1920.51,1966.42,103.52,5.56,36,нет,HL,нет
185,2020-08-27 14:00,2020-08-31 16:00,LH·HL·HH·HL·LH,П5,1910.19,1935.2,1923.19,1976.78,1954.42,1975.1,66.59,3.49,48,нет,HL,нет
186,2020-09-11 03:00,2020-09-14 15:00,HH·HL·LH·HL·HH,П16,1937.24,1954.77,1937.25,1951.74,1940.03,1962.54,25.29,1.31,35,нет,HL,нет
187,2020-09-15 14:00,2020-09-16 18:00,LH·HL·HH·HL·LH,П5,1948.47,1958.92,1949.91,1973.78,1956.62,1970.16,25.31,1.3,27,нет,LL,нет
188,2020-09-21 14:00,2020-09-22 18:00,LH·HL·LH·HL·LH,П29,1882.43,1920.06,1894.7,1917.63,1896.93,1907.13,37.63,2.0,27,нет,HL,нет
189,2020-09-28 08:00,2020-09-30 15:00,HH·HL·HH·HL·HH,П6,1848.8,1887.33,1875.68,1899.18,1881.52,1902.35,53.55,2.9,53,да,HL,нет
190,2020-10-07 01:00,2020-10-08 13:00,LH·HL·LH·HL·HH,П20,1872.9,1898.07,1879.3,1889.32,1883.54,1900.69,27.79,1.48,35,нет,LL,нет
191,2020-10-08 17:00,2020-10-12 05:00,HH·HL·HH·HL·LH,П12,1882.0,1912.97,1905.76,1933.29,1921.67,1932.06,51.29,2.73,34,нет,LL,нет
192,2020-10-20 02:00,2020-10-21 08:00,LH·HL·HH·HL·HH,П1,1894.61,1908.25,1897.74,1914.12,1906.72,1922.85,28.24,1.49,29,да,HL,нет
193,2020-10-22 14:00,2020-10-23 12:00,LH·HL·HH·HL·HH,П1,1894.78,1907.53,1901.44,1907.84,1902.83,1914.36,19.58,1.03,21,да,LL,нет
194,2020-10-29 13:00,2020-11-02 02:00,LH·HL·HH·HL·LH,П5,1860.08,1878.14,1866.73,1889.76,1873.5,1885.64,29.68,1.6,34,нет,HL,нет
195,2020-11-04 01:00,2020-11-06 14:00,LH·HL·HH·HL·HH,П1,1882.21,1912.32,1893.3,1952.79,1935.72,1960.39,78.17,4.15,59,да,HL,нет
196,2020-11-09 16:00,2020-11-11 06:00,LH·HL·LH·HL·LH,П29,1850.53,1890.51,1867.52,1885.37,1872.07,1884.47,39.98,2.16,36,нет,LL,нет
197,2020-11-11 14:00,2020-11-13 01:00,LH·HL·HH·HL·LH,П5,1856.45,1872.73,1863.32,1883.88,1874.15,1882.01,27.43,1.48,33,нет,HL,нет
198,2020-11-19 13:00,2020-11-20 15:00,LH·HL·HH·HL·HH,П1,1852.79,1867.79,1860.97,1869.86,1861.06,1879.82,27.03,1.46,25,да,HL,нет
199,2020-11-24 15:00,2020-11-25 14:00,LH·HL·HH·HL·HH,П1,1800.42,1812.17,1801.81,1815.23,1806.64,1817.77,17.35,0.96,22,да,LL,нет
200,2020-11-25 19:00,2020-11-26 13:00,LH·HL·HH·HL·LH,П5,1804.33,1812.76,1806.86,1818.34,1811.16,1815.3,14.0,0.78,17,нет,LL,нет
201,2020-11-30 02:00,2020-12-01 18:00,LH·HL·HH·HL·HH,П1,1764.57,1783.91,1764.67,1784.53,1775.52,1817.36,52.79,2.99,39,да,HL,нет
202,2020-12-07 08:00,2020-12-08 14:00,HH·HL·HH·HL·HH,П6,1822.25,1868.58,1856.95,1871.88,1860.35,1875.31,53.05,2.91,30,да,LL,нет
203,2020-12-09 18:00,2020-12-11 02:00,LH·HL·HH·HL·LH,П5,1825.58,1842.52,1828.77,1850.02,1830.28,1840.75,24.44,1.34,30,нет,LL,нет
204,2020-12-14 10:00,2020-12-16 02:00,LH·HL·HH·HL·HH,П1,1819.42,1839.1,1822.28,1847.6,1842.49,1858.39,38.97,2.14,38,да,HL,нет
205,2020-12-28 11:00,2020-12-29 16:00,LH·HL·LH·HL·HH,П20,1869.31,1896.55,1871.2,1883.6,1871.87,1886.44,27.24,1.46,28,нет,HL,нет
206,2020-12-30 13:00,2020-12-31 16:00,HH·HL·LH·HL·HH,П16,1876.2,1899.9,1885.53,1896.16,1891.92,1900.44,24.24,1.29,26,нет,LL,нет
207,2020-12-31 18:00,2021-01-05 14:00,HH·HL·HH·HL·HH,П6,1890.47,1944.52,1929.42,1945.74,1934.44,1952.73,62.26,3.29,42,да,HL,нет
208,2021-01-11 01:00,2021-01-12 10:00,LH·HL·LH·HL·HH,П20,1817.16,1855.57,1829.12,1851.67,1841.39,1863.87,46.71,2.57,32,нет,LL,нет
209,2021-01-14 02:00,2021-01-15 09:00,HH·HL·LH·HL·HH,П16,1829.49,1857.59,1843.89,1855.74,1846.83,1856.99,28.11,1.54,30,нет,LL,нет
210,2021-01-17 23:00,2021-01-19 10:00,LH·HL·HH·HL·HH,П1,1802.95,1840.85,1829.73,1843.75,1836.34,1845.67,42.72,2.37,30,да,LL,нет
211,2021-01-27 14:00,2021-01-29 00:00,LH·HL·HH·HL·LH,П5,1831.43,1850.67,1834.13,1864.22,1835.08,1845.38,32.79,1.79,32,нет,HL,нет
212,2021-02-04 15:00,2021-02-08 00:00,LH·HL·HH·HL·HH,П1,1785.02,1811.32,1793.53,1815.2,1809.63,1818.96,33.94,1.9,31,да,LL,нет
213,2021-02-08 08:00,2021-02-10 13:00,HH·HL·HH·HL·HH,П6,1807.87,1839.23,1828.93,1848.63,1832.28,1855.45,47.59,2.63,51,да,HL,нет
214,2021-02-15 10:00,2021-02-16 10:00,LH·HL·HH·HL·LH,П5,1816.07,1824.37,1816.19,1826.5,1818.96,1825.68,10.43,0.57,19,нет,LL,нет
215,2021-02-19 01:00,2021-02-22 01:00,HH·HL·HH·HL·LH,П12,1760.75,1777.62,1767.99,1791.7,1777.42,1789.73,30.94,1.76,23,нет,HL,нет
216,2021-03-02 03:00,2021-03-03 07:00,HH·HL·HH·HL·LH,П12,1707.34,1736.35,1720.43,1741.02,1730.1,1736.01,33.68,1.97,27,нет,LL,нет
217,2021-03-12 09:00,2021-03-15 20:00,HH·HL·HH·HL·LH,П12,1699.22,1734.08,1721.72,1734.58,1722.76,1732.25,35.36,2.08,35,нет,HL,нет
218,2021-03-18 13:00,2021-03-21 22:00,LH·HL·HH·HL·HH,П1,1719.25,1737.72,1728.54,1745.43,1733.32,1747.05,27.8,1.62,31,да,LL,нет
219,2021-03-24 01:00,2021-03-24 16:00,LH·HL·HH·HL·HH,П1,1723.89,1734.54,1727.23,1735.99,1728.44,1738.62,14.72,0.85,15,да,HL,нет
220,2021-03-31 02:00,2021-04-01 07:00,HH·HL·HH·HL·HH,П6,1677.95,1688.82,1682.34,1715.28,1705.87,1720.06,42.11,2.51,28,да,HL,нет
221,2021-04-14 14:00,2021-04-16 12:00,LH·HL·HH·HL·HH,П1,1732.65,1740.55,1734.49,1769.66,1759.91,1783.9,51.24,2.96,44,да,HL,нет
222,2021-04-20 09:00,2021-04-21 13:00,HH·HL·HH·HL·HH,П6,1763.72,1780.51,1776.32,1788.44,1777.83,1797.72,34.0,1.93,27,да,HL,нет
223,2021-04-26 12:00,2021-04-27 12:00,HH·HL·LH·HL·HH,П16,1768.85,1784.2,1773.82,1783.47,1776.13,1785.66,16.81,0.95,23,нет,LL,нет
224,2021-04-30 14:00,2021-05-04 08:00,LH·HL·HH·HL·LH,П5,1764.31,1772.36,1766.29,1798.07,1784.0,1790.6,33.76,1.91,40,нет,LL,нет
225,2021-05-05 12:00,2021-05-06 15:00,HH·HL·HH·HL·HH,П6,1770.44,1788.03,1782.05,1795.85,1788.38,1818.13,47.69,2.69,26,да,HL,нет
226,2021-05-13 10:00,2021-05-17 17:00,HH·HL·HH·HL·HH,П6,1808.87,1828.84,1819.85,1855.46,1844.11,1868.53,59.66,3.3,53,да,HL,нет
227,2021-05-19 11:00,2021-05-20 16:00,HH·HL·LH·HL·HH,П16,1852.23,1890.14,1862.06,1879.13,1865.31,1883.98,37.91,2.05,28,нет,HL,нет
228,2021-05-25 01:00,2021-05-26 03:00,HH·HL·HH·HL·HH,П6,1872.76,1887.35,1879.89,1900.3,1897.07,1907.82,35.06,1.87,25,да,HL,нет
229,2021-06-08 13:00,2021-06-10 06:00,LH·HL·HH·HL·LH,П5,1883.79,1896.44,1887.43,1899.08,1888.06,1888.13,15.29,0.81,39,нет,LL,нет
230,2021-06-14 12:00,2021-06-15 13:00,LH·HL·LH·HL·LH,П29,1844.63,1869.84,1858.76,1869.2,1862.29,1868.15,25.21,1.37,24,нет,LL,нет
231,2021-06-18 20:00,2021-06-22 11:00,LH·HL·HH·HL·LH,П5,1761.04,1785.95,1773.56,1790.2,1776.52,1787.58,29.16,1.66,37,нет,LL,нет
232,2021-06-22 12:00,2021-06-23 14:00,LH·HL·HH·HL·HH,П1,1772.39,1783.22,1775.22,1783.96,1777.61,1794.98,22.59,1.27,25,да,LL,нет
233,2021-06-24 04:00,2021-06-27 22:00,LH·HL·HH·HL·LH,П5,1772.88,1788.04,1773.67,1790.45,1776.38,1782.9,17.57,0.99,40,нет,LL,нет
234,2021-06-30 08:00,2021-07-02 01:00,HH·HL·HH·HL·LH,П12,1753.44,1774.45,1765.74,1782.89,1768.4,1779.9,29.45,1.68,39,нет,HL,нет
235,2021-07-08 15:00,2021-07-09 18:00,LH·HL·LH·HL·HH,П20,1794.21,1807.93,1796.74,1806.11,1798.33,1812.44,18.23,1.02,26,нет,HL,нет
236,2021-07-28 18:00,2021-07-30 07:00,HH·HL·HH·HL·LH,П12,1792.8,1817.55,1815.23,1832.73,1825.99,1831.41,39.93,2.23,35,нет,LL,нет
237,2021-08-03 12:00,2021-08-04 13:00,HH·HL·HH·HL·HH,П6,1807.17,1815.07,1809.04,1815.26,1810.86,1831.77,24.6,1.36,24,да,LL,нет
238,2021-08-10 14:00,2021-08-12 07:00,LH·HL·HH·HL·HH,П1,1717.79,1735.26,1728.98,1754.53,1748.95,1758.2,40.41,2.35,39,да,LL,нет
239,2021-08-12 13:00,2021-08-16 01:00,LH·HL·HH·HL·HH,П1,1741.65,1754.03,1751.74,1779.34,1775.96,1782.65,41.0,2.35,34,да,LL,нет
240,2021-08-19 03:00,2021-08-20 16:00,HH·HL·LH·HL·LH,П25,1774.21,1792.55,1776.46,1788.49,1778.42,1786.76,18.33,1.03,36,нет,LL,нет
241,2021-08-23 01:00,2021-08-24 06:00,HH·HL·HH·HL·LH,П12,1776.56,1788.79,1784.35,1806.44,1800.84,1805.16,29.89,1.68,28,нет,LL,нет
242,2021-09-02 14:00,2021-09-06 06:00,LH·HL·HH·HL·LH,П5,1804.9,1814.93,1810.76,1834.04,1825.24,1828.39,29.14,1.61,38,нет,LL,нет
243,2021-09-08 13:00,2021-09-10 05:00,LH·HL·LH·HL·HH,П20,1782.47,1801.06,1783.9,1799.22,1791.02,1803.92,21.45,1.2,38,нет,LL,нет
244,2021-09-13 01:00,2021-09-14 07:00,LH·HL·HH·HL·LH,П5,1783.8,1793.71,1785.25,1798.47,1789.82,1794.97,14.67,0.82,29,нет,LL,нет
245,2021-09-20 02:00,2021-09-22 06:00,HH·HL·HH·HL·LH,П12,1742.08,1767.21,1758.0,1781.84,1772.36,1780.38,39.76,2.28,50,нет,LL,нет
246,2021-09-23 20:00,2021-09-27 02:00,LH·HL·LH·HL·HH,П20,1737.84,1757.65,1740.52,1754.05,1746.04,1760.91,23.07,1.33,28,нет,LL,нет
247,2021-09-28 12:00,2021-09-29 10:00,LH·HL·HH·HL·HH,П1,1728.19,1741.34,1732.88,1741.42,1736.76,1745.53,17.34,1.0,21,да,LL,нет
248,2021-09-29 17:00,2021-10-01 02:00,LH·HL·HH·HL·LH,П5,1721.71,1734.94,1722.29,1764.24,1750.67,1756.92,42.53,2.47,31,нет,HL,нет
249,2021-10-07 13:00,2021-10-08 18:00,LH·HL·HH·HL·LH,П5,1752.03,1760.63,1754.39,1781.4,1755.6,1760.23,29.38,1.68,28,нет,LL,нет
250,2021-10-11 13:00,2021-10-13 15:00,LH·HL·HH·HL·HH,П1,1750.24,1760.22,1750.81,1769.42,1757.89,1796.24,46.0,2.63,48,да,HL,нет
251,2021-10-18 10:00,2021-10-20 12:00,LH·HL·HH·HL·HH,П1,1760.38,1771.27,1762.95,1785.16,1766.94,1788.47,28.1,1.6,48,да,HL,нет
252,2021-10-21 12:00,2021-10-26 12:00,HH·HL·LH·HL·LH,П25,1776.56,1813.85,1782.88,1810.08,1800.02,1804.7,37.29,2.1,69,нет,LL,нет
253,2021-10-26 14:00,2021-10-27 18:00,LH·HL·HH·HL·HH,П1,1782.46,1795.15,1783.58,1798.18,1784.89,1799.06,16.6,0.93,27,да,HL,нет
254,2021-10-29 14:00,2021-11-02 07:00,LH·HL·HH·HL·HH,П1,1771.98,1787.82,1781.09,1795.84,1789.28,1796.44,24.46,1.38,39,да,LL,нет
255,2021-11-03 14:00,2021-11-05 08:00,LH·HL·HH·HL·HH,П1,1758.89,1778.37,1770.87,1798.95,1790.16,1800.18,41.29,2.35,40,да,LL,нет
256,2021-11-05 12:00,2021-11-09 06:00,HH·HL·HH·HL·LH,П12,1785.06,1821.57,1812.49,1827.22,1821.93,1827.22,42.16,2.36,39,нет,LL,нет
257,2021-11-10 13:00,2021-11-12 06:00,HH·HL·LH·HL·LH,П25,1822.4,1868.63,1841.58,1866.03,1855.2,1860.13,46.23,2.54,39,нет,LL,нет
258,2021-11-12 11:00,2021-11-15 19:00,HH·HL·HH·HL·LH,П12,1845.3,1868.76,1856.38,1870.58,1858.27,1867.88,25.28,1.37,31,нет,HL,нет
259,2021-11-24 14:00,2021-11-26 11:00,LH·HL·HH·HL·HH,П1,1778.62,1791.46,1782.6,1795.15,1788.01,1815.57,36.95,2.08,39,да,LL,нет
260,2021-11-30 17:00,2021-12-01 23:00,LH·HL·LH·HL·LH,П29,1769.97,1794.7,1776.74,1792.29,1777.42,1783.45,24.73,1.4,28,нет,LL,нет
261,2021-12-02 18:00,2021-12-06 02:00,LH·HL·HH·HL·HH,П1,1761.94,1776.55,1766.21,1786.12,1780.88,1787.78,25.84,1.47,30,да,LL,нет
262,2021-12-06 14:00,2021-12-07 12:00,LH·HL·LH·HL·HH,П20,1775.77,1785.02,1776.98,1784.65,1777.48,1784.76,9.25,0.52,21,нет,LL,нет
263,2021-12-10 09:00,2021-12-13 12:00,HH·HL·LH·HL·HH,П16,1770.21,1789.53,1781.47,1788.81,1783.39,1791.66,21.44,1.21,26,нет,LL,нет
264,2021-12-15 19:00,2021-12-20 06:00,HH·HL·HH·HL·LH,П12,1753.07,1784.26,1781.03,1814.31,1795.84,1804.17,61.24,3.49,56,нет,LL,нет
265,2021-12-21 15:00,2021-12-23 13:00,LH·HL·HH·HL·HH,П1,1784.9,1791.27,1785.95,1808.5,1804.87,1810.09,25.18,1.41,44,да,LL,нет
266,2021-12-27 13:00,2021-12-28 13:00,HH·HL·LH·HL·HH,П16,1803.02,1813.52,1806.78,1812.74,1808.57,1820.31,17.29,0.96,23,нет,LL,нет
267,2021-12-29 13:00,2022-01-02 23:00,LH·HL·HH·HL·HH,П1,1789.49,1805.71,1796.28,1820.28,1815.2,1831.84,42.34,2.37,55,да,HL,нет
268,2022-01-10 14:00,2022-01-12 20:00,HH·HL·HH·HL·HH,П6,1790.44,1810.29,1801.85,1823.35,1814.78,1828.1,37.66,2.1,52,да,HL,нет
269,2022-01-13 16:00,2022-01-18 03:00,HH·HL·LH·HL·LH,П25,1812.42,1829.21,1813.2,1823.21,1817.73,1822.8,16.79,0.93,54,нет,LL,нет
270,2022-01-18 13:00,2022-01-20 01:00,LH·HL·HH·HL·HH,П1,1805.84,1820.14,1810.35,1843.38,1838.11,1844.14,38.31,2.12,34,да,LL,нет
271,2022-01-21 08:00,2022-01-24 21:00,HH·HL·HH·HL·LH,П12,1828.55,1843.24,1828.63,1844.38,1829.77,1844.18,15.83,0.87,36,нет,HL,нет
272,2022-01-28 11:00,2022-02-01 13:00,LH·HL·HH·HL·HH,П1,1780.33,1793.07,1785.61,1799.88,1795.82,1808.79,28.46,1.6,48,да,LL,нет
273,2022-02-04 14:00,2022-02-08 02:00,HH·HL·HH·HL·LH,П12,1792.23,1815.41,1808.79,1823.59,1820.34,1823.28,31.36,1.75,34,нет,LL,нет
274,2022-02-11 07:00,2022-02-15 06:00,HH·HL·LH·HL·HH,П16,1820.99,1865.46,1850.85,1858.51,1851.38,1879.55,58.56,3.22,45,нет,LL,нет
275,2022-02-15 12:00,2022-02-16 20:00,LH·HL·HH·HL·HH,П1,1844.61,1857.26,1850.32,1859.65,1851.38,1872.6,27.99,1.52,31,да,HL,нет
276,2022-02-24 19:00,2022-02-28 13:00,LH·HL·HH·HL·LH,П5,1878.1,1921.91,1882.99,1927.48,1893.36,1918.37,49.38,2.63,40,нет,LL,нет
277,2022-02-28 17:00,2022-03-02 07:00,LH·HL·HH·HL·LH,П5,1890.92,1910.99,1901.47,1950.31,1931.06,1948.01,59.38,3.14,36,нет,LL,нет
278,2022-03-02 10:00,2022-03-03 11:00,LH·HL·LH·HL·HH,П20,1913.75,1935.7,1914.96,1933.41,1922.11,1938.84,25.09,1.31,24,нет,HL,нет
279,2022-03-10 01:00,2022-03-10 18:00,LH·HL·HH·HL·LH,П5,1970.53,1989.12,1974.47,2009.22,1981.72,2006.08,38.7,1.96,17,нет,LL,нет
280,2022-03-16 18:00,2022-03-18 00:00,HH·HL·HH·HL·LH,П12,1895.07,1938.24,1930.15,1949.87,1935.58,1945.41,54.8,2.89,28,нет,LL,нет
281,2022-03-18 19:00,2022-03-21 18:00,LH·HL·HH·HL·HH,П1,1918.01,1928.99,1918.03,1937.65,1927.07,1941.53,23.52,1.23,22,да,HL,нет
282,2022-03-22 14:00,2022-03-24 00:00,LH·HL·LH·HL·HH,П20,1910.73,1924.92,1915.64,1924.52,1917.02,1948.69,37.96,1.99,32,нет,HL,нет
283,2022-03-29 12:00,2022-03-30 15:00,LH·HL·HH·HL·HH,П1,1890.15,1921.48,1916.01,1928.49,1917.26,1938.62,48.46,2.56,26,да,HL,нет
284,2022-04-04 04:00,2022-04-05 14:00,HH·HL·LH·HL·HH,П16,1915.57,1936.94,1924.42,1933.91,1925.56,1944.64,29.07,1.52,33,нет,LL,нет
285,2022-04-06 18:00,2022-04-08 01:00,LH·HL·HH·HL·LH,П5,1915.62,1927.45,1920.62,1937.85,1929.64,1935.57,22.23,1.16,29,нет,LL,нет
286,2022-04-08 05:00,2022-04-11 12:00,HH·HL·HH·HL·HH,П6,1927.78,1948.22,1939.04,1950.03,1940.04,1970.03,42.25,2.19,30,да,HL,нет
287,2022-04-12 09:00,2022-04-14 02:00,HH·HL·HH·HL·LH,П12,1949.76,1978.68,1962.95,1981.57,1973.57,1980.43,31.81,1.63,39,нет,LL,нет
288,2022-05-03 08:00,2022-05-05 01:00,HH·HL·LH·HL·HH,П16,1850.47,1878.14,1861.48,1872.13,1861.67,1903.48,53.01,2.86,39,нет,HL,нет
289,2022-05-20 14:00,2022-05-24 08:00,HH·HL·LH·HL·HH,П16,1832.4,1865.53,1847.04,1858.9,1849.37,1860.75,33.12,1.81,40,нет,HL,нет
290,2022-06-01 09:00,2022-06-06 04:00,HH·HL·HH·HL·LH,П12,1828.54,1849.98,1844.15,1874.17,1847.38,1856.71,45.63,2.5,64,нет,HL,нет
291,2022-06-07 01:00,2022-06-08 15:00,LH·HL·HH·HL·HH,П1,1837.07,1853.64,1842.4,1855.63,1844.59,1859.68,22.62,1.23,37,да,HL,нет
292,2022-06-14 19:00,2022-06-15 19:00,LH·HL·HH·HL·HH,П1,1805.2,1819.38,1813.29,1836.57,1813.76,1841.96,36.76,2.04,23,да,HL,нет
293,2022-06-17 19:00,2022-06-20 13:00,LH·HL·HH·HL·LH,П5,1833.9,1841.98,1835.23,1846.16,1836.48,1843.26,12.26,0.67,17,нет,LL,нет
294,2022-07-06 16:00,2022-07-07 14:00,LH·HL·HH·HL·HH,П1,1732.34,1743.97,1736.58,1747.74,1738.03,1749.13,16.79,0.97,21,да,HL,нет
295,2022-07-15 14:00,2022-07-19 15:00,HH·HL·LH·HL·LH,П25,1699.12,1723.99,1705.44,1718.48,1708.62,1715.33,24.87,1.46,47,нет,HL,нет
296,2022-07-21 11:00,2022-07-25 03:00,HH·HL·HH·HL·LH,П12,1680.93,1720.25,1712.96,1739.36,1719.98,1728.95,58.42,3.48,38,нет,HL,нет
297,2022-07-27 13:00,2022-07-28 15:00,HH·HL·HH·HL·HH,П6,1711.56,1741.78,1734.18,1748.56,1736.09,1756.92,45.36,2.65,25,да,HL,нет
298,2022-07-29 14:00,2022-08-02 00:00,LH·HL·HH·HL·HH,П1,1752.41,1767.2,1758.4,1775.38,1764.26,1780.58,28.16,1.61,32,да,HL,нет
299,2022-08-03 14:00,2022-08-05 12:00,LH·HL·HH·HL·LH,П5,1754.35,1766.3,1769.12,1794.96,1788.81,1789.27,40.61,2.31,44,нет,LL,нет
300,2022-08-05 13:00,2022-08-10 12:00,HH·HL·HH·HL·HH,П6,1765.05,1790.78,1783.31,1800.47,1787.67,1807.96,42.91,2.43,68,да,LL,нет
301,2022-08-22 12:00,2022-08-23 08:00,LH·HL·HH·HL·HH,П1,1727.85,1740.09,1734.27,1740.61,1734.78,1743.92,16.08,0.93,19,да,LL,нет
302,2022-08-24 11:00,2022-08-25 17:00,HH·HL·HH·HL·LH,П12,1742.52,1755.94,1749.99,1765.58,1752.3,1759.97,23.06,1.32,29,нет,HL,нет
303,2022-09-01 14:00,2022-09-05 10:00,HH·HL·LH·HL·HH,П16,1688.91,1718.02,1707.8,1714.12,1708.31,1715.84,29.1,1.72,42,нет,HL,нет
304,2022-09-07 04:00,2022-09-08 11:00,HH·HL·HH·HL·HH,П6,1691.46,1707.22,1697.11,1719.51,1713.57,1728.23,36.77,2.17,30,да,LL,нет
305,2022-09-09 13:00,2022-09-13 00:00,LH·HL·HH·HL·LH,П5,1711.42,1720.38,1712.04,1735.18,1723.83,1727.64,23.76,1.39,33,нет,LL,нет
306,2022-09-16 08:00,2022-09-21 00:00,HH·HL·LH·HL·LH,П25,1654.19,1680.44,1659.75,1679.49,1660.03,1667.52,26.25,1.59,61,нет,HL,нет
307,2022-09-26 00:00,2022-09-26 14:00,LH·HL·HH·HL·LH,П5,1626.77,1646.07,1634.71,1649.84,1636.25,1648.35,23.07,1.42,14,нет,LL,нет
308,2022-09-28 07:00,2022-09-30 07:00,HH·HL·HH·HL·HH,П6,1614.92,1662.79,1641.58,1665.33,1659.32,1674.28,59.36,3.68,46,да,HL,нет
309,2022-10-03 09:00,2022-10-06 07:00,HH·HL·HH·HL·LH,П12,1659.69,1702.62,1695.24,1729.59,1700.59,1725.6,69.89,4.21,67,нет,HL,нет
310,2022-10-11 10:00,2022-10-12 18:00,HH·HL·LH·HL·HH,П16,1661.03,1684.04,1661.47,1675.42,1664.88,1678.37,23.01,1.39,31,нет,HL,нет
311,2022-10-14 19:00,2022-10-18 12:00,HH·HL·LH·HL·LH,П25,1640.27,1668.53,1646.83,1660.94,1648.69,1657.43,28.26,1.72,39,нет,LL,нет
312,2022-10-25 10:00,2022-10-26 15:00,HH·HL·HH·HL·LH,П12,1638.36,1662.44,1649.82,1675.01,1660.71,1672.66,36.65,2.24,28,нет,HL,нет
313,2022-11-01 00:00,2022-11-02 18:00,HH·HL·LH·HL·HH,П16,1630.8,1657.06,1642.16,1651.15,1646.17,1669.54,38.74,2.38,41,нет,LL,нет
314,2022-11-03 11:00,2022-11-07 09:00,LH·HL·HH·HL·LH,П5,1616.67,1632.39,1641.55,1681.76,1666.94,1680.46,65.08,4.03,43,нет,HL,нет
315,2022-11-09 19:00,2022-11-11 10:00,LH·HL·HH·HL·HH,П1,1702.26,1712.63,1704.04,1757.32,1747.31,1766.65,64.4,3.78,37,да,HL,нет
316,2022-11-14 11:00,2022-11-15 18:00,HH·HL·HH·HL·LH,П12,1753.32,1775.09,1767.13,1786.55,1768.07,1785.94,33.23,1.9,30,нет,HL,нет
317,2022-11-28 19:00,2022-11-30 13:00,LH·HL·LH·HL·HH,П20,1739.67,1759.04,1747.0,1758.09,1747.85,1764.85,25.17,1.45,40,нет,LL,нет
318,2022-11-30 18:00,2022-12-02 08:00,HH·HL·HH·HL·LH,П12,1744.95,1783.74,1774.69,1804.63,1795.64,1803.04,59.68,3.42,36,нет,LL,нет
319,2022-12-06 18:00,2022-12-07 19:00,LH·HL·HH·HL·HH,П1,1767.37,1775.27,1769.74,1775.95,1770.86,1790.59,23.22,1.31,24,да,HL,нет
320,2022-12-12 19:00,2022-12-13 14:00,LH·HL·HH·HL·HH,П1,1777.68,1786.13,1781.19,1788.7,1782.63,1824.52,46.83,2.63,18,да,HL,нет
321,2022-12-19 16:00,2022-12-21 08:00,LH·HL·HH·HL·LH,П5,1783.9,1796.17,1798.4,1821.14,1811.98,1817.4,37.24,2.09,38,нет,LL,нет
322,2022-12-21 11:00,2022-12-22 13:00,HH·HL·LH·HL·LH,П25,1811.92,1823.87,1812.92,1820.46,1813.76,1819.94,11.94,0.66,25,нет,LL,нет
323,2022-12-22 18:00,2022-12-28 01:00,LH·HL·HH·HL·LH,П5,1784.85,1803.24,1802.41,1833.44,1809.67,1814.64,48.6,2.72,52,нет,LL,нет
324,2022-12-28 16:00,2022-12-30 07:00,HH·HL·HH·HL·HH,П6,1797.1,1812.03,1804.43,1820.2,1813.8,1822.35,25.25,1.4,37,да,LL,нет
325,2022-12-30 10:00,2023-01-03 14:00,HH·HL·HH·HL·LH,П12,1813.4,1825.27,1814.37,1849.99,1830.9,1849.89,36.59,2.02,27,нет,LL,нет
326,2023-01-05 15:00,2023-01-09 07:00,LH·HL·HH·HL·HH,П1,1825.13,1837.47,1831.42,1840.91,1833.32,1881.02,55.89,3.06,38,да,HL,нет
327,2023-01-11 16:00,2023-01-12 13:00,LH·HL·HH·HL·HH,П1,1867.22,1878.54,1874.96,1885.09,1879.94,1901.7,34.48,1.85,20,да,LL,нет
328,2023-01-12 13:00,2023-01-13 18:00,LH·HL·HH·HL·HH,П1,1870.3,1900.98,1892.39,1909.73,1893.77,1921.91,51.61,2.76,28,да,HL,да
329,2023-01-18 05:00,2023-01-19 20:00,HH·HL·LH·HL·HH,П16,1896.67,1925.94,1901.04,1916.84,1906.73,1935.21,38.54,2.03,38,нет,HL,нет
330,2023-01-23 15:00,2023-01-25 07:00,HH·HL·LH·HL·LH,П25,1911.43,1942.56,1917.22,1939.74,1925.88,1933.88,31.12,1.63,38,нет,LL,нет
331,2023-02-07 18:00,2023-02-09 14:00,HH·HL·LH·HL·HH,П16,1865.05,1886.52,1869.16,1879.92,1872.08,1890.25,25.2,1.35,42,нет,LL,нет
332,2023-02-10 05:00,2023-02-13 06:00,HH·HL·LH·HL·HH,П16,1852.84,1872.21,1856.44,1865.78,1857.05,1866.64,19.38,1.05,24,нет,LL,нет
333,2023-02-17 08:00,2023-02-20 14:00,LH·HL·HH·HL·LH,П5,1818.97,1843.68,1837.36,1847.57,1841.16,1847.08,28.6,1.57,29,нет,LL,нет
334,2023-02-21 12:00,2023-02-22 12:00,LH·HL·LH·HL·HH,П20,1830.29,1843.9,1831.83,1841.28,1832.16,1846.07,15.78,0.86,23,нет,LL,нет
335,2023-02-28 08:00,2023-03-03 01:00,HH·HL·HH·HL·LH,П12,1804.68,1831.17,1823.15,1844.83,1830.05,1841.59,40.14,2.22,62,нет,HL,нет
336,2023-03-09 02:00,2023-03-13 19:00,HH·HL·HH·HL·HH,П6,1811.98,1835.72,1827.82,1894.68,1871.54,1914.69,102.71,5.67,64,да,HL,нет
337,2023-03-16 01:00,2023-03-17 20:00,HH·HL·HH·HL·HH,П6,1907.56,1933.54,1913.43,1934.48,1927.43,1988.34,80.78,4.23,42,да,HL,нет
338,2023-03-22 07:00,2023-03-23 18:00,LH·HL·HH·HL·HH,П1,1934.35,1945.68,1937.13,1983.7,1966.59,2003.36,69.01,3.57,34,да,HL,нет
339,2023-03-27 13:00,2023-03-29 14:00,LH·HL·HH·HL·LH,П5,1944.05,1964.08,1949.24,1975.37,1958.76,1971.8,31.32,1.61,47,нет,LL,нет
340,2023-03-30 01:00,2023-03-31 06:00,HH·HL·HH·HL·HH,П6,1955.41,1975.4,1964.02,1984.37,1977.74,1985.12,29.7,1.52,28,да,LL,нет
341,2023-04-03 03:00,2023-04-05 13:00,HH·HL·HH·HL·HH,П6,1949.81,1990.55,1977.04,2025.07,2019.41,2032.11,82.3,4.22,56,да,LL,нет
342,2023-04-10 14:00,2023-04-12 12:00,LH·HL·HH·HL·HH,П1,1981.68,1992.92,1988.88,2007.49,1995.64,2028.4,46.72,2.36,44,да,HL,нет
343,2023-04-19 11:00,2023-04-20 14:00,LH·HL·HH·HL·HH,П1,1969.31,1998.84,1990.57,2001.26,1992.42,2012.44,43.14,2.19,26,да,LL,нет
344,2023-04-24 13:00,2023-04-26 13:00,HH·HL·HH·HL·HH,П6,1974.15,2000.99,1976.18,2003.89,1991.51,2009.45,35.3,1.79,46,да,LL,нет
345,2023-04-27 13:00,2023-05-01 13:00,LH·HL·HH·HL·HH,П1,1974.12,1991.67,1976.27,1995.14,1977.12,2006.07,31.95,1.62,46,да,HL,нет
346,2023-05-05 14:00,2023-05-09 05:00,LH·HL·HH·HL·LH,П5,1999.59,2024.82,2017.95,2029.4,2019.55,2028.78,29.82,1.49,37,нет,HL,нет
347,2023-05-12 09:00,2023-05-15 13:00,HH·HL·LH·HL·HH,П16,2000.96,2022.58,2007.85,2020.95,2011.54,2022.12,21.62,1.08,27,нет,HL,нет
348,2023-05-18 15:00,2023-05-22 09:00,LH·HL·HH·HL·LH,П5,1952.01,1968.8,1957.28,1984.33,1971.31,1982.67,32.32,1.66,40,нет,LL,нет
349,2023-05-26 00:00,2023-05-29 06:00,LH·HL·LH·HL·HH,П20,1936.82,1957.36,1938.85,1947.64,1940.38,1948.98,20.54,1.06,29,нет,HL,нет
350,2023-05-30 05:00,2023-05-31 05:00,HH·HL·HH·HL·HH,П6,1932.11,1962.31,1950.68,1963.55,1953.7,1965.41,33.31,1.72,23,да,HL,нет
351,2023-06-01 08:00,2023-06-02 09:00,HH·HL·HH·HL·LH,П12,1953.44,1983.18,1974.11,1983.51,1975.06,1981.21,30.06,1.54,24,нет,LL,нет
352,2023-06-07 20:00,2023-06-08 22:00,LH·HL·HH·HL·LH,П5,1939.95,1949.19,1945.02,1970.54,1961.84,1966.53,30.59,1.58,24,нет,HL,нет
353,2023-06-23 02:00,2023-06-26 10:00,HH·HL·LH·HL·HH,П16,1910.21,1937.31,1917.99,1928.63,1922.23,1933.39,27.1,1.42,31,нет,LL,нет
354,2023-07-03 08:00,2023-07-05 00:00,HH·HL·LH·HL·LH,П25,1910.08,1931.09,1920.01,1930.77,1924.06,1927.17,21.01,1.1,36,нет,LL,нет
355,2023-07-06 12:00,2023-07-10 09:00,LH·HL·HH·HL·LH,П5,1902.74,1912.48,1914.32,1934.93,1919.43,1926.3,32.19,1.69,43,нет,LL,нет
356,2023-07-10 12:00,2023-07-12 02:00,HH·HL·HH·HL·HH,П6,1912.75,1926.88,1924.42,1938.49,1929.42,1941.03,28.28,1.48,36,да,HL,нет
357,2023-07-17 13:00,2023-07-19 07:00,LH·HL·HH·HL·LH,П5,1945.84,1956.44,1957.81,1984.42,1973.02,1980.99,38.59,1.98,40,нет,LL,нет
358,2023-07-25 14:00,2023-07-26 18:00,HH·HL·HH·HL·HH,П6,1952.01,1966.4,1962.07,1974.24,1963.96,1978.4,26.4,1.35,27,да,HL,нет
359,2023-07-27 16:00,2023-07-31 13:00,LH·HL·HH·HL·HH,П1,1942.64,1956.84,1947.88,1963.58,1950.21,1972.45,29.81,1.53,43,да,LL,нет
360,2023-08-21 14:00,2023-08-22 10:00,LH·HL·HH·HL·HH,П1,1885.31,1895.46,1893.74,1897.35,1893.92,1904.55,19.24,1.02,19,да,LL,нет
361,2023-08-22 13:00,2023-08-24 06:00,HH·HL·HH·HL·HH,П6,1889.19,1905.53,1901.31,1920.42,1914.55,1923.0,33.81,1.79,39,да,LL,нет
362,2023-08-25 14:00,2023-08-29 03:00,LH·HL·HH·HL·LH,П5,1903.81,1917.83,1912.84,1926.1,1916.94,1925.86,22.29,1.17,35,нет,LL,нет
363,2023-08-29 12:00,2023-08-31 02:00,HH·HL·HH·HL·LH,П12,1914.48,1938.23,1934.99,1949.12,1942.15,1947.81,34.63,1.81,36,нет,HL,нет
364,2023-09-07 12:00,2023-09-12 04:00,HH·HL·HH·HL·LH,П12,1916.27,1929.75,1916.63,1930.78,1920.37,1924.56,14.51,0.76,61,нет,LL,нет
365,2023-09-14 14:00,2023-09-18 05:00,HH·HL·HH·HL·HH,П6,1901.05,1919.66,1916.11,1930.47,1922.42,1930.69,29.64,1.56,37,да,HL,нет
366,2023-09-21 13:00,2023-09-24 22:00,LH·HL·HH·HL·LH,П5,1913.94,1928.77,1924.18,1929.15,1924.39,1926.62,15.21,0.79,31,нет,LL,нет
367,2023-09-27 18:00,2023-09-28 12:00,LH·HL·HH·HL·HH,П1,1872.58,1877.97,1873.64,1878.33,1873.73,1879.68,7.11,0.38,17,да,LL,нет
368,2023-10-09 13:00,2023-10-12 12:00,HH·HL·LH·HL·HH,П16,1844.21,1865.46,1853.05,1862.83,1858.68,1885.16,40.95,2.22,68,нет,HL,нет
369,2023-10-17 02:00,2023-10-18 13:00,HH·HL·HH·HL·HH,П6,1912.46,1931.63,1919.19,1942.87,1935.12,1962.67,50.21,2.63,34,да,HL,нет
370,2023-10-25 15:00,2023-10-27 04:00,HH·HL·LH·HL·HH,П16,1963.04,1993.55,1971.89,1989.38,1982.93,1990.03,30.51,1.55,35,нет,LL,нет
371,2023-10-27 13:00,2023-10-31 01:00,HH·HL·LH·HL·LH,П25,1976.92,2009.57,1990.97,2002.62,1992.01,1997.35,32.64,1.65,34,нет,LL,нет
372,2023-11-02 15:00,2023-11-03 12:00,LH·HL·HH·HL·HH,П1,1978.91,1986.67,1983.34,1987.93,1984.49,2004.1,25.18,1.27,20,да,HL,нет
373,2023-11-13 15:00,2023-11-15 13:00,HH·HL·HH·HL·HH,П6,1931.68,1949.21,1941.54,1971.05,1961.66,1975.42,43.74,2.26,44,да,LL,нет
374,2023-11-15 14:00,2023-11-17 10:00,LH·HL·HH·HL·HH,П1,1955.49,1968.62,1962.15,1988.0,1980.69,1993.49,38.0,1.94,42,да,LL,нет
375,2023-11-20 14:00,2023-11-22 08:00,HH·HL·HH·HL·LH,П12,1965.49,1994.36,1984.32,2007.65,1995.53,2006.45,42.16,2.14,40,нет,LL,нет
376,2023-11-22 18:00,2023-11-27 01:00,LH·HL·LH·HL·HH,П20,1986.96,1998.57,1989.89,1995.01,1991.49,2018.33,31.36,1.58,47,нет,HL,нет
377,2023-12-05 15:00,2023-12-07 13:00,LH·HL·LH·HL·HH,П20,2009.94,2035.97,2024.51,2030.12,2025.3,2039.97,30.04,1.49,44,нет,LL,нет
378,2023-12-13 06:00,2023-12-14 08:00,HH·HL·HH·HL·HH,П6,1973.09,1986.82,1978.54,2039.35,2029.32,2040.39,67.31,3.41,25,да,LL,нет
379,2023-12-14 13:00,2023-12-15 12:00,HH·HL·LH·HL·HH,П16,2027.62,2047.93,2029.16,2038.76,2031.4,2044.94,20.32,1.0,22,нет,LL,нет
380,2023-12-15 19:00,2023-12-19 16:00,LH·HL·HH·HL·HH,П1,2015.65,2027.37,2018.8,2033.75,2021.75,2047.03,31.38,1.56,43,да,HL,нет
381,2023-12-20 21:00,2023-12-22 15:00,HH·HL·HH·HL·HH,П6,2027.48,2046.11,2032.36,2055.07,2047.18,2070.7,43.22,2.13,40,да,HL,нет
382,2024-01-08 11:00,2024-01-09 13:00,LH·HL·LH·HL·HH,П20,2016.82,2036.93,2026.15,2035.91,2030.41,2042.04,25.22,1.25,25,нет,LL,нет
383,2024-01-11 17:00,2024-01-15 17:00,HH·HL·LH·HL·LH,П25,2013.39,2062.31,2041.51,2058.67,2049.32,2056.41,48.92,2.43,46,нет,LL,нет
384,2024-01-17 18:00,2024-01-18 12:00,LH·HL·HH·HL·HH,П1,2001.89,2012.2,2005.84,2014.2,2008.23,2017.31,15.41,0.77,17,да,LL,нет
385,2024-01-18 13:00,2024-01-22 01:00,HH·HL·HH·HL·LH,П12,2007.5,2025.63,2020.47,2039.41,2023.2,2032.17,31.91,1.59,34,нет,LL,нет
386,2024-01-22 14:00,2024-01-24 13:00,HH·HL·LH·HL·HH,П16,2016.61,2037.97,2021.47,2030.72,2022.89,2036.73,21.37,1.06,45,нет,LL,нет
387,2024-01-25 13:00,2024-01-26 13:00,HH·HL·HH·HL·HH,П6,2009.44,2025.32,2012.55,2025.9,2018.24,2026.9,17.46,0.87,23,да,LL,нет
388,2024-01-26 16:00,2024-01-30 14:00,HH·HL·HH·HL·HH,П6,2015.99,2037.61,2020.61,2040.58,2031.37,2048.63,32.64,1.62,44,да,LL,нет
389,2024-01-30 15:00,2024-01-31 15:00,LH·HL·HH·HL·HH,П1,2029.1,2038.69,2032.9,2040.48,2036.09,2056.07,26.97,1.33,23,да,LL,нет
390,2024-02-01 11:00,2024-02-02 13:00,HH·HL·LH·HL·HH,П16,2030.07,2065.53,2051.98,2056.99,2052.74,2057.7,35.46,1.75,25,нет,LL,нет
391,2024-02-06 09:00,2024-02-08 02:00,HH·HL·HH·HL·LH,П12,2022.97,2038.94,2030.64,2044.65,2033.76,2038.79,21.68,1.07,39,нет,LL,нет
392,2024-02-14 15:00,2024-02-15 14:00,HH·HL·LH·HL·HH,П16,1984.31,1996.15,1989.69,1994.39,1990.33,2008.34,24.03,1.21,22,нет,HL,нет
393,2024-02-16 13:00,2024-02-20 14:00,HH·HL·LH·HL·HH,П16,1995.16,2023.07,2013.31,2018.58,2015.12,2030.92,35.76,1.79,45,нет,HL,нет
394,2024-02-23 09:00,2024-02-28 01:00,HH·HL·LH·HL·LH,П25,2016.12,2041.41,2025.12,2039.51,2028.86,2033.79,25.29,1.25,61,нет,LL,нет
395,2024-02-28 10:00,2024-02-29 07:00,HH·HL·LH·HL·HH,П16,2024.56,2037.95,2030.88,2037.16,2034.48,2037.89,13.39,0.66,20,нет,LL,нет
396,2024-02-29 12:00,2024-03-01 18:00,HH·HL·HH·HL·HH,П6,2028.16,2050.74,2039.11,2057.55,2045.67,2088.38,60.22,2.97,29,да,HL,нет
397,2024-03-12 19:00,2024-03-13 17:00,LH·HL·LH·HL·HH,П20,2150.66,2161.66,2157.3,2161.59,2157.55,2179.92,29.26,1.36,21,нет,HL,нет
398,2024-03-19 08:00,2024-03-20 22:00,LH·HL·HH·HL·HH,П1,2147.2,2158.78,2148.45,2160.3,2149.66,2222.91,75.71,3.53,36,да,HL,нет
399,2024-03-22 17:00,2024-03-26 10:00,LH·HL·HH·HL·HH,П1,2157.13,2178.41,2163.61,2181.41,2167.62,2200.18,43.05,2.0,39,да,HL,нет
400,2024-04-05 01:00,2024-04-08 10:00,HH·HL·HH·HL·LH,П12,2267.78,2330.53,2302.97,2354.16,2331.89,2343.64,86.38,3.81,32,нет,LL,нет
401,2024-04-08 14:00,2024-04-10 05:00,HH·HL·LH·HL·HH,П16,2318.74,2365.39,2338.36,2355.65,2344.8,2360.15,46.66,2.01,37,нет,LL,нет
402,2024-04-16 07:00,2024-04-17 14:00,HH·HL·LH·HL·HH,П16,2363.06,2398.38,2372.76,2394.38,2378.37,2395.64,35.32,1.49,30,нет,LL,нет
403,2024-04-17 20:00,2024-04-19 01:00,LH·HL·LH·HL·HH,П20,2354.73,2392.86,2369.63,2389.41,2373.84,2417.92,63.19,2.68,27,нет,LL,нет
404,2024-04-25 03:00,2024-04-26 18:00,HH·HL·HH·HL·LH,П12,2305.03,2344.93,2326.36,2352.64,2328.77,2341.47,47.61,2.07,38,нет,LL,нет
405,2024-05-03 13:00,2024-05-06 13:00,LH·HL·HH·HL·HH,П1,2277.34,2303.47,2291.85,2324.34,2314.6,2332.22,54.88,2.41,23,да,HL,нет
406,2024-05-08 08:00,2024-05-10 18:00,LH·HL·HH·HL·LH,П5,2303.74,2321.15,2306.66,2378.56,2356.68,2371.04,74.82,3.25,56,нет,LL,нет
407,2024-05-13 15:00,2024-05-15 03:00,LH·HL·HH·HL·HH,П1,2332.11,2345.99,2336.16,2359.7,2354.99,2361.05,28.94,1.24,34,да,HL,нет
408,2024-05-16 14:00,2024-05-20 18:00,LH·HL·HH·HL·LH,П5,2371.01,2383.83,2374.02,2450.12,2407.34,2437.41,79.11,3.34,50,нет,HL,нет
409,2024-05-21 03:00,2024-05-22 02:00,LH·HL·HH·HL·LH,П5,2406.16,2422.26,2408.62,2433.99,2417.43,2426.61,27.84,1.16,22,нет,LL,нет
410,2024-05-24 02:00,2024-05-27 14:00,HH·HL·HH·HL·HH,П6,2325.47,2347.54,2331.97,2347.66,2338.22,2358.57,33.1,1.42,35,да,HL,нет
411,2024-05-28 08:00,2024-05-29 05:00,HH·HL·LH·HL·LH,П25,2340.31,2364.18,2352.87,2361.61,2354.49,2361.45,23.87,1.02,20,нет,LL,нет
412,2024-06-04 14:00,2024-06-06 15:00,LH·HL·HH·HL·HH,П1,2315.68,2341.74,2328.14,2375.05,2353.5,2378.6,62.92,2.72,47,да,HL,нет
413,2024-06-07 20:00,2024-06-11 12:00,LH·HL·HH·HL·HH,П1,2286.83,2301.45,2287.8,2313.86,2297.8,2320.0,33.17,1.45,38,да,HL,нет
414,2024-06-13 16:00,2024-06-14 17:00,LH·HL·HH·HL·LH,П5,2295.59,2305.07,2301.61,2336.72,2324.14,2335.65,41.13,1.79,24,нет,LL,нет
415,2024-06-18 10:00,2024-06-19 08:00,HH·HL·LH·HL·HH,П16,2306.65,2333.16,2326.53,2331.84,2326.86,2335.03,28.38,1.23,21,нет,LL,нет
416,2024-06-19 14:00,2024-06-21 11:00,HH·HL·HH·HL·HH,П6,2323.78,2345.76,2331.65,2365.59,2355.19,2368.76,44.98,1.94,41,да,LL,нет
417,2024-06-21 17:00,2024-06-25 10:00,LH·HL·HH·HL·HH,П1,2316.78,2332.82,2320.86,2334.73,2322.76,2337.16,20.38,0.88,39,да,LL,нет
418,2024-06-26 13:00,2024-06-27 20:00,LH·HL·HH·HL·LH,П5,2293.69,2300.21,2296.61,2331.01,2322.53,2328.66,37.32,1.63,30,нет,LL,нет
419,2024-07-02 12:00,2024-07-04 01:00,HH·HL·HH·HL·LH,П12,2319.13,2336.89,2321.0,2364.99,2353.77,2362.6,45.86,1.98,35,нет,LL,нет
420,2024-07-09 15:00,2024-07-12 17:00,HH·HL·HH·HL·LH,П12,2349.49,2386.73,2370.03,2424.6,2391.52,2418.31,75.11,3.2,71,нет,HL,нет
421,2024-07-15 07:00,2024-07-17 14:00,HH·HL·HH·HL·HH,П6,2401.41,2439.86,2419.84,2482.42,2461.88,2483.74,82.33,3.43,53,да,LL,нет
422,2024-07-23 06:00,2024-07-24 14:00,HH·HL·HH·HL·HH,П6,2388.31,2412.07,2399.62,2419.26,2409.89,2432.07,43.76,1.83,31,да,LL,нет
423,2024-07-25 17:00,2024-07-29 19:00,LH·HL·HH·HL·LH,П5,2353.2,2379.48,2365.32,2403.26,2369.65,2385.49,50.07,2.13,48,нет,HL,нет
424,2024-08-07 01:00,2024-08-09 17:00,HH·HL·HH·HL·HH,П6,2379.05,2407.12,2381.14,2429.03,2416.93,2437.09,58.03,2.44,62,да,HL,нет
425,2024-08-15 13:00,2024-08-19 08:00,LH·HL·HH·HL·LH,П5,2432.22,2461.68,2450.8,2509.82,2495.05,2507.22,77.6,3.19,41,нет,LL,нет
426,2024-08-19 13:00,2024-08-20 20:00,HH·HL·HH·HL·LH,П12,2485.74,2508.28,2497.4,2531.76,2500.86,2516.97,46.03,1.85,30,нет,HL,нет
427,2024-08-22 14:00,2024-08-26 17:00,HH·HL·HH·HL·LH,П12,2470.85,2518.4,2508.81,2526.9,2510.68,2523.45,56.05,2.27,49,нет,LL,нет
428,2024-08-28 12:00,2024-08-29 17:00,LH·HL·HH·HL·HH,П1,2493.66,2510.69,2496.47,2524.51,2503.69,2528.74,35.07,1.41,28,да,HL,нет
429,2024-09-04 09:00,2024-09-05 12:00,HH·HL·LH·HL·HH,П16,2471.91,2500.34,2491.55,2499.43,2493.88,2523.53,51.61,2.09,26,нет,HL,нет
430,2024-09-06 16:00,2024-09-11 01:00,LH·HL·HH·HL·HH,П1,2485.19,2500.59,2485.61,2507.74,2500.19,2522.61,37.42,1.51,54,да,HL,нет
431,2024-09-11 14:00,2024-09-13 17:00,LH·HL·HH·HL·HH,П1,2501.0,2520.16,2509.87,2522.36,2513.12,2586.16,85.16,3.41,49,да,HL,нет
432,2024-09-18 19:00,2024-09-20 16:00,LH·HL·LH·HL·HH,П20,2546.86,2594.95,2569.82,2592.74,2584.88,2625.79,78.93,3.1,43,нет,HL,нет
433,2024-09-25 16:00,2024-09-27 03:00,HH·HL·LH·HL·LH,П25,2649.7,2685.64,2654.84,2677.88,2666.3,2674.05,35.94,1.36,33,нет,LL,нет
434,2024-10-10 12:00,2024-10-11 16:00,HH·HL·HH·HL·HH,П6,2604.39,2629.84,2616.55,2647.24,2636.24,2661.47,57.09,2.19,27,да,HL,нет
435,2024-10-15 05:00,2024-10-17 06:00,HH·HL·HH·HL·HH,П6,2638.11,2668.97,2658.8,2685.47,2666.8,2685.84,47.74,1.81,47,да,HL,нет
436,2024-10-23 15:00,2024-10-25 06:00,LH·HL·LH·HL·LH,П29,2708.76,2743.32,2722.51,2737.84,2723.99,2732.67,34.57,1.28,37,нет,LL,нет
437,2024-10-25 09:00,2024-10-28 14:00,HH·HL·LH·HL·HH,П16,2717.1,2747.84,2724.76,2744.65,2727.93,2746.01,30.74,1.13,28,нет,HL,нет
438,2024-11-12 10:00,2024-11-13 13:00,LH·HL·LH·HL·HH,П20,2589.72,2617.12,2592.53,2613.28,2601.09,2618.92,29.2,1.13,26,нет,LL,нет
439,2024-11-15 06:00,2024-11-18 16:00,HH·HL·HH·HL·HH,П6,2554.39,2576.05,2559.53,2597.28,2580.5,2615.14,60.75,2.38,33,да,HL,нет
440,2024-11-20 08:00,2024-11-22 11:00,HH·HL·HH·HL·HH,П6,2618.89,2660.53,2650.45,2673.59,2660.51,2710.18,91.3,3.49,49,да,HL,нет
441,2024-11-25 23:00,2024-11-27 13:00,LH·HL·HH·HL·HH,П1,2605.31,2632.22,2610.86,2642.02,2616.78,2658.28,52.97,2.03,37,да,HL,нет
442,2024-12-02 05:00,2024-12-03 14:00,LH·HL·LH·HL·HH,П20,2621.98,2651.91,2633.59,2645.32,2634.16,2655.66,33.68,1.28,32,нет,HL,нет
443,2024-12-06 01:00,2024-12-10 04:00,HH·HL·HH·HL·LH,П12,2613.11,2645.73,2624.13,2676.48,2656.8,2673.91,63.37,2.43,49,нет,HL,нет
444,2024-12-19 15:00,2024-12-20 16:00,LH·HL·HH·HL·HH,П1,2587.07,2601.14,2589.66,2607.8,2600.22,2631.92,44.86,1.73,24,да,HL,нет
445,2024-12-23 16:00,2024-12-26 15:00,LH·HL·HH·HL·HH,П1,2608.26,2621.53,2610.11,2629.61,2621.86,2639.18,30.91,1.19,42,да,HL,нет
446,2024-12-30 16:00,2024-12-31 17:00,LH·HL·HH·HL·HH,П1,2596.18,2611.61,2602.76,2617.85,2605.49,2627.62,31.44,1.21,24,да,HL,нет
447,2025-01-06 14:00,2025-01-08 16:00,HH·HL·LH·HL·HH,П16,2614.64,2664.33,2642.05,2651.57,2645.37,2670.15,55.51,2.12,48,нет,HL,нет
448,2025-01-13 19:00,2025-01-15 14:00,LH·HL·HH·HL·HH,П1,2656.84,2675.36,2659.89,2678.39,2669.36,2696.05,39.21,1.48,41,да,HL,нет
449,2025-01-20 01:00,2025-01-22 05:00,LH·HL·HH·HL·HH,П1,2689.38,2713.89,2701.76,2733.06,2716.61,2758.67,69.3,2.58,48,да,HL,нет
450,2025-01-23 13:00,2025-01-24 15:00,HH·HL·HH·HL·HH,П6,2735.96,2758.97,2751.41,2778.45,2770.18,2786.06,50.1,1.83,25,да,LL,нет
451,2025-01-29 19:00,2025-01-31 07:00,LH·HL·HH·HL·HH,П1,2744.76,2762.74,2758.86,2798.61,2788.49,2801.01,56.26,2.05,34,да,HL,нет
452,2025-02-04 07:00,2025-02-05 15:00,HH·HL·HH·HL·HH,П6,2807.28,2845.47,2839.74,2877.09,2858.64,2882.31,75.03,2.67,31,да,HL,нет
453,2025-02-07 13:00,2025-02-11 06:00,HH·HL·HH·HL·LH,П12,2852.59,2886.86,2853.43,2942.78,2905.94,2929.54,90.19,3.16,39,нет,LL,нет
454,2025-02-14 20:00,2025-02-17 15:00,LH·HL·HH·HL·LH,П5,2877.03,2905.36,2888.19,2906.53,2895.45,2904.18,29.5,1.03,18,нет,LL,нет
455,2025-02-18 01:00,2025-02-19 10:00,HH·HL·HH·HL·HH,П6,2892.07,2915.76,2907.19,2939.74,2924.21,2947.08,55.01,1.9,32,да,LL,нет
456,2025-02-19 18:00,2025-02-21 01:00,HH·HL·LH·HL·HH,П16,2918.64,2954.95,2924.03,2947.09,2933.55,2949.93,36.32,1.24,29,нет,LL,нет
457,2025-02-21 08:00,2025-02-24 08:00,LH·HL·HH·HL·HH,П1,2916.82,2942.88,2921.47,2944.76,2935.26,2948.88,32.06,1.1,23,да,LL,нет
458,2025-02-28 15:00,2025-03-03 21:00,HH·HL·HH·HL·HH,П6,2832.72,2876.85,2859.0,2893.2,2878.43,2895.21,62.49,2.21,29,да,HL,нет
459,2025-03-06 09:00,2025-03-07 15:00,LH·HL·HH·HL·HH,П1,2891.15,2922.85,2896.91,2923.18,2903.83,2930.54,39.39,1.36,29,да,LL,нет
460,2025-03-11 01:00,2025-03-12 09:00,HH·HL·LH·HL·HH,П16,2880.25,2922.22,2906.89,2921.4,2909.09,2925.39,45.14,1.57,31,нет,LL,нет
461,2025-03-12 13:00,2025-03-14 04:00,HH·HL·HH·HL·HH,П6,2906.11,2940.69,2930.97,2947.2,2932.98,2994.0,87.89,3.02,37,да,HL,нет
462,2025-03-14 15:00,2025-03-18 13:00,LH·HL·HH·HL·HH,П1,2978.51,2994.24,2982.34,3001.19,2984.93,3038.35,59.84,2.01,44,да,HL,нет
463,2025-03-26 15:00,2025-03-28 07:00,HH·HL·HH·HL·HH,П6,3012.33,3038.7,3026.76,3059.76,3054.24,3086.09,73.76,2.45,38,да,HL,нет
464,2025-04-01 16:00,2025-04-02 16:00,LH·HL·LH·HL·HH,П20,3100.87,3135.8,3106.7,3133.95,3110.2,3134.37,34.93,1.13,23,нет,LL,нет
465,2025-04-08 23:00,2025-04-11 03:00,HH·HL·HH·HL·HH,П6,2969.97,3052.47,3036.08,3132.63,3103.32,3220.1,250.13,8.42,50,да,HL,нет
466,2025-04-14 13:00,2025-04-15 08:00,LH·HL·HH·HL·LH,П5,3193.63,3216.49,3210.07,3232.76,3217.38,3232.24,39.12,1.23,18,нет,LL,нет
467,2025-04-25 13:00,2025-04-28 19:00,LH·HL·LH·HL·HH,П20,3265.14,3330.61,3268.11,3301.16,3273.34,3353.2,88.06,2.7,29,нет,HL,нет
468,2025-05-02 16:00,2025-05-06 02:00,HH·HL·HH·HL·HH,П6,3222.76,3328.85,3305.64,3337.67,3322.76,3387.01,164.26,5.1,32,да,HL,нет
469,2025-05-12 10:00,2025-05-13 16:00,LH·HL·HH·HL·LH,П5,3207.79,3248.7,3215.86,3265.78,3225.51,3258.0,57.99,1.81,29,нет,LL,нет
470,2025-05-16 11:00,2025-05-19 19:00,HH·HL·LH·HL·LH,П25,3154.3,3249.85,3206.72,3248.59,3217.29,3235.97,95.55,3.03,31,нет,LL,нет
471,2025-05-20 03:00,2025-05-22 03:00,HH·HL·HH·HL·HH,П6,3204.67,3314.82,3285.34,3320.84,3290.72,3345.47,140.8,4.39,46,да,LL,нет
472,2025-05-22 14:00,2025-05-26 02:00,LH·HL·HH·HL·LH,П5,3279.24,3309.01,3287.07,3366.01,3331.45,3356.99,86.78,2.65,34,нет,LL,нет
473,2025-06-11 17:00,2025-06-13 03:00,HH·HL·HH·HL·HH,П6,3319.38,3377.89,3338.59,3399.05,3379.53,3444.49,125.11,3.77,32,да,HL,нет
474,2025-06-17 14:00,2025-06-18 13:00,LH·HL·HH·HL·LH,П5,3366.11,3395.97,3370.64,3400.11,3375.57,3396.95,34.0,1.01,22,нет,LL,нет
475,2025-06-20 06:00,2025-06-22 22:00,LH·HL·HH·HL·HH,П1,3340.41,3359.27,3341.9,3374.63,3364.68,3389.22,48.8,1.46,15,да,LL,нет
476,2025-06-29 22:00,2025-07-02 05:00,HH·HL·HH·HL·LH,П12,3244.41,3296.83,3274.62,3358.09,3328.61,3344.01,113.67,3.5,53,нет,LL,нет
477,2025-07-02 07:00,2025-07-03 06:00,HH·HL·HH·HL·LH,П12,3327.66,3351.24,3333.97,3365.92,3342.01,3363.76,38.26,1.15,22,нет,LL,нет
478,2025-07-10 14:00,2025-07-14 07:00,HH·HL·HH·HL·HH,П6,3310.18,3368.86,3349.26,3374.26,3353.68,3375.09,64.91,1.96,39,да,LL,нет
479,2025-07-17 12:00,2025-07-21 06:00,LH·HL·HH·HL·HH,П1,3309.79,3344.32,3331.89,3361.33,3344.91,3370.82,61.03,1.84,40,да,HL,нет
480,2025-07-28 13:00,2025-07-29 15:00,LH·HL·HH·HL·HH,П1,3301.76,3318.96,3308.16,3330.1,3311.99,3334.27,32.51,0.98,25,да,HL,нет
481,2025-07-30 19:00,2025-08-03 22:00,LH·HL·LH·HL·HH,П20,3268.12,3314.99,3281.74,3300.54,3285.26,3364.82,96.7,2.96,48,нет,HL,нет
482,2025-08-05 11:00,2025-08-07 02:00,HH·HL·LH·HL·HH,П16,3349.89,3390.6,3358.26,3380.09,3365.3,3384.3,40.71,1.22,37,нет,HL,нет
483,2025-08-13 00:00,2025-08-13 14:00,HH·HL·HH·HL·HH,П6,3342.64,3354.51,3345.57,3367.09,3354.16,3370.82,28.19,0.84,14,да,LL,нет
484,2025-08-20 01:00,2025-08-22 07:00,HH·HL·LH·HL·LH,П25,3311.56,3352.3,3325.28,3348.24,3336.66,3335.15,40.74,1.23,52,нет,LL,нет
485,2025-08-22 12:00,2025-08-26 00:00,HH·HL·LH·HL·HH,П16,3321.45,3378.84,3359.78,3369.97,3361.99,3386.68,65.23,1.96,34,нет,LL,нет
486,2025-08-26 00:00,2025-08-27 09:00,LH·HL·HH·HL·LH,П5,3351.33,3380.51,3370.31,3393.74,3373.78,3385.58,42.41,1.27,32,нет,LL,да
487,2025-08-27 11:00,2025-08-29 19:00,HH·HL·HH·HL·HH,П6,3373.75,3399.36,3384.62,3423.18,3404.32,3453.97,80.22,2.38,54,да,HL,нет
488,2025-09-02 08:00,2025-09-03 18:00,HH·HL·HH·HL·HH,П6,3470.05,3540.06,3526.54,3547.33,3526.77,3578.66,108.61,3.13,33,да,LL,нет
489,2025-09-04 03:00,2025-09-05 16:00,LH·HL·HH·HL·HH,П1,3511.76,3558.93,3535.14,3561.28,3544.86,3600.2,88.45,2.52,36,да,HL,нет
490,2025-09-08 04:00,2025-09-09 14:00,HH·HL·HH·HL·HH,П6,3579.72,3646.55,3628.48,3659.43,3636.62,3674.7,94.98,2.65,33,да,LL,нет
491,2025-09-11 12:00,2025-09-12 14:00,LH·HL·HH·HL·LH,П5,3612.84,3642.11,3630.62,3656.7,3637.63,3654.49,43.86,1.21,25,нет,LL,нет
492,2025-09-15 01:00,2025-09-16 14:00,LH·HL·HH·HL·HH,П1,3626.46,3646.95,3633.68,3689.51,3674.7,3703.24,76.78,2.12,36,да,HL,нет
493,2025-09-18 13:00,2025-09-22 10:00,LH·HL·HH·HL·HH,П1,3627.96,3647.24,3632.38,3661.36,3643.4,3728.49,100.53,2.77,43,да,HL,нет
494,2025-09-25 13:00,2025-09-29 16:00,LH·HL·HH·HL·HH,П1,3722.22,3758.43,3734.44,3783.89,3759.66,3833.66,111.44,2.99,49,да,HL,нет
495,2025-10-02 15:00,2025-10-07 00:00,LH·HL·HH·HL·HH,П1,3819.43,3863.72,3838.07,3949.67,3926.47,3977.4,157.97,4.14,54,да,HL,нет
496,2025-10-07 08:00,2025-10-08 16:00,HH·HL·HH·HL·HH,П6,3941.05,3991.14,3961.75,4049.7,4026.18,4059.35,118.3,3.0,31,да,LL,нет
497,2025-10-09 17:00,2025-10-13 16:00,LH·HL·HH·HL·HH,П1,3944.43,3994.52,3947.02,4006.74,3970.86,4117.42,172.99,4.39,45,да,HL,нет
498,2025-10-14 06:00,2025-10-16 22:00,HH·HL·HH·HL·HH,П6,4090.14,4218.4,4164.24,4242.38,4203.55,4380.99,290.84,7.11,61,да,HL,нет
499,2025-10-22 00:00,2025-10-23 06:00,HH·HL·LH·HL·HH,П16,4004.28,4161.53,4011.09,4113.8,4065.9,4137.74,157.25,3.93,29,нет,HL,нет
500,2025-10-28 09:00,2025-10-30 09:00,LH·HL·HH·HL·LH,П5,3886.47,3970.47,3907.93,4030.34,3915.52,4011.7,143.88,3.7,46,нет,HL,нет
501,2025-11-03 00:00,2025-11-03 20:00,LH·HL·HH·HL·LH,П5,3962.28,4028.13,3993.1,4030.82,3995.22,4015.06,68.55,1.73,20,нет,LL,нет
502,2025-11-04 14:00,2025-11-06 12:00,LH·HL·HH·HL·HH,П1,3928.68,3987.34,3956.1,3990.57,3964.45,4019.64,90.96,2.32,44,да,HL,нет
503,2025-11-07 15:00,2025-11-11 13:00,HH·HL·HH·HL·LH,П12,3984.01,4106.0,4074.49,4149.1,4124.9,4146.89,165.09,4.14,44,нет,LL,нет
504,2025-11-11 15:00,2025-11-13 12:00,LH·HL·HH·HL·HH,П1,4097.24,4145.61,4098.91,4211.8,4179.73,4245.19,147.95,3.61,43,да,LL,нет
505,2025-11-21 08:00,2025-11-25 13:00,HH·HL·HH·HL·LH,П12,4022.26,4101.07,4040.02,4155.9,4109.71,4150.91,133.64,3.32,51,нет,HL,нет
506,2025-11-26 15:00,2025-11-27 15:00,LH·HL·LH·HL·LH,П29,4136.66,4171.9,4142.73,4167.26,4149.09,4161.93,35.24,0.85,23,нет,HL,нет
507,2025-12-02 15:00,2025-12-04 01:00,LH·HL·HH·HL·LH,П5,4163.81,4229.06,4194.65,4241.56,4195.19,4217.08,77.76,1.87,32,нет,LL,нет
508,2025-12-04 05:00,2025-12-05 15:00,HH·HL·HH·HL·HH,П6,4174.81,4219.62,4194.81,4230.9,4215.94,4259.34,84.53,2.02,33,да,LL,нет
509,2025-12-10 19:00,2025-12-11 18:00,HH·HL·LH·HL·HH,П16,4182.08,4247.81,4204.27,4226.08,4205.35,4285.89,103.81,2.48,22,нет,HL,нет
510,2025-12-16 05:00,2025-12-18 07:00,HH·HL·HH·HL·LH,П12,4271.57,4342.58,4306.52,4349.28,4324.02,4337.78,77.7,1.82,48,нет,LL,нет
511,2025-12-18 14:00,2025-12-19 18:00,HH·HL·LH·HL·HH,П16,4308.67,4374.65,4309.1,4333.67,4319.83,4356.62,65.98,1.53,27,нет,HL,нет
512,2025-12-24 15:00,2025-12-28 23:00,HH·HL·HH·HL·LH,П12,4448.26,4536.74,4502.91,4550.15,4510.02,4548.35,101.89,2.29,27,нет,LL,нет
513,2025-12-31 06:00,2026-01-02 13:00,LH·HL·HH·HL·HH,П1,4274.02,4337.48,4303.26,4353.44,4304.65,4402.3,128.27,3.0,30,да,HL,нет
514,2026-01-08 12:00,2026-01-12 16:00,HH·HL·HH·HL·HH,П6,4407.84,4479.73,4452.92,4601.69,4578.48,4630.19,222.35,5.04,50,да,LL,нет
515,2026-01-15 03:00,2026-01-16 15:00,LH·HL·HH·HL·LH,П5,4581.06,4623.11,4581.62,4625.02,4591.37,4620.39,43.95,0.96,35,нет,LL,нет
516,2026-01-20 00:00,2026-01-21 14:00,HH·HL·HH·HL·LH,П12,4659.4,4737.57,4715.03,4888.55,4832.73,4880.94,229.15,4.92,37,нет,LL,нет
517,2026-01-21 19:00,2026-01-26 02:00,LH·HL·HH·HL·HH,П1,4755.07,4839.71,4810.74,4967.52,4899.8,5092.98,337.9,7.11,52,да,HL,нет
518,2026-01-26 21:00,2026-01-28 23:00,LH·HL·HH·HL·HH,П1,4990.22,5100.84,5046.84,5311.66,5235.75,5602.23,612.01,12.26,47,да,HL,нет
519,2026-02-02 06:00,2026-02-03 16:00,LH·HL·HH·HL·HH,П1,4402.38,4812.27,4596.74,4950.68,4883.69,4993.84,591.45,13.43,33,да,LL,нет
520,2026-02-06 00:00,2026-02-09 20:00,HH·HL·HH·HL·HH,П6,4655.23,4971.34,4936.69,5047.91,4982.49,5086.68,431.45,9.27,43,да,HL,нет
521,2026-02-13 11:00,2026-02-16 23:00,HH·HL·LH·HL·LH,П25,4933.64,5046.48,4964.86,5017.44,4969.11,5001.24,112.84,2.29,32,нет,LL,нет
522,2026-02-17 14:00,2026-02-18 16:00,LH·HL·HH·HL·HH,П1,4842.6,4910.9,4854.24,4942.49,4906.43,5010.91,168.31,3.48,25,да,HL,нет
523,2026-02-24 14:00,2026-02-25 17:00,LH·HL·HH·HL·HH,П1,5093.23,5173.31,5128.28,5210.68,5155.1,5217.78,124.55,2.45,26,да,LL,нет
524,2026-02-26 15:00,2026-03-02 07:00,LH·HL·LH·HL·HH,П20,5130.23,5201.01,5166.99,5200.64,5168.69,5419.66,289.43,5.64,38,нет,HL,нет
525,2026-03-09 01:00,2026-03-10 15:00,LH·HL·HH·HL·HH,П1,5015.05,5140.79,5060.6,5195.4,5156.5,5238.77,223.73,4.46,37,да,HL,нет
526,2026-03-15 23:00,2026-03-16 20:00,LH·HL·HH·HL·LH,П5,4967.77,5036.01,4970.23,5038.15,4974.23,5021.84,70.37,1.42,21,нет,HL,нет
527,2026-03-23 07:00,2026-03-25 02:00,LH·HL·LH·HL·HH,П20,4099.12,4513.16,4305.88,4442.24,4351.09,4602.65,503.52,12.28,41,нет,HL,нет
528,2026-03-26 20:00,2026-03-30 11:00,LH·HL·HH·HL·HH,П1,4351.35,4475.3,4404.58,4555.63,4417.43,4580.73,229.38,5.27,37,да,HL,нет
529,2026-04-02 06:00,2026-04-06 22:00,LH·HL·HH·HL·LH,П5,4553.85,4699.89,4600.85,4706.88,4645.81,4667.97,153.02,3.36,38,нет,LL,нет
530,2026-04-07 14:00,2026-04-09 17:00,HH·HL·LH·HL·HH,П16,4607.63,4858.22,4698.73,4733.04,4703.58,4801.39,250.59,5.44,49,нет,HL,нет
531,2026-04-12 23:00,2026-04-14 07:00,LH·HL·HH·HL·HH,П1,4644.47,4740.03,4700.56,4777.39,4757.85,4796.63,152.16,3.28,31,да,LL,нет
532,2026-04-14 10:00,2026-04-16 05:00,HH·HL·LH·HL·HH,П16,4751.22,4871.38,4786.08,4830.61,4787.15,4838.56,120.16,2.53,41,нет,LL,нет
533,2026-04-19 23:00,2026-04-20 22:00,LH·HL·LH·HL·HH,П20,4736.83,4814.46,4779.54,4805.8,4783.72,4833.4,96.57,2.04,22,нет,LL,нет
534,2026-04-29 13:00,2026-04-30 10:00,LH·HL·HH·HL·HH,П1,4510.1,4564.98,4518.34,4582.59,4540.93,4647.05,136.95,3.04,20,да,HL,нет
535,2026-05-04 16:00,2026-05-07 01:00,HH·HL·HH·HL·LH,П12,4501.03,4586.6,4546.36,4723.14,4660.44,4721.53,222.11,4.93,54,нет,HL,нет
536,2026-05-07 22:00,2026-05-08 18:00,LH·HL·HH·HL·LH,П5,4682.05,4734.9,4697.05,4749.58,4702.06,4729.02,67.53,1.44,20,нет,LL,нет
537,2026-05-18 00:00,2026-05-19 00:00,LH·HL·HH·HL·HH,П1,4480.41,4560.1,4529.96,4584.38,4531.85,4589.58,109.17,2.44,23,да,LL,нет
538,2026-05-20 03:00,2026-05-22 10:00,HH·HL·LH·HL·LH,П25,4453.39,4570.9,4488.63,4559.36,4507.43,4536.82,117.51,2.64,53,нет,LL,нет
539,2026-05-22 14:00,2026-05-25 11:00,LH·HL·HH·HL·LH,П5,4491.93,4527.99,4504.17,4580.21,4550.55,4577.11,88.28,1.97,20,нет,HL,нет
540,2026-05-28 04:00,2026-05-29 15:00,HH·HL·HH·HL·HH,П6,4366.23,4516.63,4488.98,4543.31,4512.73,4595.33,229.1,5.25,34,да,LL,нет
541,2026-06-08 05:00,2026-06-09 13:00,LH·HL·HH·HL·HH,П1,4268.48,4346.88,4312.96,4351.56,4321.32,4363.72,95.24,2.23,31,да,LL,нет
542,2026-06-10 23:00,2026-06-12 09:00,LH·HL·HH·HL·LH,П5,4023.87,4118.4,4052.97,4246.72,4170.29,4228.07,222.85,5.54,33,нет,HL,нет
