layer,dir,tStart,start,end,dur,born,prov,pStart,pEnd,imp,moveImp,mfeImp,maxKN,knees,mud,zeroBar,deathLvl
5/5,-1,2024-08-16T11:00,21,66,45,первый,False,2462.435,2514.985,10.870000000000346,-4.834406623734914,0.3022079116835097,2,6,1,9,2507.225
5/5,1,2024-08-20T15:00,71,118,47,рывок,False,2526.78,2487.955,10.875,-3.5701149425287606,0.45839080459767106,4,5,1,49,2499.35
5/5,-1,2024-08-22T23:00,125,142,17,рывок,True,2484.72,2509.225,25.355000000000018,-0.9664760402287553,0.08499309800827229,3,0,0,84,2499.35
5/5,1,2024-08-26T19:00,167,208,41,пауза,False,2520.305,2501.515,18.090000000000146,-1.0386954118297298,0.4881149806523113,2,5,0,156,2510.68
5/5,-1,2024-08-30T02:00,242,340,98,пауза,False,2519.63,2506.51,35.07499999999982,0.3740555951532419,1.3603706343549649,5,13,0,196,2496.985
5/5,1,2024-09-05T13:00,343,372,29,рывок,False,2516.38,2489.11,6.464999999999691,-4.218097447796023,1.9984532095902074,2,2,1,337,2503.965
5/5,-1,2024-09-09T11:00,387,398,11,пауза,False,2492.245,2506.055,15.400000000000091,-0.8967532467532379,0.13701298701296494,2,2,0,368,2500.59
5/5,1,2024-09-10T15:00,414,532,118,рывок,True,2513.905,2565.675,14.980000000000018,3.45594125500667,5.060747663551392,4,7,3,385,2575.245
5/5,-1,2024-09-18T08:00,545,592,47,рывок,True,2567.78,2605.545,14.16000000000031,-2.6670197740112322,1.4774011299434757,2,8,1,507,2592.735
5/5,1,2024-09-23T01:00,607,718,111,пауза,False,2620.485,2645.22,40.914999999999964,0.6045460100207674,1.5924477575461273,3,15,3,587,2654.84
5/5,-1,2024-09-30T08:00,729,821,92,пауза,False,2657.915,2667.42,22.894999999999982,-0.4151561476304921,1.4472592269054287,4,10,1,697,2662.2
5/5,1,2024-10-07T14:00,850,869,19,пауза,False,2657.025,2634.045,30.49499999999989,-0.753566158386624,0.08640760780455067,2,4,0,828,2639.745
5/5,-1,2024-10-08T17:00,876,927,51,рывок,True,2621.12,2629.21,11.490000000000236,-0.7040905134899895,1.4560487380330438,3,6,1,850,2622.465
5/5,1,2024-10-11T17:00,945,1129,184,пауза,False,2653.135,2717.805,11.0,5.879090909090874,9.58090909090908,5,18,3,920,2737.94
5/5,-1,2024-10-24T21:00,1156,1208,52,пауза,False,2735.605,2752.165,34.56999999999971,-0.4790280590107054,0.5352907144923421,2,7,1,1151,2744.65
5/5,1,2024-10-29T04:00,1209,1266,57,рывок,True,2753.11,2755.43,16.720000000000255,0.1387559808612245,2.216507177033456,5,6,1,1194,2770.925
5/5,-1,2024-11-01T13:00,1287,1529,242,пауза,False,2752.99,2587.13,26.09999999999991,6.354789272030661,8.28103448275864,5,26,4,1254,2576.045
5/5,1,2024-11-18T10:00,1536,1648,112,рывок,True,2585.705,2664.795,16.519999999999982,4.78753026634384,8.215193704600502,5,9,2,1523,2684.495
5/5,-1,2024-11-25T18:00,1659,1694,35,пауза,False,2632.015,2642.09,30.61999999999989,-0.3290333115610813,0.8721423905943835,2,4,0,1654,2632.225
5/5,1,2024-11-27T08:00,1695,1754,59,рывок,True,2647.845,2637.525,21.36499999999978,-0.48303299789374277,0.8661362040720945,2,5,2,1673,2654.59
5/5,-1,2024-12-02T22:00,1774,1878,104,рывок,False,2637.155,2655.685,29.925000000000182,-0.6192147034252174,0.8035087719298221,2,9,6,1739,2645.73
5/5,1,2024-12-09T12:00,1879,1952,73,рывок,True,2657.595,2686.46,21.59999999999991,1.3363425925926091,3.1805555555555816,4,9,1,1860,2700.81
5/5,-1,2024-12-12T23:00,1959,2105,146,рывок,True,2680.825,2631.66,19.710000000000036,2.494419076610851,4.916793505834585,4,13,3,1945,2626.44
5/5,-1,2024-12-24T12:00,2132,2143,11,пауза,False,2615.57,2626.77,13.274999999999636,-0.843691148775904,0.4116760828625458,2,1,0,2106,2621.535
5/5,1,2024-12-26T23:00,2163,2174,11,рывок,True,2633.865,2624.12,11.429999999999836,-0.8525809273840796,0.3880139982502593,2,1,0,2137,2628.99
5/5,-1,2024-12-27T21:00,2184,2226,42,пауза,False,2620.77,2625.83,26.585000000000036,-0.1903328944893714,0.9247696069211963,4,6,2,2172,2611.61
5/5,-1,2025-01-06T15:00,2293,2296,3,рывок,True,2624.38,2640.815,10.784999999999854,-1.5238757533611653,0.90356977283264,1,1,0,2281,2636.705
5/5,1,2025-01-08T11:00,2335,2407,72,пауза,False,2653.605,2671.33,18.960000000000036,0.9348628691983056,2.3388713080168624,5,8,2,2294,2679.315
5/5,-1,2025-01-14T04:00,2420,2447,27,рывок,True,2670.515,2681.055,12.009999999999764,-0.8776019983347353,0.8846794338051798,2,3,0,2401,2675.365
5/5,1,2025-01-15T10:00,2449,2496,47,рывок,False,2684.06,2705.13,9.0300000000002,2.3333333333332997,4.509966777408528,5,7,0,2432,2709.965
5/5,-1,2025-01-17T22:00,2507,2532,25,рывок,True,2701.128,2718.01,7.464999999999691,-2.261486939048997,1.574413931681265,4,3,0,2490,2713.885
5/5,1,2025-01-21T15:00,2544,2624,80,рывок,True,2726.355,2763.035,12.120000000000346,3.026402640263927,4.9261551155114045,4,6,2,2523,2770.18
5/5,-1,2025-01-27T19:00,2640,2660,20,рывок,False,2733.865,2753.69,24.684999999999945,-0.8031193032205921,0.13388697589628695,4,3,0,2615,2745.36
5/5,1,2025-01-29T09:00,2676,2739,63,рывок,True,2759.09,2782.275,10.545000000000073,2.198672356567073,5.51209103840679,5,7,2,2654,2791.07
5/5,1,2025-02-04T05:00,2764,2821,57,пауза,False,2821.44,2842.005,18.477000000000317,1.1130053580126482,3.294365968501318,4,9,1,2741,2859.975
5/5,1,2025-02-10T08:00,2859,2962,103,рывок,True,2888.505,2887.03,17.970000000000255,-0.08208124652197485,3.020311630495232,4,7,4,2822,2905.885
5/5,-1,2025-02-17T16:00,2982,2996,14,пауза,False,2903.08,2911.6,29.5,-0.2888135593220333,0.37322033898304285,2,2,1,2955,2906.525
5/5,1,2025-02-18T13:00,3000,3119,119,рывок,True,2914.32,2906.015,14.454999999999927,-0.5745416810792344,2.9048772051193352,5,13,1,2990,2930.81
5/5,-1,2025-02-26T01:00,3126,3211,85,рывок,True,2918.63,2887.925,22.615000000000236,1.3577271722308029,3.7988061021445683,2,6,2,3103,2876.85
5/5,1,2025-03-04T06:00,3223,3328,105,рывок,True,2891.37,2895.975,17.84999999999991,0.2579831932773133,2.1943977591036568,2,13,3,3204,2902.065
5/5,-1,2025-03-10T19:00,3329,3343,14,рывок,True,2886.135,2910.01,16.320000000000164,-1.4629289215686128,0.3606004901960882,1,1,1,3313,2902.065
5/5,1,2025-03-12T08:00,3364,3532,168,пауза,False,2911.95,3006.655,11.324999999999818,8.362472406181183,12.86004415011061,4,17,4,3336,3025.73
5/5,1,2025-03-28T15:00,3647,3695,48,пауза,False,3083.36,3113.79,19.945000000000164,1.5256956630734313,3.2955627976936315,5,6,1,3603,3124.105
5/5,-1,2025-04-03T05:00,3728,3729,1,пауза,False,3145.255,3148.175,29.159999999999854,-0.10013717421125128,0.09945130315501047,1,1,0,3711,3133.95
5/5,-1,2025-04-03T22:00,3745,3825,80,пауза,False,3107.55,3041.045,81.47499999999991,0.8162626572568294,1.853145136544956,4,8,1,3725,3022.76
5/5,1,2025-04-10T14:00,3852,3902,50,рывок,True,3124.805,3198.15,52.79000000000042,1.3893729873081961,2.29285849592724,5,4,0,3817,3213.355
5/5,-1,2025-04-15T12:00,3919,3931,12,пауза,False,3222.635,3241.42,39.125,-0.48012779552715285,0.2805111821086355,0,2,0,3914,3232.755
5/5,1,2025-04-16T17:00,3947,3970,23,рывок,True,3308.61,3291.465,21.095000000000255,-0.8127518369281713,2.3306470727660282,2,2,1,3923,3320.855
5/5,-1,2025-04-17T22:00,3975,3979,4,пауза,False,3320.825,3368.82,58.7800000000002,-0.8165192242259303,0.1661279346716543,1,0,0,3968,3342.735
5/5,1,2025-04-23T06:00,4028,4038,10,пауза,False,3339.045,3277.28,184.85999999999967,-0.3341177106999891,0.09028453965162872,2,2,0,3970,3315.34
5/5,-1,2025-04-24T22:00,4067,4069,2,пауза,False,3342.295,3367.19,38.029999999999745,-0.6546147778069984,0.23113331580331375,1,1,0,4060,3344.785
5/5,-1,2025-04-25T06:00,4074,4113,39,рывок,True,3323.72,3352.16,38.029999999999745,-0.7478306600052654,1.540494346568498,2,4,2,4062,3330.605
5/5,1,2025-04-29T13:00,4127,4148,21,пауза,False,3313.005,3284.51,48.059999999999945,-0.5929047024552626,0.35497295047856775,2,4,1,4096,3305.14
5/5,-1,2025-04-30T21:00,4158,4218,60,пауза,False,3301.77,3308.75,52.89000000000033,-0.13197201739459208,1.8872187559084788,4,5,0,4133,3269.3
5/5,-1,2025-05-08T21:00,4296,4353,57,пауза,False,3308.525,3262.25,49.2199999999998,0.9401665989435246,2.04662738724097,5,6,3,4280,3248.7
5/5,1,2025-05-13T22:00,4366,4382,16,пауза,False,3249.45,3184.87,40.279999999999745,-1.6032770605759765,0.19091360476663613,2,3,0,4348,3225.505
5/5,1,2025-05-16T19:00,4432,4581,149,пауза,False,3189.405,3308.615,97.95499999999993,1.2169873921698706,1.8029707518758593,3,12,3,4427,3323.5
5/5,-1,2025-05-27T23:00,4595,4607,12,рывок,True,3300.75,3324.2,26.5949999999998,-0.8817446888512877,0.3401015228426449,2,2,0,4575,3315.885
5/5,1,2025-05-30T22:00,4663,4751,88,пауза,False,3295.0,3344.825,60.00999999999976,0.8302782869521749,1.8101149808365344,4,7,2,4622,3361.22
5/5,-1,2025-06-06T13:00,4769,4818,49,пауза,False,3360.635,3343.665,36.35500000000002,0.4667858616421468,1.8466510796314175,4,6,0,4747,3328.515
5/5,1,2025-06-11T07:00,4832,4910,78,пауза,False,3341.85,3388.34,33.690000000000055,1.3799346987236616,3.255417037696646,5,9,3,4807,3409.58
5/5,-1,2025-06-16T21:00,4915,5026,111,пауза,False,3385.34,3389.92,40.24499999999989,-0.11380295688905304,1.1162877376071638,5,17,4,4908,3374.63
5/5,-1,2025-06-25T15:00,5068,5086,18,пауза,False,3320.755,3346.1,41.88999999999987,-0.6050370016710402,0.20768679875866075,2,2,1,5026,3337.205
5/5,-1,2025-06-30T02:00,5124,5141,17,пауза,False,3263.815,3297.38,27.090000000000146,-1.2390180878552925,0.16334440753045987,3,4,0,5087,3282.94
5/5,1,2025-06-30T21:00,5143,5206,63,рывок,False,3298.525,3324.525,22.204999999999927,1.1709074532762929,3.035127223598298,5,5,2,5123,3342.015
5/5,-1,2025-07-03T21:00,5212,5335,123,рывок,True,3329.105,3342.065,21.740000000000236,-0.5961361545538131,2.1361545538178266,3,7,4,5200,3330.36
5/5,1,2025-07-14T01:00,5349,5365,16,рывок,True,3369.665,3343.13,20.184999999999945,-1.3145900421104744,0.268516224919499,3,3,1,5319,3353.675
5/5,-1,2025-07-15T18:00,5389,5418,29,пауза,False,3329.02,3349.695,25.335000000000036,-0.8160647325833886,0.36806789027036924,5,5,0,5358,3343.08
5/5,-1,2025-07-18T20:00,5460,5472,12,пауза,False,3352.285,3368.355,51.539999999999964,-0.3117966627861889,0.14318975552967908,2,2,0,5412,3361.33
5/5,1,2025-07-21T23:00,5486,5527,41,рывок,True,3397.06,3398.105,16.424999999999727,0.06362252663623075,2.5555555555555927,4,5,2,5464,3416.445
5/5,-1,2025-07-24T02:00,5534,5685,151,рывок,True,3390.115,3341.26,17.434999999999945,2.802122168052751,6.997132205334114,5,13,6,5521,3314.985
5/5,1,2025-08-04T07:00,5700,5817,117,рывок,True,3359.0,3365.815,25.28500000000031,0.2695273877793147,1.9944631204271,5,14,2,5674,3381.215
5/5,1,2025-08-14T03:00,5880,5894,14,рывок,False,3369.61,3340.685,16.704999999999927,-1.731517509727645,0.31098473510923264,3,2,0,5857,3350.015
5/5,-1,2025-08-15T16:00,5916,5930,14,рывок,False,3335.485,3357.63,19.065000000000055,-1.1615525832677638,0.6189352216102884,2,1,1,5880,3348.915
5/5,1,2025-08-19T08:00,5954,5965,11,пауза,False,3336.17,3317.575,32.20499999999993,-0.577394814469812,0.28861977953734186,2,2,0,5925,3326.285
5/5,1,2025-08-21T19:00,6011,6345,334,пауза,False,3339.805,3630.09,27.019999999999982,10.743338267949685,12.394152479644728,5,33,8,5973,3635.335
5/5,1,2025-09-12T17:00,6375,6437,62,пауза,False,3648.06,3667.09,19.06999999999971,0.9979024646041159,2.8935500786576127,4,10,0,6350,3678.885
5/5,-1,2025-09-17T21:00,6448,6493,45,рывок,True,3650.465,3678.7,16.634999999999764,-1.697324917342956,1.3528704538623642,4,5,2,6430,3661.355
5/5,1,2025-09-23T09:00,6528,6561,33,пауза,False,3753.9,3735.765,115.63500000000022,-0.15682967959527983,0.3230423314740342,4,5,1,6489,3750.51
5/5,-1,2025-09-25T08:00,6573,6605,32,пауза,False,3738.61,3778.935,34.01499999999987,-1.1855063942378354,0.481846244303995,2,6,0,6552,3758.43
5/5,1,2025-09-29T01:00,6612,6797,185,рывок,True,3770.605,4011.78,23.98999999999978,10.0531471446437,12.036056690287724,5,16,4,6594,4026.175
5/5,-1,2025-10-09T21:00,6816,6840,24,пауза,False,3957.475,4011.365,56.7800000000002,-0.9491017964071801,0.18413173652694417,4,6,0,6791,3994.52
5/5,1,2025-10-10T23:00,6841,6951,110,рывок,True,4016.68,4237.63,52.14499999999998,4.237223127816672,6.986480007670919,5,9,2,6825,4278.68
5/5,-1,2025-10-20T10:00,6966,6971,5,пауза,False,4255.145,4323.54,85.375,-0.8011127379209315,0.2400585651537429,2,2,0,6941,4271.285
5/5,1,2025-10-21T05:00,6984,6992,8,рывок,True,4339.145,4253.745,50.07999999999993,-1.705271565495221,0.32587859424919596,1,0,0,6965,4271.285
5/5,-1,2025-10-22T14:00,7016,7041,25,пауза,False,4028.23,4145.12,157.25499999999965,-0.7433149979332939,0.10896314902546982,2,4,0,6978,4113.8
5/5,-1,2025-10-27T00:00,7072,7127,55,пауза,False,4081.875,4001.765,95.1550000000002,0.8418895486311803,2.053596763175865,5,6,0,7042,3970.465
5/5,1,2025-10-30T17:00,7158,7188,30,рывок,False,4001.76,3970.755,62.539999999999964,-0.4957627118644088,0.7169011832427183,4,4,1,7118,3989.065
5/5,1,2025-11-03T22:00,7208,7216,8,пауза,False,4010.315,3973.355,37.72499999999991,-0.9797216699801226,0.12577866136513988,1,1,0,7197,3993.1
5/5,-1,2025-11-04T15:00,7224,7264,40,пауза,False,3975.82,4005.78,34.25,-0.8747445255474463,1.3762043795620502,4,6,1,7203,3987.34
5/5,-1,2025-11-14T10:00,7403,7473,70,пауза,False,4176.135,4113.325,66.2450000000008,0.9481470299645202,2.6892595667597243,5,6,2,7384,4082.58
5/5,1,2025-11-20T01:00,7486,7489,3,рывок,True,4104.69,4066.875,27.054999999999836,-1.3977083718351442,0.2099427092958908,1,1,0,7479,4082.58
5/5,-1,2025-11-20T09:00,7494,7551,57,пауза,False,4059.935,4120.585,71.4699999999998,-0.8486078074716701,0.5271442563313254,4,7,1,7479,4088.725
5/5,-1,2025-12-02T22:00,7689,7750,61,пауза,False,4210.225,4228.83,66.88000000000011,-0.2781848086124332,0.5295305023923431,2,9,0,7683,4217.08
5/5,1,2025-12-05T15:00,7751,7757,6,рывок,True,4234.62,4207.56,24.80500000000029,-1.0909090909090575,0.9965732715178377,3,0,0,7720,4217.08
5/5,-1,2025-12-08T13:00,7772,7799,27,пауза,False,4208.735,4212.575,27.11999999999989,-0.14159292035398824,1.4288348082595927,5,5,0,7753,4198.905
5/5,1,2025-12-09T22:00,7804,8086,282,рывок,False,4212.125,4475.105,23.545000000000073,11.169250371628744,14.356551284773778,5,23,11,7798,4502.91
5/5,-1,2025-12-30T21:00,8122,8152,30,рывок,False,4348.82,4375.125,102.26500000000033,-0.25722387913753686,0.7313841490245914,2,5,1,8073,4353.445
5/5,1,2026-01-05T02:00,8172,8246,74,рывок,False,4395.29,4425.815,48.79999999999927,0.625512295081969,2.157172131147582,5,8,3,8146,4442.665
5/5,1,2026-01-09T20:00,8282,8394,112,пауза,False,4496.205,4571.31,20.799999999999272,3.610817307692457,7.056009615384878,5,11,3,8253,4591.37
5/5,1,2026-01-19T18:00,8418,8537,119,пауза,False,4672.37,5043.56,31.210000000000036,11.89330342838834,14.070490227491183,4,12,2,8394,5054.67
5/5,-1,2026-01-27T14:00,8550,8558,8,пауза,False,5085.13,5176.65,110.625,-0.8272994350282443,0.3461242937853104,2,2,0,8531,5100.84
5/5,1,2026-01-28T16:00,8575,8623,48,рывок,True,5286.19,4985.7,54.0,-5.564629629629626,5.852500000000014,3,4,1,8552,5112.105
5/5,-1,2026-01-30T19:00,8624,8660,36,рывок,True,4850.225,4917.365,353.9449999999997,-0.18969048863523846,1.265295455508626,4,3,1,8583,4812.265
5/5,1,2026-02-04T01:00,8675,8714,39,рывок,True,4947.82,4817.91,215.52500000000055,-0.6027607006147757,0.6686463287321667,4,5,0,8646,4880.595
5/5,-1,2026-02-05T23:00,8720,8744,24,рывок,False,4780.675,5036.085,154.07999999999993,-1.6576453790238834,0.8141549844236804,5,2,1,8684,4903.4
5/5,1,2026-02-09T18:00,8761,8830,69,рывок,False,5073.57,4954.74,65.42000000000007,-1.8164169978599785,0.6997095689391699,2,6,1,8755,5019.715
5/5,-1,2026-02-12T23:00,8835,8854,19,пауза,False,4922.08,5021.045,205.35499999999956,-0.4819215504857459,0.16442258527915268,2,3,1,8827,4997.555
5/5,1,2026-02-16T12:00,8870,8881,11,пауза,False,5006.09,4936.04,81.61499999999978,-0.8582981069656358,0.13643325369111375,2,3,0,8848,4969.11
5/5,-1,2026-02-17T12:00,8891,8918,27,пауза,False,4913.385,4991.795,142.03999999999996,-0.552027597859757,0.49834553646859947,3,2,0,8880,4944.7
5/5,1,2026-02-19T07:00,8932,9122,190,пауза,False,4997.28,5144.925,50.26999999999953,2.937039984085972,8.402227968967656,5,22,3,8895,5260.285
5/5,-1,2026-03-03T23:00,9132,9201,69,рывок,True,5088.835,5171.5,119.69000000000051,-0.6906592029409275,0.31690199682513265,4,8,1,9112,5144.05
5/5,-1,2026-03-09T12:00,9214,9228,14,пауза,False,5087.335,5184.24,125.74499999999989,-0.7706469442124921,0.21265259056025929,2,2,0,9201,5140.79
5/5,1,2026-03-10T10:00,9235,9271,36,рывок,True,5183.48,5139.13,80.19499999999971,-0.5530269966955498,0.6895068271089254,4,4,0,9218,5160.65
5/5,-1,2026-03-12T18:00,9289,9477,188,рывок,False,5123.55,4474.275,66.14999999999964,9.815192743764234,15.486394557823218,5,23,2,9251,4442.245
5/5,1,2026-03-25T10:00,9488,9508,20,рывок,True,4556.32,4439.045,91.15499999999975,-1.2865448960561676,0.32121112390983203,2,2,2,9470,4486.59
5/5,-1,2026-03-26T15:00,9516,9541,25,пауза,False,4452.84,4524.445,132.375,-0.5409254013219986,0.7666477809254058,4,4,0,9504,4475.3
5/5,1,2026-03-27T22:00,9546,9754,208,пауза,False,4493.685,4659.035,151.05000000000018,1.0946706388612992,2.413306852035745,5,19,4,9537,4730.74
5/5,-1,2026-04-13T15:00,9768,9777,9,пауза,False,4723.48,4758.14,95.5649999999996,-0.36268508345106376,0.23978443991000953,2,2,0,9747,4740.03
5/5,1,2026-04-14T16:00,9792,9908,116,рывок,True,4794.805,4739.02,39.465000000000146,-1.4135309768148905,2.4511592550360906,4,11,2,9771,4778.81
5/5,-1,2026-04-21T19:00,9910,10064,154,рывок,False,4711.27,4625.23,90.86499999999978,0.946899246134387,2.2139987894128725,5,18,3,9861,4610.535
5/5,1,2026-05-01T01:00,10076,10085,9,пауза,False,4630.265,4578.25,41.56500000000051,-1.2514134488151014,0.13653314086368826,0,2,0,10071,4605.48
5/5,-1,2026-05-01T17:00,10092,10149,57,пауза,False,4632.31,4640.95,75.61999999999989,-0.11425548796613899,1.7359825443004593,2,4,0,10080,4586.605
5/5,1,2026-05-06T18:00,10162,10216,54,пауза,False,4687.79,4683.44,176.78000000000065,-0.024606855979185133,0.4362201606516546,2,5,1,10145,4702.055
5/5,-1,2026-05-13T08:00,10267,10391,124,пауза,False,4704.32,4531.295,88.66499999999996,1.9514464557604434,2.8300907911802797,5,9,3,10239,4508.85
5/5,1,2026-05-21T21:00,10418,10468,50,пауза,False,4532.035,4537.3,82.26500000000033,0.06400048623351737,0.5860329423205476,2,7,0,10413,4550.55
5/5,-1,2026-05-27T07:00,10494,10529,35,пауза,False,4510.28,4511.015,45.43000000000029,-0.016178736517732276,3.1708122386088324,5,4,0,10466,4462.58
5/5,1,2026-05-29T07:00,10540,10572,32,пауза,False,4514.105,4450.745,27.654999999999745,-2.2910866027843158,2.9370819020069105,1,2,0,10535,4488.975
5/5,-1,2026-06-02T15:00,10594,10639,45,пауза,False,4514.79,4511.62,93.77000000000044,0.033806121360776986,0.9685933667484206,2,4,1,10551,4484.055
5/5,-1,2026-06-08T13:00,10684,10763,79,пауза,False,4302.19,4211.195,207.40500000000065,0.43873098527036286,1.341915575805785,3,9,2,10663,4118.395
5/5,1,2026-06-12T07:00,10770,10853,83,рывок,True,4189.92,4286.52,65.42000000000053,1.476612656679908,2.9455059614796415,2,9,1,10757,4317.19
5/5,-1,2026-06-18T10:00,10865,10909,44,пауза,False,4288.645,4208.23,110.69999999999982,0.7264227642276514,1.505781391147252,4,4,0,10852,4183.125
5/5,-1,2026-06-23T16:00,10936,10984,48,пауза,False,4135.39,4041.525,107.57499999999936,0.8725540320706557,1.6389495700674082,4,5,1,10924,4018.825
5/5,1,2026-06-26T10:00,10999,11041,42,пауза,False,4030.565,3970.06,61.190000000000055,-0.9888053603529997,1.0691289426376862,4,2,0,10971,4000.325
5/5,1,2026-06-30T22:00,11057,11062,5,пауза,False,4015.97,3977.995,54.74000000000024,-0.6937340153452639,0.24908659115820533,1,1,0,11050,4008.74
5/5,1,2026-07-02T05:00,11086,11138,52,пауза,False,4057.085,4139.65,87.54500000000053,0.9431149694442755,1.663373122394186,5,4,2,11068,4155.41
5/5,-1,2026-07-07T06:00,11152,11204,52,пауза,False,4131.3,4106.355,40.13999999999942,0.6214499252616089,2.7275784753363657,4,8,0,11147,4091.67
5/5,1,2026-07-10T03:00,11218,11246,28,рывок,True,4126.51,4053.76,37.26999999999998,-1.9519720955191853,0.22565065736516926,2,3,1,11198,4072.8
5/5,-1,2026-07-13T16:00,11254,11276,22,рывок,False,4043.425,4076.225,48.57499999999982,-0.6752444673185765,1.2327328872877064,4,2,1,11238,4034.25
5/5,-1,2026-07-15T16:00,11300,11366,66,пауза,False,4061.69,4024.225,44.65000000000009,0.8390817469204943,2.281970884658447,3,7,3,11288,4008.795
5/5,1,2026-07-21T05:00,11381,11436,55,рывок,False,4038.145,4085.765,42.48500000000013,1.1208661880663704,3.0124749911733493,5,6,2,11346,4106.72
5/5,-1,2026-07-24T23:00,11468,11472,4,пауза,False,4052.845,4110.255,60.09999999999991,-0.9552412645590748,0.01963394342761794,2,2,0,11417,4082.16
5/5,1,2026-07-27T08:00,11476,11496,20,пауза,False,4093.365,4042.115,66.80500000000029,-0.7671581468452927,0.19272509542698815,2,2,1,11467,4065.415
5/5,-1,2026-07-28T22:00,11513,11535,22,пауза,False,4026.465,4106.75,43.445000000000164,-1.84796869605247,0.6999654735872988,3,4,0,11502,4047.195
5/5,1,2026-07-30T13:00,11550,11670,120,пауза,False,4078.155,4233.82,87.72499999999991,1.7744656597321136,2.5779994300370523,4,12,2,11531,4247.24
5/5,1,2026-08-10T09:00,11707,11777,70,пауза,False,4358.31,4369.93,58.409999999999854,0.1989385379215874,1.5668549905837998,5,12,0,11671,4396.575
5/5,-1,2026-08-13T21:00,11788,11829,41,пауза,False,4357.045,4408.645,38.04500000000007,-1.35628860559864,1.2092259166776191,2,5,1,11783,4397.06
5/5,1,2026-08-17T17:00,11830,11853,23,рывок,True,4417.48,4366.685,29.770000000000437,-1.7062479005709916,0.6298286865972363,4,3,1,11815,4386.185
5/5,-1,2026-08-19T09:00,11868,11874,6,пауза,False,4349.15,4438.87,82.21999999999935,-1.0912186815860005,0.16705181221113818,1,1,0,11852,4406.9
5/5,1,2026-08-20T13:00,11895,11992,97,пауза,False,4490.18,4596.21,46.26500000000033,2.2917972549443206,4.472603479952401,5,9,3,11863,4625.225
5/5,-1,2026-08-27T10:00,12007,12126,119,пауза,False,4600.39,4444.28,60.14500000000044,2.5955607282400774,5.283315321306809,5,10,2,11954,4397.75
5/5,-1,2026-09-04T21:00,12156,12183,27,пауза,False,4424.035,4437.245,125.32500000000073,-0.1054059445441848,0.3414721723518837,2,4,0,12145,4419.655
