dir,tStart,start,end,dur,born,prov,pStart,pEnd,imp,moveImp,addImp,mfeImp,maxKN,kn20,knees,mud,mud20,zeroBar,deathLvl
-1,2026-05-25T12:00,22,28,6,первый,False,4557.19,4565.285,11.74499999999989,-0.6892294593444299,-0.6926274217282036,0.1932737335035801,2,2,3,0,0,8,4558.83
1,2026-05-25T13:35,41,58,17,рывок,True,4570.98,4564.645,3.9099999999998545,-1.6202046035803996,-1.591418864564839,1.569053708440012,3,3,2,2,2,24,4568.47
-1,2026-05-25T15:50,68,83,15,пауза,False,4566.845,4569.785,17.289999999999964,-0.17004048582993672,-0.17584345864538223,0.38606130711395004,2,2,4,1,1,55,4565.75
1,2026-05-25T17:45,91,127,36,пауза,False,4568.365,4565.12,5.454999999999927,-0.5948670944087872,-0.5519324644723436,1.7781851512373872,4,4,6,2,1,79,4568.68
-1,2026-05-25T21:20,134,139,5,пауза,False,4568.005,4574.205,8.6850000000004,-0.7138744962578621,-0.7176870765906951,0.04778353483016056,2,2,2,0,0,120,4572.05
1,2026-05-26T01:50,146,154,8,рывок,False,4576.335,4561.06,4.460000000000036,-3.424887892376572,-3.412831043230177,0.876681614349736,2,2,2,0,0,135,4569.68
-1,2026-05-26T03:05,161,202,41,пауза,False,4549.71,4544.48,7.649999999999636,0.6836601307190486,0.6483373896774881,2.855555555555725,4,3,4,1,0,151,4539.75
-1,2026-05-26T08:25,225,255,30,пауза,False,4531.4,4538.365,8.63000000000011,-0.8070683661645489,-0.8295396891519982,1.1263035921204196,3,2,8,1,1,203,4531.39
-1,2026-05-26T12:00,268,284,16,пауза,False,4524.57,4531.845,7.4650000000001455,-0.9745478901541064,-0.9887888041384244,1.6744809109175829,2,2,4,0,0,255,4526.665
1,2026-05-26T13:55,291,296,5,пауза,False,4534.46,4525.87,7.610000000000582,-1.1287779237844269,-1.1244267726424224,0.25558475689875954,3,3,2,0,0,276,4531.445
-1,2026-05-26T15:30,310,314,4,пауза,False,4510.515,4522.485,12.550000000000182,-0.953784860557703,-0.9558919738937519,0.775298804780903,3,3,2,0,0,290,4516.165
1,2026-05-26T16:25,321,330,9,пауза,False,4522.515,4511.015,10.159999999999854,-1.1318897637795438,-1.1258854923267554,0.8818897637795438,3,3,2,0,0,310,4516.225
-1,2026-05-26T17:50,338,397,59,пауза,False,4516.045,4507.615,17.199999999999818,0.49011627906978955,0.4665022117606156,1.9433139534884032,5,5,8,1,0,324,4498.5
1,2026-05-27T01:25,417,455,38,рывок,False,4504.305,4512.16,10.340000000000146,0.7596711798838929,0.7837101575022062,2.296421663442897,4,3,9,1,0,377,4517.265
1,2026-05-27T06:50,482,483,1,пауза,False,4502.475,4497.325,10.31500000000051,-0.49927290353856435,-0.4986265310065682,0.2370334464371874,0,0,0,0,1,479,4501.78
1,2026-05-27T08:00,496,510,14,пауза,False,4513.74,4494.01,19.470000000000255,-1.0133538777606217,-1.0085137510551705,0.010272213662034693,2,2,3,0,0,490,4497.905
-1,2026-05-27T09:15,511,540,29,рывок,False,4489.49,4496.24,10.579999999999927,-0.6379962192816679,-0.6557264919198549,1.2764650283554067,4,4,6,0,0,493,4489.43
1,2026-05-27T11:50,542,556,14,рывок,False,4498.295,4486.645,6.849999999999454,-1.7007299270073817,-1.6869726617584557,0.08029197080295265,4,4,4,0,0,530,4488.94
-1,2026-05-27T13:10,558,584,26,рывок,False,4485.565,4454.99,6.505000000000109,4.700230591852314,4.674246809204377,9.288239815526234,5,3,4,2,1,548,4444.79
-1,2026-05-27T17:25,609,633,24,пауза,False,4445.54,4446.955,54.024999999999636,-0.026191577973160077,-0.02909942738516564,0.3207774178621017,2,2,4,1,1,584,4441.64
1,2026-05-27T20:00,640,667,27,рывок,True,4449.39,4450.11,10.50500000000011,0.06853879105181701,0.0852049284464166,0.8619704902426737,5,5,6,1,1,626,4451.435
-1,2026-05-27T22:55,675,679,4,пауза,False,4451.01,4458.365,5.149999999999636,-1.4281553398058413,-1.4332901499742716,0.4087378640777906,3,3,2,0,0,663,4454.855
1,2026-05-27T23:55,687,704,17,пауза,False,4456.12,4451.54,7.255000000000109,-0.6312887663680026,-0.615775018669748,0.8904203997243196,5,5,4,0,0,675,4455.31
-1,2026-05-28T03:30,718,777,59,пауза,False,4449.695,4378.905,10.335000000000036,6.8495403967101804,6.810240739456404,8.075955491049816,5,1,10,1,0,715,4375.525
1,2026-05-28T09:15,787,841,54,рывок,True,4379.745,4380.885,8.30999999999949,0.1371841155235135,0.18127307771410883,2.958483754512821,3,2,12,1,0,772,4389.8
-1,2026-05-28T14:30,850,863,13,пауза,False,4386.745,4399.025,15.470000000000255,-0.7937944408532348,-0.7994671394530567,0.452488687782798,2,2,6,0,0,834,4390.42
-1,2026-05-28T23:30,958,991,33,пауза,False,4500.255,4499.415,5.650000000000546,0.14867256637169282,0.1108719656574069,1.9964601769909125,5,5,6,1,1,944,4496.645
1,2026-05-29T03:50,998,1026,28,пауза,False,4494.16,4496.37,7.305000000000291,0.3025325119780901,0.32733982561225133,3.6488706365501278,4,4,6,1,1,985,4501.295
1,2026-05-29T08:10,1050,1055,5,рывок,False,4512.015,4503.685,3.5399999999999636,-2.353107344632772,-2.3437535988162024,0.2514124293783692,3,3,1,1,1,1031,4508.125
1,2026-05-29T08:50,1058,1138,80,рывок,True,4515.225,4517.13,7.265000000000327,0.26221610461110245,0.3419635067286929,3.8657949070886124,4,2,16,0,0,1048,4525.935
1,2026-05-29T17:45,1165,1200,35,пауза,False,4539.88,4554.18,27.274999999999636,0.5242896425298028,0.5326240742488443,2.032997250229168,4,4,8,0,0,1140,4561.12
-1,2026-05-29T21:45,1213,1333,120,рывок,True,4553.18,4524.275,7.449999999999818,3.879865771812263,3.752607049189284,5.978523489933027,5,5,24,3,0,1193,4519.74
1,2026-06-01T09:00,1336,1340,4,пауза,False,4516.45,4506.24,12.480000000000473,-0.8181089743589463,-0.8159900422782239,0.19270833333330561,1,1,1,0,0,1330,4512.79
-1,2026-06-01T10:20,1352,1393,41,пауза,False,4505.37,4509.32,9.770000000000437,-0.40429887410436455,-0.43195690572851114,1.6658137154553643,5,5,6,2,0,1333,4502.68
1,2026-06-01T14:20,1400,1414,14,пауза,False,4508.785,4501.21,11.210000000000036,-0.6757359500445846,-0.6673294141877484,0.38314005352364483,4,4,4,0,0,1378,4506.26
-1,2026-06-01T15:55,1419,1447,28,рывок,True,4502.215,4465.355,3.4549999999999272,10.668596237337585,10.616145462779683,15.732272069465012,2,2,6,1,1,1410,4461.7
1,2026-06-01T18:55,1455,1497,42,рывок,True,4474.29,4484.695,9.300000000000182,1.118817204301026,1.1486300669465337,2.284946236559095,5,4,6,3,2,1442,4486.395
-1,2026-06-01T23:15,1507,1532,25,рывок,True,4482.96,4487.685,3.725000000000364,-1.2684563758389,-1.3122305669184025,0.8604026845636549,2,2,6,0,0,1489,4484.795
-1,2026-06-02T04:40,1560,1579,19,пауза,False,4480.05,4489.92,18.6899999999996,-0.528089887640455,-0.5347848708975561,0.9117174959871764,4,4,4,0,0,1546,4485.655
1,2026-06-02T06:25,1581,1686,105,рывок,True,4495.27,4526.275,12.11999999999989,2.5581683168316403,2.6249427049049707,3.8250825082508326,5,2,14,2,1,1573,4528.085
-1,2026-06-02T17:40,1716,1793,77,рывок,True,4504.49,4492.11,4.229999999999563,2.9267139479908715,2.7960781915136943,6.076832151300846,5,2,11,5,1,1689,4488.675
1,2026-06-03T01:20,1796,1805,9,пауза,False,4488.805,4482.59,6.514999999999418,-0.9539524174981889,-0.9445888874966025,0.5448963929393077,3,3,1,1,1,1775,4486.805
1,2026-06-03T04:40,1836,1869,33,пауза,False,4470.555,4477.155,33.24499999999989,0.19852609414948041,0.20495032016950557,0.5379756354338808,2,2,5,1,1,1809,4482.605
-1,2026-06-03T08:30,1882,1948,66,пауза,False,4465.045,4464.5,7.015000000000327,0.07769066286529541,0.01215903994983163,3.699928724162326,5,5,14,3,1,1867,4459.05
1,2026-06-03T15:00,1960,1965,5,пауза,False,4463.825,4452.93,9.544999999999163,-1.1414353064432146,-1.1379662378009243,0.09429020429550808,4,4,0,0,2,1931,4458.645
-1,2026-06-03T16:25,1977,2044,67,рывок,False,4448.705,4449.28,18.88000000000011,-0.03045550847456646,-0.05522313343988636,1.180349576271172,4,4,7,2,1,1949,4442.585
1,2026-06-03T22:45,2053,2055,2,рывок,False,4446.98,4444.03,5.6899999999996,-0.5184534270650308,-0.5160972734953643,0.0782073813709402,4,4,0,0,1,2013,4446.635
-1,2026-06-04T01:25,2073,2074,1,рывок,False,4434.3,4439.98,5.724999999999454,-0.9921397379912529,-0.9933043375838366,0.7065502183406914,2,2,1,0,0,2048,4436.36
1,2026-06-04T02:55,2091,2182,91,пауза,False,4457.54,4463.76,6.8799999999992,0.9040697674420026,1.0028374383012857,3.853924418605147,5,3,14,2,1,2071,4467.03
-1,2026-06-04T10:40,2184,2210,26,рывок,False,4461.59,4475.15,7.815000000000509,-1.735124760076597,-1.7567529758315328,0.3742802303262945,5,5,7,0,0,2171,4468.02
1,2026-06-04T13:40,2220,2261,41,пауза,False,4471.495,4490.085,11.375,1.634285714285727,1.658041228041149,3.8698901098901484,4,3,6,0,0,2206,4501.84
-1,2026-06-04T18:25,2277,2282,5,пауза,False,4470.965,4478.06,17.200000000000728,-0.41249999999999737,-0.4144251314064307,0.09825581395351382,2,2,2,0,1,2257,4474.56
1,2026-06-04T19:45,2293,2314,21,рывок,True,4481.72,4473.815,5.285000000000764,-1.4957426679280061,-1.4696079943237281,0.45506149479648017,2,2,3,0,0,2277,4476.465
-1,2026-06-04T21:50,2318,2428,110,пауза,False,4478.195,4447.735,8.445000000000618,3.606867969212292,3.505655019781697,5.0787448194193345,5,2,23,1,0,2313,4444.135
-1,2026-06-05T16:30,2530,2622,92,пауза,False,4405.24,4330.525,21.149999999999636,3.532624113475245,3.500052503171277,4.497635933806224,5,3,13,2,0,2516,4325.215
1,2026-06-08T01:45,2629,2681,52,пауза,False,4322.68,4308.255,15.489999999999782,-0.9312459651388241,-0.9086276433443455,1.9864428663653946,3,2,6,2,1,2621,4315.395
-1,2026-06-08T06:35,2687,2697,10,рывок,True,4307.955,4320.12,13.724999999999454,-0.8863387978142402,-0.8912891170329128,0.1122040072859763,1,1,0,0,0,2677,4315.395
1,2026-06-08T07:55,2703,2710,7,пауза,False,4312.98,4286.97,14.284999999999854,-1.8207910395519478,-1.8175187764085952,0.22611130556531367,2,2,2,0,1,2683,4307.72
-1,2026-06-08T08:55,2715,2732,17,рывок,True,4292.19,4314.275,8.489999999999782,-2.6012956419317557,-2.6145526783923962,0.7426383981153761,2,2,2,1,1,2704,4308.18
-1,2026-06-08T12:00,2752,2761,9,пауза,False,4290.89,4301.16,8.50500000000011,-1.207524985302692,-1.214697636444412,2.0840681951793223,3,3,2,1,1,2733,4293.92
1,2026-06-08T13:15,2767,2855,88,пауза,False,4290.38,4335.01,15.905000000000655,2.8060358377867507,2.84701648983676,3.5523420308077758,5,5,16,0,0,2758,4338.175
-1,2026-06-08T21:20,2864,2936,72,пауза,False,4343.95,4327.65,13.410000000000764,1.2155108128261933,1.1775139020610093,2.3109619686799414,5,2,8,3,1,2843,4323.775
1,2026-06-09T04:55,2943,2974,31,рывок,True,4336.465,4325.545,8.649999999999636,-1.2624277456648014,-1.2392628105962753,0.6716763005780041,5,5,4,2,2,2929,4331.275
-1,2026-06-09T08:20,2984,2986,2,пауза,False,4333.495,4342.665,12.895000000000437,-0.7111283443194852,-0.7121680119279693,0.1799146956184281,0,0,2,0,0,2981,4337.225
1,2026-06-09T08:55,2991,3006,15,пауза,False,4343.67,4327.07,20.730000000000473,-0.8007718282682096,-0.7959318186213669,0.2568740955137336,2,2,3,0,0,2983,4331.955
-1,2026-06-09T10:35,3011,3051,40,рывок,True,4325.71,4339.275,8.569999999999709,-1.5828471411902054,-1.6135235124475251,0.5122520420070568,2,2,9,2,2,3001,4333.65
1,2026-06-09T16:45,3085,3087,2,рывок,True,4352.15,4329.075,10.649999999999636,-2.166666666666724,-2.1654078390787985,1.0863849765259168,5,5,1,0,1,3041,4334.97
-1,2026-06-09T18:15,3103,3140,37,пауза,False,4291.835,4273.585,23.654999999999745,0.7715070809554089,0.7612990519239033,2.3307968716973497,5,5,8,1,0,3085,4267.775
1,2026-06-09T22:00,3148,3151,3,пауза,False,4269.73,4255.46,12.070000000000618,-1.1822700911349457,-1.1806104414891172,0.16114333057170827,4,4,1,0,1,3120,4262.275
-1,2026-06-09T23:00,3160,3241,81,пауза,False,4260.87,4185.485,21.715000000000146,3.4715634354132954,3.444475805958122,4.0412157494819025,5,2,17,2,0,3149,4181.16
-1,2026-06-10T11:55,3303,3361,58,пауза,False,4169.135,4185.835,18.014999999999418,-0.9270052733833115,-0.9491233358454007,2.1379406050514334,4,2,8,3,0,3269,4169.965
-1,2026-06-10T18:40,3384,3483,99,пауза,False,4128.6,4075.92,23.845000000000255,2.209268190396298,2.177654258612224,4.392115747536144,5,4,17,0,0,3362,4064.965
1,2026-06-11T04:10,3486,3576,90,рывок,True,4087.01,4090.795,28.934999999999945,0.13081043718679322,0.1539746720967854,1.0846725419042778,3,3,16,1,0,3474,4099.015
-1,2026-06-11T13:00,3592,3661,69,пауза,False,4092.04,4089.93,18.894999999999982,0.11166975390315582,0.08602950600902215,2.067478168827737,2,2,12,3,1,3570,4084.97
1,2026-06-11T19:05,3665,3676,11,рывок,True,4092.705,4074.875,20.855000000000018,-0.8549508511148364,-0.8513679386631807,0.7216494845360906,5,5,3,0,1,3652,4085.885
1,2026-06-11T21:20,3692,3756,64,пауза,False,4155.67,4203.72,38.64000000000033,1.243530020703928,1.2550058842867882,2.3562370600413898,4,3,10,4,1,3676,4214.28
1,2026-06-12T12:35,3863,3872,9,пауза,False,4223.19,4213.51,7.744999999999891,-1.2498386055519068,-1.241962117758449,0.630083925112999,3,3,2,1,1,3838,4219.215
-1,2026-06-12T15:05,3893,3929,36,пауза,False,4207.71,4208.715,17.69500000000062,-0.056795705001417014,-0.07003155729321067,1.721390223226842,5,2,8,0,0,3865,4199.59
1,2026-06-12T19:00,3940,3980,40,пауза,False,4209.77,4210.45,28.724999999999454,0.023672758920779614,0.0328249434873671,0.8952132288946815,1,0,8,1,0,3937,4218.25
1,2026-06-15T01:20,4004,4092,88,пауза,False,4298.335,4312.8,96.51499999999942,0.14987307672382771,0.15662640284780258,0.3857949541522033,3,2,17,2,0,3995,4323.86
-1,2026-06-15T10:35,4115,4119,4,пауза,False,4316.105,4323.24,17.98999999999978,-0.3966092273485439,-0.39807917022611006,0.2245692051139529,2,2,2,0,0,4088,4318.995
1,2026-06-15T11:55,4131,4165,34,рывок,True,4334.14,4333.815,6.930000000000291,-0.04689754689764992,-0.01509065308060996,1.9386724386722838,2,2,5,2,1,4115,4336.245
-1,2026-06-15T15:15,4171,4174,3,пауза,False,4327.28,4342.515,6.855000000000473,-2.2224653537563137,-2.2253875960940457,0.3617797228299624,2,2,2,0,0,4164,4338.845
1,2026-06-15T16:20,4184,4219,35,пауза,False,4353.91,4345.86,8.090000000000146,-0.9950556242274459,-0.9669565358298134,1.9474660074165422,5,5,8,2,1,4171,4354.015
1,2026-06-16T05:20,4328,4367,39,пауза,False,4310.345,4317.095,18.32000000000062,0.3684497816593762,0.3824062289247332,1.2570960698689393,2,2,5,2,1,4305,4321.785
-1,2026-06-16T09:20,4376,4383,7,рывок,True,4314.915,4323.835,7.860000000000582,-1.1348600508905105,-1.140807160178397,0.08905852417299825,2,2,0,0,1,4366,4320.4
1,2026-06-16T10:45,4393,4439,46,пауза,False,4328.0,4338.71,8.614999999999782,1.243180499129461,1.2786547025916704,2.513639001741183,2,1,5,2,1,4389,4342.34
-1,2026-06-16T15:25,4449,4452,3,пауза,False,4343.79,4349.53,10.609999999999673,-0.5409990574929273,-0.5428870849411038,0.4180018850141882,2,2,2,0,0,4432,4345.775
-1,2026-06-16T17:55,4479,4490,11,пауза,False,4324.19,4338.035,15.090000000000146,-0.9174950298210816,-0.9224467620397216,0.20974155069582062,2,2,4,1,1,4455,4328.41
1,2026-06-16T19:50,4502,4506,4,пауза,False,4341.515,4335.615,6.9650000000001455,-0.8470926058866364,-0.8432958690068928,0.7099784637472514,2,2,2,0,0,4484,4340.18
-1,2026-06-16T21:15,4519,4563,44,пауза,False,4340.14,4335.45,17.470000000000255,0.2684602175157665,0.2517865207267554,0.6390955924441787,5,2,8,2,1,4502,4333.1
1,2026-06-17T04:00,4588,4610,22,пауза,False,4341.805,4330.225,9.3149999999996,-1.2431561996779843,-1.2276440177351444,0.8373590982286213,4,4,4,0,0,4576,4336.765
-1,2026-06-17T06:10,4614,4645,31,рывок,True,4330.87,4331.84,7.779999999999745,-0.12467866323911136,-0.1504340216379221,1.6973007712082724,3,3,7,1,1,4603,4327.965
1,2026-06-17T09:10,4650,4679,29,пауза,False,4329.15,4320.16,9.965000000000146,-0.9021575514299699,-0.8833330371788897,0.36879076768691704,3,2,2,2,2,4639,4324.32
1,2026-06-17T13:05,4697,4719,22,пауза,False,4329.595,4323.285,10.115000000000691,-0.6238260009886277,-0.6095406846468049,0.556599110232301,2,2,4,0,0,4681,4327.795
1,2026-06-17T16:20,4736,4792,56,пауза,False,4336.31,4316.765,11.699999999999818,-1.6705128205128528,-1.637831054773401,3.9576923076923163,5,4,5,3,1,4722,4355.14
-1,2026-06-17T22:00,4804,4841,37,пауза,False,4271.84,4273.84,62.38500000000022,-0.03205898853891149,-0.03592964537533465,0.8443536106435842,4,4,6,0,0,4790,4269.855
1,2026-06-18T02:10,4842,4887,45,рывок,False,4282.165,4310.96,11.150000000000546,2.582511210762212,2.6092802843230114,4.27802690582937,5,4,7,1,1,4826,4316.325
-1,2026-06-18T06:50,4898,4917,19,пауза,False,4318.57,4323.04,13.5049999999992,-0.3309885227693832,-0.34025392351541994,0.6479081821547958,2,2,4,1,1,4878,4318.545
-1,2026-06-18T08:40,4920,4998,78,рывок,True,4310.665,4256.485,8.725000000000364,6.209742120343614,6.145396931397702,8.091117478509721,5,1,12,1,1,4907,4250.345
-1,2026-06-18T15:35,5003,5013,10,рывок,True,4242.745,4263.155,10.275000000000546,-1.9863746958636272,-1.9929871660608316,0.1586374695863769,0,0,2,0,0,5000,4250.345
1,2026-06-18T16:30,5014,5037,23,рывок,False,4272.305,4235.745,28.110000000000582,-1.3006047669868248,-1.2952373857094235,0.15795090715046275,2,2,5,0,0,5006,4241.115
-1,2026-06-18T19:10,5046,5211,165,рывок,True,4227.575,4147.775,14.36999999999989,5.5532359081420175,5.456723709946511,7.350034794711252,5,4,22,5,1,5033,4139.715
1,2026-06-19T10:35,5219,5249,30,рывок,True,4157.235,4156.77,15.320000000000618,-0.030352480417703477,-0.017694026280518003,1.3896866840730486,4,3,4,1,1,5207,4162.125
-1,2026-06-19T13:25,5253,5282,29,рывок,True,4153.855,4173.205,5.324999999999818,-3.633802816901601,-3.6690302881714643,2.219718309859176,2,1,2,1,1,5245,4160.39
1,2026-06-19T16:25,5289,5322,33,пауза,False,4164.125,4145.54,35.68000000000029,-0.5208800448430461,-0.5148942434406992,0.1157511210762353,3,3,7,1,0,5281,4147.835
1,2026-06-22T01:30,5338,5351,13,пауза,False,4151.95,4145.14,12.204999999999927,-0.5579680458827965,-0.5507778248799906,1.0647275706677566,3,3,2,1,1,5324,4147.905
1,2026-06-22T05:35,5387,5395,8,пауза,False,4196.375,4176.29,37.82999999999993,-0.5309278350515484,-0.5295063825748652,0.10348929421094294,2,2,2,0,1,5353,4183.54
-1,2026-06-22T06:55,5403,5415,12,рывок,True,4171.635,4181.945,16.75,-0.6155223880596711,-0.6203718475938721,0.05611940298510503,2,2,3,1,1,5387,4179.115
1,2026-06-22T09:00,5428,5447,19,рывок,True,4191.535,4194.815,4.625,0.7091891891891341,0.73624415936756,3.4205405405404776,2,2,3,1,1,5409,4197.055
-1,2026-06-22T11:20,5456,5464,8,рывок,True,4191.975,4202.23,4.889999999999418,-2.0971370143150145,-2.1081336497327916,0.5981595092025623,2,2,2,0,0,5443,4195.38
1,2026-06-22T12:25,5469,5510,41,рывок,True,4204.08,4197.765,6.329999999999927,-0.9976303317535028,-0.9549417110634668,1.7654028436019447,5,3,6,2,1,5458,4203.715
1,2026-06-22T23:40,5604,5617,13,рывок,False,4192.89,4188.665,5.114999999999782,-0.8260019550343195,-0.8088452302368122,0.38514173998033807,4,4,3,1,1,5567,4191.275
-1,2026-06-23T02:15,5623,5627,4,пауза,False,4191.405,4194.815,4.550000000000182,-0.7494505494504875,-0.7552624774433258,0.2483516483516624,2,2,0,0,1,5614,4192.995
-1,2026-06-23T02:50,5630,5751,121,рывок,False,4187.58,4122.375,4.550000000000182,14.330769230768642,14.120363355237608,21.219780219779313,5,2,15,3,1,5614,4111.05
1,2026-06-23T13:15,5755,5781,26,пауза,False,4132.62,4115.33,18.18499999999949,-0.9507836128677728,-0.9414888916071275,0.031344514709910634,2,2,5,0,0,5751,4118.42
-1,2026-06-23T15:50,5786,5797,11,пауза,False,4119.255,4131.075,11.099999999999454,-1.064864864864891,-1.0715965440702317,1.2454954954955404,3,3,2,0,0,5776,4122.82
1,2026-06-23T17:50,5810,5846,36,пауза,False,4127.96,4128.685,22.44000000000051,0.032308377896628666,0.042745472651677316,0.7121212121211765,3,2,7,2,1,5792,4133.14
-1,2026-06-23T21:05,5849,5887,38,рывок,False,4125.27,4111.515,5.460000000000036,2.5192307692307723,2.473706405023197,3.249084249084354,5,4,5,1,1,5833,4111.95
-1,2026-06-24T02:05,5897,5973,76,пауза,False,4096.62,4073.54,12.179999999999382,1.8949096880132266,1.8502703040917992,3.788998357964075,5,3,12,3,1,5887,4067.34
1,2026-06-24T08:50,5978,5999,21,рывок,True,4073.605,4078.905,6.480000000000018,0.817901234567927,0.8392163194442587,3.7229938271604133,4,4,4,0,0,5969,4084.49
-1,2026-06-24T10:55,6003,6148,145,рывок,True,4074.925,3997.49,11.440000000000055,6.768793706293709,6.664760677037022,10.126311188811163,5,3,20,4,0,5989,3988.865
1,2026-06-24T23:25,6153,6205,52,рывок,True,4000.025,3985.33,20.670000000000073,-0.7109337203676881,-0.6939836572522324,0.9095307208514591,3,1,7,2,1,6138,3990.87
-1,2026-06-25T04:55,6207,6230,23,рывок,True,3976.92,3997.205,17.730000000000018,-1.1441060349689698,-1.1526157409874558,0.8147208121827495,2,2,7,1,1,6201,3983.16
1,2026-06-25T07:10,6234,6258,24,пауза,False,3989.335,3980.0,31.934999999999945,-0.29231250978550344,-0.28739324989874593,0.34069203068733767,2,2,7,0,0,6227,3987.61
-1,2026-06-25T09:15,6259,6283,24,рывок,False,3974.79,3994.725,11.4050000000002,-1.7479175800087325,-1.761691939016501,0.27137220517314736,5,5,5,0,0,6246,3987.065
1,2026-06-25T12:10,6294,6306,12,пауза,False,3991.045,3984.605,13.53500000000031,-0.47580347247875193,-0.46980210955316165,0.4931658662725951,2,2,4,1,1,6277,3988.575
-1,2026-06-25T13:15,6307,6334,27,рывок,False,3984.575,3995.115,7.390000000000327,-1.4262516914748982,-1.4499428651325792,1.4797023004058811,5,5,6,1,1,6298,3986.32
-1,2026-06-25T21:10,6402,6405,3,пауза,False,4032.68,4044.12,12.949999999999818,-0.8833976833977,-0.8849445537625767,0.1640926640926664,2,2,2,0,0,6379,4036.83
1,2026-06-25T22:00,6412,6433,21,пауза,False,4033.97,4024.88,14.259999999999764,-0.6374474053295821,-0.6277614481066768,0.6942496493688819,2,2,4,1,1,6401,4029.88
-1,2026-06-26T01:10,6438,6507,69,рывок,False,4023.175,4004.52,13.190000000000055,1.4143290371493649,1.3775987502684206,3.0496588324488396,3,3,15,0,0,6415,4000.175
1,2026-06-26T07:40,6516,6612,96,рывок,True,4008.45,4040.44,7.470000000000255,4.282463186077529,4.379615929212025,6.333333333333171,5,5,18,2,0,6501,4046.14
1,2026-06-26T16:30,6622,6670,48,пауза,False,4050.725,4078.045,22.90000000000009,1.1930131004366837,1.2069783399728589,1.9764192139738008,4,4,8,3,1,6612,4083.205
-1,2026-06-26T20:55,6675,6710,35,рывок,True,4074.85,4081.62,6.005000000000109,-1.1273938384679199,-1.1652492298312582,1.68942547876766,4,3,5,2,2,6665,4073.245
-1,2026-06-29T02:20,6728,6776,48,пауза,False,4057.735,4073.59,17.170000000000073,-0.923412929528244,-0.9420386712509239,0.5582411182294698,5,5,10,1,0,6711,4066.41
-1,2026-06-29T08:20,6800,6880,80,рывок,True,4050.525,4045.56,6.420000000000073,0.7733644859813223,0.6831207357656971,4.063084112149492,4,2,13,5,2,6782,4038.725
1,2026-06-29T16:00,6892,6902,10,рывок,False,4050.805,4032.06,15.00500000000011,-1.249250249916678,-1.2447222171758399,0.07530823058981012,2,2,1,0,0,6873,4037.605
-1,2026-06-29T17:35,6911,6989,78,рывок,True,4023.7,4021.055,14.329999999999927,0.18457780879274216,0.1454004345043186,1.2745987438939264,4,2,14,1,1,6892,4018.115
-1,2026-06-30T04:40,7032,7051,19,пауза,False,3969.32,3970.035,38.88500000000022,-0.01838755304101033,-0.021605483787447748,0.44194419441943805,2,2,4,0,0,7003,3965.785
1,2026-06-30T07:00,7060,7112,52,рывок,False,3971.625,4021.125,10.989999999999782,4.504094631483256,4.535974322529341,6.009099181073819,5,3,7,2,1,7043,4025.575
-1,2026-06-30T12:35,7127,7137,10,пауза,False,4016.025,4028.67,9.009999999999764,-1.4034406215316664,-1.4109814796089448,0.394561598224238,3,3,2,1,1,7109,4022.81
1,2026-06-30T14:50,7154,7160,6,пауза,False,4031.92,4017.835,5.869999999999891,-2.399488926746218,-2.3926901076325175,0.4812606473594328,3,3,2,0,0,7127,4028.455
-1,2026-06-30T16:35,7175,7181,6,пауза,False,4013.875,4043.155,24.720000000000255,-1.1844660194174716,-1.1860804639238398,0.02366504854369055,2,2,2,0,0,7153,4033.46
1,2026-06-30T17:40,7188,7217,29,рывок,True,4051.125,4022.53,20.170000000000073,-1.4176995537927466,-1.408399291794134,0.12940009915716996,2,2,6,0,0,7175,4027.46
-1,2026-06-30T21:20,7232,7387,155,пауза,False,4031.685,3982.81,13.16000000000031,3.7139057750759004,3.6156831699439747,5.426291793312932,5,2,31,4,0,7213,3972.36
1,2026-07-01T11:30,7390,7486,96,рывок,False,3977.665,4076.235,9.11999999999989,10.808114035087867,10.887689801668428,15.147478070175667,5,2,13,1,0,7386,4082.925
-1,2026-07-02T10:55,7659,7671,12,пауза,False,4064.375,4076.19,14.769999999999982,-0.7999322951929634,-0.8054318515367594,0.1963439404197762,2,2,4,0,0,7647,4075.585
-1,2026-07-02T13:00,7684,7705,21,пауза,False,4063.555,4071.185,8.269999999999982,-0.9226118500604747,-0.9393133917773586,0.7394195888754287,5,5,4,1,1,7671,4067.47
1,2026-07-02T15:30,7714,7762,48,рывок,False,4127.36,4103.125,12.4050000000002,-1.9536477226924047,-1.927867473971856,1.347843611446996,4,3,7,2,1,7710,4114.745
-1,2026-07-02T20:05,7769,7817,48,пауза,False,4116.895,4128.07,20.0,-0.5587499999999637,-0.5747401992688843,0.5520000000000437,2,2,6,2,1,7748,4120.355
1,2026-07-03T01:25,7821,7907,86,пауза,False,4124.295,4174.28,9.605000000000473,5.204060385215743,5.269999100407456,7.414367516917922,3,3,14,4,3,7814,4176.485
-1,2026-07-03T08:45,7909,7942,33,рывок,True,4171.24,4185.58,6.670000000000073,-2.1499250374812577,-2.1819450365870647,1.6229385307345876,2,2,4,1,0,7904,4181.205
-1,2026-07-03T13:40,7968,7974,6,пауза,False,4177.78,4183.55,12.704999999999927,-0.4541519086974002,-0.4572931183154578,0.23455332546238336,2,2,2,0,1,7942,4181.275
1,2026-07-03T14:40,7980,7984,4,рывок,True,4185.54,4178.475,6.474999999999454,-1.0911196911197212,-1.08703563361124,0.1420849420849653,1,1,1,1,2,7969,4181.275
-1,2026-07-03T15:50,7994,8041,47,пауза,False,4175.215,4171.36,5.510000000000218,0.6996370235935245,0.6429006074505523,3.59437386569864,5,5,8,2,2,7981,4169.065
1,2026-07-06T01:30,8050,8068,18,пауза,False,4186.935,4175.48,8.585000000000036,-1.3343040186372497,-1.3204497193797755,1.781013395457181,4,4,6,0,0,8035,4186.675
-1,2026-07-06T06:15,8107,8160,53,пауза,False,4165.745,4163.74,7.819999999999709,0.2563938618926066,0.2105680469827215,2.674552429667614,5,3,8,1,1,8089,4159.63
1,2026-07-06T12:00,8176,8182,6,пауза,False,4148.88,4137.65,19.25500000000011,-0.5832251363282477,-0.5811524763335751,0.12308491300960153,2,2,0,0,1,8154,4147.265
-1,2026-07-06T15:55,8223,8253,30,пауза,False,4139.65,4150.735,27.0049999999992,-0.4104795408257865,-0.4176607116231091,0.4125162007035641,2,2,5,0,0,8213,4141.885
1,2026-07-06T19:35,8267,8340,73,рывок,False,4149.63,4161.995,11.890000000000327,1.0399495374263616,1.083517945649306,1.599663582842641,5,5,13,2,1,8244,4163.105
-1,2026-07-07T03:35,8351,8424,73,рывок,True,4151.355,4132.49,2.665000000000873,7.078799249528556,6.884417120533939,13.003752345211405,4,4,12,2,1,8334,4129.59
1,2026-07-07T10:15,8431,8512,81,пауза,False,4130.45,4154.86,8.5649999999996,2.849970811442031,2.918646570183318,5.845884413310328,5,2,18,3,1,8418,4161.695
-1,2026-07-07T18:55,8535,8627,92,пауза,False,4139.055,4123.0,6.579999999999927,2.4399696048632933,2.335275143171967,7.106382978723516,4,4,12,1,0,8508,4108.01
1,2026-07-08T04:20,8636,8706,70,пауза,False,4105.99,4118.06,28.579999999999927,0.42232330300911997,0.4395724739046317,0.9797060881735504,2,2,12,2,2,8617,4122.245
-1,2026-07-08T10:55,8715,8764,49,пауза,False,4121.36,4064.58,12.3700000000008,4.590137429264032,4.56368442901691,6.530719482618806,5,4,7,0,0,8696,4058.77
1,2026-07-08T15:05,8765,8790,25,рывок,True,4069.41,4057.48,17.2199999999998,-0.6927990708478499,-0.6833299151120099,0.989256678281098,4,4,4,1,1,8759,4065.34
-1,2026-07-08T17:35,8795,8840,45,рывок,True,4043.145,4069.55,15.085000000000036,-1.7504143188598036,-1.770200541611075,1.413987404706654,3,3,4,1,1,8783,4065.545
1,2026-07-08T22:00,8848,8908,60,пауза,False,4087.23,4067.59,24.610000000000127,-0.7980495733441597,-0.7812387345083759,0.16842746850873466,2,1,9,1,1,8842,4073.915
-1,2026-07-09T06:05,8933,8956,23,рывок,False,4060.805,4066.475,20.355000000000018,-0.27855563743552286,-0.2859679237390236,0.3146647015475185,4,4,5,1,1,8899,4063.625
1,2026-07-09T08:45,8965,9024,59,пауза,False,4079.515,4103.4,11.110000000000127,2.149864986498604,2.186423218516406,3.464446444644446,5,5,12,1,1,8953,4105.945
-1,2026-07-09T13:45,9025,9041,16,рывок,False,4101.045,4115.75,7.130000000000109,-2.062412342215947,-2.0773223594519825,1.0084151472650693,4,4,3,0,0,9008,4107.315
1,2026-07-09T15:30,9046,9128,82,рывок,True,4115.99,4121.97,8.409999999999854,0.711058263971531,0.7820532469452125,2.624256837098811,5,5,16,1,0,9035,4125.785
1,2026-07-10T04:20,9188,9191,3,пауза,False,4122.74,4112.86,12.195000000000618,-0.8101681016809846,-0.8085254636141416,0.2890528905289354,2,2,0,0,1,9178,4119.065
1,2026-07-10T06:35,9215,9224,9,пауза,False,4122.885,4114.43,14.210000000000036,-0.5950035186488322,-0.5907105279408569,0.3444757213229778,2,2,1,0,1,9193,4120.71
-1,2026-07-10T07:35,9227,9318,91,пауза,False,4119.61,4115.05,9.019999999999527,0.5055432372505244,0.4302082510518743,2.779933481153119,4,3,14,5,1,9223,4108.045
1,2026-07-10T15:25,9321,9333,12,пауза,False,4106.15,4087.6,16.475000000000364,-1.1259484066767416,-1.1210180001700427,0.07678300455237022,1,1,2,0,0,9317,4101.11
-1,2026-07-10T16:40,9336,9372,36,пауза,False,4098.605,4109.1,20.91000000000031,-0.5019129603061045,-0.5131137449212788,1.2340985174557149,4,4,5,3,2,9318,4105.62
-1,2026-07-10T20:45,9385,9410,25,пауза,False,4103.48,4105.87,4.5649999999996,-0.5235487404163279,-0.5592680967736503,1.2168674698794892,5,5,6,0,0,9370,4103.5
1,2026-07-10T23:20,9416,9424,8,рывок,True,4112.325,4091.855,2.880000000000109,-7.10763888888855,-7.088967518335452,3.142361111111055,2,2,1,0,0,9406,4110.515
-1,2026-07-13T03:25,9453,9509,56,пауза,False,4074.895,4071.125,22.684999999999945,0.1661891117478506,0.14933318672463794,1.0769230769230722,4,4,10,3,1,9423,4061.375
1,2026-07-13T08:45,9517,9563,46,пауза,False,4062.59,4069.54,21.09999999999991,0.32938388625591697,0.34386778496809356,0.8651658767772386,2,2,8,3,1,9499,4071.82
-1,2026-07-13T12:55,9567,9747,180,рывок,True,4068.43,4010.58,6.774999999999636,8.53874538745432,8.31447725283255,12.529151291513553,4,2,25,8,1,9554,4002.025
1,2026-07-14T05:35,9755,9821,66,рывок,True,4014.025,4016.045,12.190000000000055,0.16570959803117086,0.20342119235044878,1.659146841673488,4,2,12,2,0,9743,4021.75
-1,2026-07-14T11:45,9829,9860,31,пауза,False,4019.34,4027.785,9.515000000000327,-0.887545980031468,-0.9086050119119446,0.5691014188123781,3,3,6,1,0,9812,4023.98
1,2026-07-14T15:20,9872,9917,45,рывок,True,4028.75,4060.54,8.804999999999836,3.610448608745094,3.644346981283759,8.551959114139873,4,4,6,1,0,9851,4070.71
-1,2026-07-14T20:15,9931,9994,63,пауза,False,4056.845,4055.025,7.0,0.25999999999995843,0.197751349262155,1.9942857142856545,3,3,14,1,1,9905,4052.845
1,2026-07-15T03:15,10003,10019,16,пауза,False,4052.265,4046.335,5.164999999999964,-1.1481122942884565,-1.1275298309984398,1.9090029041626713,3,3,2,1,1,9991,4051.05
-1,2026-07-15T06:00,10036,10106,70,пауза,False,4039.725,4030.755,12.585000000000036,0.7127532777115434,0.6735811438860588,1.7679777512912147,5,4,14,2,1,10012,4026.92
1,2026-07-15T12:50,10118,10182,64,пауза,False,4028.65,4044.23,8.86999999999989,1.756482525366417,1.80647433696075,5.132468996617886,4,2,13,4,2,10115,4055.585
1,2026-07-15T22:55,10239,10268,29,рывок,False,4057.12,4057.405,33.42000000000007,0.008527827648124136,0.014140822397137189,0.22710951526032702,1,1,5,0,0,10235,4059.96
-1,2026-07-16T02:25,10269,10320,51,рывок,False,4057.905,4035.59,3.8399999999996908,5.811197916667149,5.721977497496991,8.759114583334096,5,5,11,0,0,10254,4033.24
1,2026-07-16T07:40,10332,10339,7,пауза,False,4032.71,4029.38,6.045000000000073,-0.5508684863523386,-0.5431357685685851,0.43920595533494017,2,2,0,0,1,10316,4032.0
-1,2026-07-16T09:05,10349,10381,32,пауза,False,4034.965,4035.515,7.704999999999927,-0.07138221933805741,-0.09823319762906088,1.5489941596366072,3,3,7,0,0,10326,4031.535
1,2026-07-16T12:05,10385,10408,23,рывок,False,4036.425,4028.675,8.88000000000011,-0.872747747747737,-0.8557570847175843,0.17511261261259203,4,4,5,0,0,10366,4030.55
-1,2026-07-16T14:15,10411,10418,7,рывок,False,4026.495,4039.555,5.139999999999873,-2.540856031128457,-2.5499502488332806,0.9961089494163459,3,3,1,0,0,10394,4034.805
-1,2026-07-16T16:45,10441,10450,9,пауза,False,3991.97,4002.62,34.684999999999945,-0.3070491566959812,-0.30880793997291156,0.17053481331987813,2,2,4,0,0,10420,3997.485
1,2026-07-16T18:20,10460,10486,26,рывок,True,4007.875,3984.59,10.295000000000073,-2.2617775619232336,-2.2453594457382087,0.8892666342885027,3,3,4,0,0,10446,3989.47
-1,2026-07-16T20:40,10488,10541,53,рывок,False,3981.79,3978.7,14.585000000000036,0.2118615015426903,0.1872911983136682,0.8532739115529745,5,5,9,3,1,10461,3976.495
1,2026-07-17T03:35,10559,10574,15,рывок,True,3981.32,3980.235,5.960000000000036,-0.1820469798657768,-0.16521251678204327,2.513422818791934,4,4,2,0,1,10537,3988.13
-1,2026-07-17T05:45,10585,10589,4,рывок,False,3977.695,3990.28,5.25,-2.397142857142864,-2.402179861403324,0.6066666666666563,3,3,1,0,0,10567,3984.635
1,2026-07-17T07:55,10611,10647,36,пауза,False,3981.97,3992.775,28.550000000000182,0.3784588441331076,0.38666229093882726,0.8870402802101616,2,2,5,1,1,10583,3995.76
-1,2026-07-17T11:15,10651,10695,44,рывок,False,3990.195,3994.225,7.0,-0.5757142857142493,-0.6173270689862534,0.32142857142857145,4,4,8,2,1,10636,3996.63
1,2026-07-17T17:45,10729,10766,37,пауза,False,3995.62,4009.52,12.315000000000055,1.1287048315062955,1.1483127021307582,2.291108404384898,5,4,6,3,2,10708,4012.83
-1,2026-07-17T21:40,10776,10801,25,рывок,False,4008.275,4016.08,7.7800000000002,-1.0032133676092077,-1.0241720902019016,0.7525706940873865,5,5,6,0,0,10754,4012.365
1,2026-07-17T23:50,10802,10804,2,рывок,False,4016.905,3996.475,7.9050000000002,-2.5844402277039564,-2.5827442740276245,0.27008222643892593,0,0,0,0,1,10798,4008.7
-1,2026-07-20T01:55,10815,10831,16,пауза,False,3994.725,4000.11,5.894999999999982,-0.9134860050890984,-0.9315196646129213,2.0517387616623983,4,4,4,0,0,10803,3996.2
1,2026-07-20T03:55,10839,10887,48,пауза,False,4008.695,4018.935,9.055000000000291,1.1308669243511267,1.1661848686226235,2.2357813362782153,2,2,10,1,0,10836,4021.42
-1,2026-07-20T09:10,10902,10918,16,рывок,True,4007.485,4013.05,4.264999999999873,-1.30480656506453,-1.3297323383102368,1.2426729191091068,5,5,4,0,0,10881,4007.74
1,2026-07-20T11:45,10933,10974,41,пауза,False,4021.98,4012.865,11.965000000000146,-0.7618052653573026,-0.7392211475998499,1.5741746761387219,3,1,8,2,1,10930,4020.995
-1,2026-07-20T16:00,10984,11021,37,пауза,False,4012.595,4017.49,9.105000000000018,-0.5376166941241045,-0.5641373889884932,1.5667215815485827,2,2,8,2,0,10966,4013.88
-1,2026-07-20T19:55,11031,11061,30,пауза,False,4009.775,4013.01,16.80500000000029,-0.1925022314787308,-0.20404210159962852,0.3790538530199215,4,3,8,0,0,11021,4008.815
1,2026-07-20T22:45,11065,11089,24,пауза,False,4009.02,4001.98,13.730000000000018,-0.5127458120903099,-0.5013039647135,0.14603058994902451,2,2,5,1,1,11059,4005.26
-1,2026-07-21T02:20,11096,11107,11,пауза,False,4005.005,4015.765,10.095000000000255,-1.0658741951460615,-1.0732760415234046,0.15750371471026303,2,2,2,1,1,11085,4010.01
1,2026-07-21T04:30,11122,11204,82,пауза,False,4030.315,4063.875,32.5949999999998,1.0296057677557955,1.0479235406292011,1.6563890167203594,5,3,11,3,2,11104,4067.62
-1,2026-07-21T12:25,11217,11252,35,рывок,True,4062.75,4065.115,7.9050000000002,-0.299177735610338,-0.3279344244322033,1.0411132194813169,3,2,8,1,0,11195,4061.3
-1,2026-07-21T15:35,11255,11277,22,рывок,True,4055.065,4069.42,6.7800000000002,-2.1172566371680817,-2.138568727846186,1.525073746312661,3,3,4,0,0,11245,4061.795
1,2026-07-21T18:20,11288,11311,23,пауза,False,4078.255,4069.135,8.340000000000146,-1.093525179856083,-1.0754344019534745,0.6175059952038371,4,4,4,1,1,11268,4072.22
1,2026-07-21T22:05,11333,11353,20,пауза,False,4081.425,4078.63,7.845000000000255,-0.3562778840025471,-0.33950208162016565,0.6411727214785955,2,2,8,0,0,11317,4082.01
-1,2026-07-21T23:50,11354,11381,27,рывок,False,4077.945,4088.22,3.855000000000018,-2.6653696498053403,-2.7107854146121553,0.30869001297018134,4,4,6,0,0,11344,4082.57
1,2026-07-22T09:10,11454,11456,2,пауза,False,4129.99,4125.355,6.019999999999527,-0.7699335548173725,-0.7677065591676377,0.4119601328904764,3,3,2,0,0,11446,4128.1
-1,2026-07-22T10:00,11464,11490,26,пауза,False,4112.765,4121.705,6.734999999999673,-1.3273942093541253,-1.3524906467891427,0.500371195248709,3,3,6,0,0,11452,4119.14
-1,2026-07-22T13:15,11503,11523,20,пауза,False,4117.675,4122.695,6.7849999999998545,-0.7398673544583102,-0.7592639896373508,0.7472365512160246,2,2,6,1,1,11491,4120.105
1,2026-07-22T17:40,11556,11594,38,пауза,False,4150.98,4142.8,19.0600000000004,-0.42917103882472246,-0.41612995652811396,0.7948583420776615,2,2,6,1,1,11535,4144.55
-1,2026-07-22T21:00,11596,11654,58,рывок,True,4137.81,4131.29,3.0850000000000364,2.1134521880065997,1.984292740598328,6.833063209076366,5,3,11,3,2,11590,4126.705
1,2026-07-23T03:25,11661,11678,17,пауза,False,4129.315,4118.95,8.239999999999782,-1.2578883495145698,-1.244229097141895,1.4514563106796545,3,3,4,1,1,11645,4126.17
-1,2026-07-23T06:35,11699,11764,65,пауза,False,4129.54,4099.325,20.9350000000004,1.4432768091712236,1.4217040685113076,2.026749462622356,4,2,10,2,1,11673,4093.865
1,2026-07-23T12:45,11773,11792,19,пауза,False,4093.6,4084.185,10.925000000000182,-0.8617848970251539,-0.8503314199473309,0.1702517162471484,1,1,4,0,0,11770,4088.705
-1,2026-07-23T15:05,11801,11904,103,пауза,False,4083.335,4050.03,16.05500000000029,2.074431641233213,2.025163306586049,2.687636250389244,5,4,19,2,0,11787,4048.755
1,2026-07-24T02:05,11921,11923,2,пауза,False,4048.455,4047.215,1.9900000000002365,-0.6231155778892635,-0.6163786362754943,0.4472361809044055,1,1,1,0,1,11917,4048.665
1,2026-07-24T02:30,11926,11931,5,рывок,True,4050.53,4047.29,1.9900000000002365,-1.6281407035175133,-1.6115013767885429,0.14824120602994117,1,1,2,1,1,11917,4048.665
-1,2026-07-24T04:55,11955,12007,52,пауза,False,4043.68,4034.16,10.400000000000091,0.9153846153846056,0.8816963649426378,2.078846153846125,3,2,10,1,0,11943,4030.54
1,2026-07-24T10:05,12017,12074,57,пауза,False,4045.835,4052.89,7.394999999999982,0.9540229885057273,1.0068244205354517,2.4597701149425424,4,4,10,2,0,12003,4057.165
-1,2026-07-24T15:40,12084,12099,15,пауза,False,4055.28,4067.865,8.795000000000073,-1.430926662876575,-1.442334667422232,1.190449118817529,3,3,2,1,1,12065,4060.285
1,2026-07-24T17:30,12106,12133,27,пауза,False,4064.75,4065.425,13.865000000000236,0.04868373602597695,0.061311054693864976,1.2556797692029973,2,2,6,2,1,12091,4070.93
-1,2026-07-24T20:40,12144,12184,40,рывок,True,4066.605,4089.435,7.315000000000055,-3.1209842788789826,-3.156923650263155,2.3547505126452193,5,4,6,1,0,12129,4056.385
-1,2026-07-27T06:50,12254,12270,16,рывок,True,4089.495,4094.95,13.974999999999454,-0.3903398926654841,-0.39794693544852094,0.17280858676207927,2,2,3,0,0,12232,4092.53
1,2026-07-27T08:25,12273,12277,4,пауза,False,4087.235,4086.37,6.324999999999818,-0.13675889328067373,-0.13257798065341433,0.4996047430829953,1,1,1,0,1,12268,4088.665
1,2026-07-27T08:55,12279,12303,24,рывок,True,4093.365,4088.885,6.324999999999818,-0.7083003952568684,-0.6834629937574843,2.0355731225297027,3,2,4,1,1,12268,4095.21
-1,2026-07-27T12:20,12320,12344,24,пауза,False,4093.9,4099.885,11.24499999999989,-0.5322365495776066,-0.5462068976864194,0.6473988439306599,2,2,6,1,1,12297,4098.485
-1,2026-07-27T16:00,12364,12401,37,пауза,False,4084.125,4084.76,7.3449999999998,-0.08645336963924243,-0.11932892127168167,2.5473110959837366,3,3,6,2,0,12342,4077.63
1,2026-07-27T19:25,12405,12413,8,рывок,True,4085.235,4075.25,6.670000000000073,-1.4970014992503775,-1.4889394981719783,1.3298350824587397,1,1,1,1,1,12395,4077.63
-1,2026-07-27T20:40,12420,12425,5,пауза,False,4074.7,4078.855,6.210000000000036,-0.669082125603893,-0.6744142125911161,0.2882447665056285,2,2,2,0,0,12407,4076.995
1,2026-07-27T21:30,12430,12465,35,пауза,False,4074.925,4072.545,5.0099999999997635,-0.475049900199645,-0.429676322328016,2.906187624750625,2,2,6,1,1,12419,4075.325
-1,2026-07-28T02:25,12477,12562,85,пауза,False,4073.32,4049.485,3.980000000000018,5.988693467336665,5.831874372363727,9.679648241206008,5,4,14,2,1,12461,4045.695
1,2026-07-28T11:20,12584,12586,2,рывок,True,4051.005,4045.875,4.845000000000255,-1.0588235294117316,-1.0560564470977167,0.0454076367388624,5,5,2,1,1,12551,4047.58
-1,2026-07-28T12:40,12600,12672,72,рывок,False,4033.475,4041.415,0.9800000000000182,-8.102040816326436,-8.6219781360827,22.153061224489424,3,1,7,5,1,12596,4032.555
-1,2026-07-28T22:10,12714,12722,8,пауза,False,4024.195,4027.475,8.864999999999782,-0.369994359842056,-0.376060185808545,0.25493513818390007,2,2,3,0,1,12701,4025.935
1,2026-07-28T23:40,12732,12740,8,рывок,False,4029.97,4018.025,5.470000000000255,-2.18372943327224,-2.1738988030724373,0.10694698354661959,3,3,1,0,0,12717,4022.6
-1,2026-07-29T02:25,12753,12786,33,пауза,False,4018.72,4028.325,9.264999999999873,-1.0366972477064382,-1.0597488822488816,0.8969239071775563,3,3,8,0,0,12733,4023.24
1,2026-07-29T10:00,12844,12862,18,пауза,False,4042.2,4036.11,5.139999999999873,-1.1848249027237046,-1.1616849884969693,1.1050583657588389,3,3,2,0,0,12811,4039.705
-1,2026-07-29T12:05,12869,12953,84,пауза,False,4037.795,4014.89,4.554999999999836,5.0285400658619155,4.893491005999812,9.163556531284684,5,4,14,5,1,12848,4010.215
-1,2026-07-30T07:15,13087,13120,33,пауза,False,4052.235,4044.67,9.575000000000273,0.7900783289817064,0.7677730136777138,2.4590078328981098,5,5,6,0,0,13049,4039.545
1,2026-07-30T10:40,13128,13183,55,рывок,True,4045.88,4075.13,10.144999999999982,2.8831936914736374,2.920094545152434,3.6816165598817125,4,4,10,2,1,13113,4077.7
1,2026-07-30T17:35,13211,13284,73,пауза,False,4105.985,4102.87,33.29999999999973,-0.09354354354353775,-0.07798713592279226,0.39939939939940816,3,2,14,1,0,13192,4109.33
-1,2026-07-31T02:20,13304,13372,68,пауза,False,4106.205,4082.55,12.775000000000546,1.8516634050879637,1.81441165604143,2.6661448140899013,5,2,11,0,0,13276,4079.65
1,2026-07-31T08:20,13376,13402,26,пауза,False,4082.565,4069.705,8.525000000000091,-1.5085043988269784,-1.4886774772874087,0.5982404692081941,3,3,3,1,1,13362,4074.79
-1,2026-07-31T11:00,13408,13448,40,пауза,False,4063.28,4060.93,6.255000000000109,0.3756994404476935,0.3336696240327909,2.072741806554743,5,4,8,1,1,13387,4057.115
-1,2026-07-31T15:30,13462,13521,59,пауза,False,4048.285,4050.525,8.804999999999836,-0.25440090857470504,-0.3005294670889349,3.1016467915957358,5,5,8,2,0,13448,4047.035
1,2026-07-31T20:45,13525,13563,38,рывок,True,4052.49,4045.165,8.694999999999709,-0.8424381828637221,-0.8138512905608616,0.3651523864290153,2,2,9,1,1,13512,4048.085
1,2026-08-03T01:40,13572,13595,23,пауза,False,4066.86,4060.06,14.819999999999709,-0.4588394062078485,-0.44865876601164334,0.831646423751691,2,2,4,2,2,13563,4068.04
-1,2026-08-03T04:50,13610,13615,5,пауза,False,4051.635,4060.64,9.900000000000091,-0.9095959595959163,-0.9129406323424472,0.1469696969697342,2,2,3,0,0,13588,4057.245
1,2026-08-03T05:30,13618,13675,57,пауза,False,4055.82,4054.675,8.929999999999836,-0.12821948488241913,-0.08449422286004313,1.8325867861142309,3,2,8,3,1,13608,4060.51
-1,2026-08-03T12:45,13705,13729,24,пауза,False,4055.975,4061.15,15.525000000000091,-0.3333333333333431,-0.34345227468494366,0.6702093397745368,3,2,7,0,0,13698,4052.925
-1,2026-08-03T16:15,13747,13788,41,пауза,False,4036.515,4038.725,11.514999999999873,-0.1919235779418203,-0.21539027086131035,1.500217108119868,4,4,10,0,0,13732,4036.165
-1,2026-08-03T20:15,13795,13812,17,пауза,False,4036.47,4041.55,5.970000000000255,-0.8509212730318535,-0.8697742444809042,1.1381909547737568,3,3,3,1,1,13788,4037.8
1,2026-08-03T23:20,13832,13908,76,рывок,False,4054.455,4052.94,5.4900000000002365,-0.2759562841529704,-0.17692027392292767,2.7340619307831644,3,3,13,1,0,13804,4056.54
1,2026-08-04T08:25,13929,13969,40,пауза,False,4063.36,4056.4,9.225000000000364,-0.7544715447154213,-0.7259732789511709,1.0417344173440968,4,4,8,1,0,13912,4061.505
-1,2026-08-04T14:00,13996,14003,7,пауза,False,4055.195,4063.805,15.220000000000255,-0.5657030223389966,-0.5687742627465386,0.18101182654402517,2,2,2,0,0,13960,4060.84
1,2026-08-04T15:15,14011,14079,68,рывок,True,4065.87,4086.21,8.400000000000091,2.4214285714285624,2.478082273103501,4.833928571428576,5,5,11,2,0,13997,4091.765
-1,2026-08-04T21:15,14083,14122,39,пауза,False,4086.785,4080.955,11.5,0.5069565217391241,0.48472329444335466,1.0517391304347652,4,2,9,2,1,14077,4078.645
1,2026-08-05T01:55,14127,14128,1,пауза,False,4075.805,4070.145,10.114999999999782,-0.5595650024715746,-0.5589058494644029,0.5373208106772183,1,1,1,0,1,14119,4075.755
1,2026-08-05T04:45,14161,14251,90,пауза,False,4094.26,4160.21,8.305000000000291,7.94099939795274,8.021704652271898,10.27031908488827,5,4,13,1,0,14133,4162.225
-1,2026-08-05T12:20,14252,14271,19,рывок,False,4157.42,4161.42,5.059999999999491,-0.7905138339921745,-0.8152429322283863,1.4110671936760961,5,5,6,0,0,14236,4158.645
1,2026-08-05T15:40,14292,14389,97,рывок,True,4194.64,4244.265,4.770000000000437,10.403563941298838,10.557648098411903,15.398322851151592,2,2,10,3,1,14267,4246.405
1,2026-08-06T03:25,14421,14456,35,пауза,False,4274.185,4264.16,17.409999999999854,-0.5758184951177846,-0.5627615379014231,1.7303273980471139,5,4,6,0,0,14391,4274.93
-1,2026-08-06T06:40,14460,14514,54,пауза,False,4262.9,4269.025,20.029999999999745,-0.3057913130304582,-0.324082839530899,0.7818272591113357,5,4,9,3,1,14453,4258.335
1,2026-08-06T12:20,14528,14552,24,рывок,True,4283.715,4261.55,12.86999999999989,-1.722222222222234,-1.710015806955443,0.09090909090909734,2,2,3,1,1,14510,4264.545
-1,2026-08-06T14:45,14557,14567,10,рывок,True,4256.615,4270.49,8.859999999999673,-1.5660270880361753,-1.5736956130109248,0.3724604966140298,5,5,4,0,0,14548,4265.755
-1,2026-08-06T15:45,14569,14593,24,рывок,True,4255.56,4265.29,12.44000000000051,-0.7821543408359457,-0.7947826820323761,2.0176848874597537,5,5,4,1,1,14548,4265.755
-1,2026-08-06T19:15,14611,14630,19,рывок,True,4227.135,4247.135,12.590000000000146,-1.5885623510722613,-1.5985011308240658,0.2883240667196241,2,2,3,1,1,14593,4244.615
1,2026-08-06T21:55,14643,14649,6,пауза,False,4243.535,4237.465,8.984999999999673,-0.6755703951029416,-0.6711286512857548,0.8736783528103116,2,2,2,0,0,14624,4240.755
1,2026-08-06T22:50,14654,14701,47,рывок,True,4247.115,4231.47,10.63000000000011,-1.4717779868296677,-1.4423689884338269,0.5766698024459121,3,3,6,1,0,14624,4238.885
-1,2026-08-07T04:35,14711,14714,3,пауза,False,4246.58,4254.55,20.44499999999971,-0.3898263634140557,-0.3908061614685997,0.2350207874786187,2,2,2,0,1,14691,4250.32
1,2026-08-07T05:20,14720,14883,163,рывок,True,4260.61,4341.13,10.984999999999673,7.329995448338902,7.454619262397895,10.12562585343685,5,2,28,3,0,14710,4347.235
-1,2026-08-07T19:40,14892,14921,29,рывок,False,4338.735,4344.77,11.010000000000218,-0.5481380563125018,-0.5651758659866174,0.987284287011778,5,5,8,0,0,14876,4339.08
1,2026-08-07T22:35,14927,14967,40,пауза,False,4346.075,4333.115,17.1899999999996,-0.7539267015707003,-0.7386331296291514,0.20127981384526566,2,2,5,3,1,14919,4340.175
-1,2026-08-10T03:55,14979,15020,41,рывок,False,4332.21,4336.975,14.895000000000437,-0.3199060087277736,-0.33804759778235005,1.2608257804631886,4,3,5,0,0,14961,4330.025
1,2026-08-10T07:45,15025,15072,47,рывок,True,4333.92,4346.315,6.8149999999996,1.8187820983125833,1.864654094343076,4.129126925899043,5,5,7,1,0,15016,4351.645
-1,2026-08-10T12:10,15078,15141,63,пауза,False,4349.835,4345.62,12.855000000000473,0.32788798133022096,0.2939913998316128,2.579541034616774,5,4,11,3,1,15070,4337.635
1,2026-08-10T18:05,15149,15257,108,пауза,False,4345.18,4408.735,9.385000000000218,6.77197655833755,6.861117277310993,7.901438465636443,5,4,14,4,2,15135,4407.615
1,2026-08-11T04:10,15258,15300,42,рывок,True,4414.77,4410.22,11.720000000000255,-0.38822525597270335,-0.364568291586763,1.7470136518770485,5,5,7,1,1,15219,4414.225
1,2026-08-11T11:40,15348,15412,64,рывок,False,4374.91,4384.985,7.614999999999782,1.3230466185161007,1.381277395776999,3.858174655285745,5,4,11,3,0,15339,4389.63
-1,2026-08-11T18:15,15427,15499,72,пауза,False,4386.365,4374.905,17.539999999999964,0.6533637400228084,0.6243136503214887,1.4863169897377289,4,4,14,1,0,15409,4372.69
-1,2026-08-12T02:35,15515,15523,8,пауза,False,4367.795,4380.085,12.115000000000691,-1.0144449030127332,-1.0188834954347654,0.10359059017746905,2,2,2,0,0,15505,4374.77
1,2026-08-12T03:50,15530,15586,56,пауза,False,4378.04,4392.625,17.26000000000022,0.8450173812282649,0.8671713012254592,2.2137891077635894,5,5,9,1,0,15520,4397.655
1,2026-08-12T12:10,15630,15654,24,рывок,False,4413.045,4408.1,8.099999999999454,-0.610493827160499,-0.5910991895699299,1.4092592592593498,5,5,5,2,1,15590,4412.06
-1,2026-08-12T15:20,15668,15669,1,рывок,False,4406.905,4427.49,9.230000000000473,-2.230227518959803,-2.230949873528334,0.18689057421444918,2,2,0,0,1,15645,4416.805
1,2026-08-12T16:55,15687,15720,33,пауза,False,4427.53,4411.08,32.664999999999964,-0.5035971223021533,-0.4970588276737823,0.37410071942446865,2,2,6,2,2,15670,4416.545
-1,2026-08-12T19:45,15721,15745,24,рывок,False,4402.54,4417.45,15.424999999999272,-0.9666126418152712,-0.9767971840832522,0.38670988654783967,5,5,3,0,0,15702,4411.575
1,2026-08-12T23:00,15760,15771,11,пауза,False,4411.24,4408.525,10.140000000000327,-0.2677514792899465,-0.2603824813432724,0.3086785009861941,2,2,3,0,1,15757,4408.335
-1,2026-08-13T01:00,15772,15795,23,рывок,False,4405.53,4414.515,2.1700000000000728,-4.140552995391834,-4.210081607238725,3.2718894009212978,3,3,4,1,1,15760,4408.895
1,2026-08-13T03:00,15796,15817,21,рывок,False,4416.235,4412.79,3.255000000000109,-1.0583717357909657,-1.0159380184334774,10.32104454685073,4,4,3,1,1,15777,4422.835
-1,2026-08-13T05:25,15825,15858,33,рывок,True,4406.68,4404.61,12.604999999999563,0.1642205474018794,0.14727700166322466,1.1951606505355836,2,2,6,1,1,15809,4399.59
-1,2026-08-13T10:15,15883,15915,32,пауза,False,4374.055,4384.635,12.805000000000291,-0.8262397500975937,-0.8423964691707818,0.7719640765326039,4,3,5,1,1,15861,4379.355
-1,2026-08-13T18:00,15976,16049,73,пауза,False,4378.02,4356.99,29.794999999999163,0.7058231246853917,0.6884367050253536,1.153549253230467,4,3,12,4,2,15952,4352.28
1,2026-08-14T02:05,16061,16077,16,рывок,True,4359.47,4339.515,4.149999999999636,-4.808433734940163,-4.782817247496079,1.2,3,3,2,0,0,16042,4349.315
-1,2026-08-14T05:00,16096,16114,18,пауза,False,4317.14,4327.375,5.989999999999782,-1.7086811352253832,-1.7285374222246186,0.9799666110183815,4,4,4,1,1,16069,4322.635
1,2026-08-14T07:15,16123,16133,10,пауза,False,4326.815,4320.07,5.610000000000582,-1.2023172905524404,-1.190206215458631,0.251336898395832,2,2,3,0,0,16107,4323.48
-1,2026-08-14T08:45,16141,16143,2,пауза,False,4324.25,4333.67,16.095000000000255,-0.5852749301025115,-0.5861078915073827,0.41348244796518424,1,1,1,0,0,16132,4327.135
1,2026-08-14T09:55,16155,16285,130,пауза,False,4335.785,4376.995,8.769999999999527,4.698973774230589,4.817660640456195,6.986887115165775,5,5,18,0,0,16138,4382.99
-1,2026-08-14T21:25,16293,16331,38,рывок,False,4379.42,4378.91,5.329999999999927,0.09568480300191844,0.049050088447815825,1.5787992495309715,4,4,6,2,2,16264,4377.005
1,2026-08-17T01:45,16333,16341,8,рывок,True,4380.69,4374.87,4.694999999999709,-1.2396166134185451,-1.2281632487342158,1.3141640042599478,1,1,1,1,2,16325,4377.005
1,2026-08-17T05:05,16373,16410,37,пауза,False,4395.68,4387.7,24.49499999999989,-0.3257807715860587,-0.3159228035623698,0.16146152275974462,3,3,8,1,1,16343,4392.055
1,2026-08-17T09:30,16426,16463,37,пауза,False,4395.65,4394.445,8.660000000000764,-0.1391454965357761,-0.11126201769741138,1.8094688221707496,5,5,6,2,1,16411,4397.575
-1,2026-08-17T12:50,16466,16473,7,рывок,False,4393.535,4405.145,7.9350000000004,-1.4631379962192812,-1.4690288946443333,0.07057340894763232,1,1,0,0,1,16458,4400.625
-1,2026-08-17T13:35,16475,16484,9,рывок,True,4395.945,4403.635,8.074999999999818,-0.9523219814242331,-0.9598765817908377,0.07306501547989583,1,1,2,1,2,16458,4400.625
-1,2026-08-17T16:00,16504,16514,10,пауза,False,4384.89,4401.65,27.625,-0.6066968325791605,-0.6091563124443651,0.10678733031676842,2,2,2,0,1,16486,4389.645
1,2026-08-17T17:10,16518,16556,38,пауза,False,4412.36,4416.795,31.63000000000011,0.14021498577301247,0.14807344383729837,0.522605121719905,2,2,7,1,1,16513,4422.675
-1,2026-08-17T21:00,16564,16579,15,рывок,True,4411.32,4415.175,3.5549999999993815,-1.08438818565433,-1.1126113642701023,3.689170182841649,4,4,3,1,1,16552,4407.67
1,2026-08-17T23:15,16591,16605,14,пауза,False,4417.955,4412.5,21.06500000000051,-0.2589603607880273,-0.254486718872284,0.009019700925730107,2,2,4,0,0,16577,4414.835
-1,2026-08-18T02:00,16612,16617,5,пауза,False,4413.445,4420.38,4.6899999999996,-1.4786780383797424,-1.4857382217892645,0.7579957356076087,3,3,2,0,0,16603,4416.355
1,2026-08-18T03:25,16629,16644,15,пауза,False,4431.15,4411.705,11.079999999999927,-1.7549638989169527,-1.7459085379080128,0.45848375451263185,3,3,2,1,1,16612,4419.06
-1,2026-08-18T06:15,16663,16701,38,пауза,False,4396.69,4399.65,10.0,-0.29600000000000365,-0.32085630285734,1.05049999999992,4,3,8,1,1,16636,4395.58
1,2026-08-18T10:15,16711,16720,9,пауза,False,4399.625,4394.495,3.5450000000000728,-1.447108603667138,-1.4299003108715587,1.159379407616245,4,4,2,0,2,16690,4396.85
-1,2026-08-18T12:20,16736,16753,17,рывок,False,4390.29,4398.87,11.864999999999782,-0.7231352718078453,-0.7326213434092648,0.2747576906869177,0,0,3,0,0,16727,4396.33
1,2026-08-18T17:05,16793,16799,6,пауза,False,4398.175,4383.015,17.36499999999978,-0.8730204434206764,-0.8707221958999496,0.3987906708897362,2,2,2,0,0,16786,4389.535
-1,2026-08-18T18:40,16812,16902,90,рывок,True,4358.82,4343.13,16.94499999999971,0.9259368545293519,0.886381992498037,1.8619061670109067,2,2,12,3,1,16792,4338.45
1,2026-08-19T06:10,16938,16955,17,пауза,False,4354.625,4346.735,10.61999999999989,-0.7429378531073831,-0.7323397137899783,0.5541431261770507,2,2,2,2,2,16912,4351.545
-1,2026-08-19T08:35,16967,16983,16,рывок,True,4343.065,4349.15,8.965000000000146,-0.6787506971555982,-0.6906088592183907,0.8800892359173775,3,3,3,0,0,16943,4345.56
1,2026-08-19T10:35,16991,17114,123,рывок,False,4357.645,4486.465,0.930000000000291,138.5161290322144,139.56544451969265,152.45161290317782,5,4,18,4,1,16970,4490.655
-1,2026-08-19T21:10,17118,17129,11,пауза,False,4488.0,4505.05,7.269999999999527,-2.3452544704265876,-2.355532550093614,2.176066024759386,3,3,3,1,1,17104,4491.695
1,2026-08-19T23:25,17145,17170,25,пауза,False,4518.58,4514.245,7.105000000000473,-0.6101337086558406,-0.5871838336704569,0.8106966924700683,4,4,6,2,1,17122,4518.995
-1,2026-08-20T03:30,17182,17222,40,пауза,False,4511.465,4500.035,11.139999999999418,1.0260323159785358,1.0024329890777068,2.422351885098922,5,5,10,0,0,17164,4497.0
1,2026-08-20T07:15,17227,17229,2,пауза,False,4496.765,4489.965,6.190000000000509,-1.09854604200317,-1.09638020778485,0.09854604200317002,2,2,0,0,1,17214,4495.065
-1,2026-08-20T08:25,17241,17331,90,рывок,False,4483.395,4474.855,7.739999999999782,1.103359173126759,1.0167626437830068,4.218346253230163,4,3,13,3,1,17223,4467.945
1,2026-08-20T16:35,17339,17422,83,рывок,True,4483.85,4518.065,16.73999999999978,2.0439068100358235,2.080105210860853,3.416666666666694,5,3,12,2,0,17326,4522.1
-1,2026-08-21T01:05,17429,17436,7,пауза,False,4518.27,4522.815,4.5349999999998545,-1.0022050716646766,-1.0125125201768692,0.27122381477409313,0,0,2,0,0,17426,4521.37
1,2026-08-21T02:30,17446,17455,9,рывок,True,4523.82,4517.685,4.329999999999927,-1.4168591224017117,-1.402770577838125,1.1478060046190157,2,2,2,0,0,17430,4520.99
1,2026-08-21T04:55,17475,17602,127,пауза,False,4530.785,4577.95,20.230000000000473,2.3314384577359792,2.3815072330208995,3.649283242708754,5,2,22,2,1,17464,4587.255
-1,2026-08-21T16:30,17614,17624,10,пауза,False,4573.99,4597.89,24.24499999999989,-0.9857702619096991,-0.9885726183244764,0.02433491441534948,2,2,2,0,1,17591,4587.815
1,2026-08-21T18:10,17634,17686,52,рывок,False,4595.17,4617.265,14.414999999999964,1.532778355879314,1.557083441179104,2.565036420395453,4,3,7,2,0,17615,4619.555
-1,2026-08-21T23:15,17695,17728,33,рывок,False,4612.895,4627.05,8.034999999999854,-1.7616677037958932,-1.7882480888656804,1.272557560672128,4,4,3,1,0,17677,4621.245
-1,2026-08-24T04:15,17743,17754,11,пауза,False,4621.77,4650.41,40.75999999999931,-0.7026496565260035,-0.7044828665156816,0.33402845927382047,2,2,2,0,0,17730,4635.275
1,2026-08-24T06:00,17764,17820,56,пауза,False,4640.51,4634.92,29.270000000000437,-0.19098052613597752,-0.17791675233510384,0.6701400751622647,2,2,10,2,1,17746,4640.905
-1,2026-08-24T11:20,17828,17866,38,пауза,False,4636.155,4651.905,16.350000000000364,-0.9633027522935566,-0.9785053840105815,0.44403669724765427,4,4,10,0,0,17812,4644.875
1,2026-08-24T15:45,17881,17917,36,пауза,False,4662.13,4646.755,24.835000000000036,-0.6190859673847384,-0.6096553893173619,0.7606200926112462,4,4,6,3,1,17862,4657.065
-1,2026-08-24T19:20,17924,17964,40,пауза,False,4656.55,4650.095,21.86499999999978,0.2952206723073401,0.28319705000341955,1.4326549279670766,5,3,6,3,2,17913,4640.975
1,2026-08-25T01:00,17980,18020,40,пауза,False,4655.76,4667.1,8.875,1.2777464788732558,1.3073686199070835,4.658591549295701,5,5,8,1,0,17951,4676.67
-1,2026-08-25T05:05,18029,18067,38,рывок,False,4644.83,4644.26,11.465000000000146,0.04971652856517241,0.02803636907338346,2.4029655473179097,5,5,7,1,0,18012,4637.805
1,2026-08-25T09:00,18076,18098,22,пауза,False,4644.325,4631.75,12.095000000000255,-1.0396858205869826,-1.027739067813312,0.752790409260048,4,4,4,1,1,18060,4636.525
-1,2026-08-25T11:35,18107,18134,27,рывок,True,4630.02,4641.195,7.275000000000546,-1.5360824742265888,-1.56014814753659,0.7876288659793874,2,2,6,2,1,18101,4639.01
1,2026-08-25T14:40,18144,18148,4,пауза,False,4640.605,4636.945,6.0349999999998545,-0.6064623032311421,-0.6020804851089523,1.1143330571666157,2,2,1,0,0,18130,4639.035
-1,2026-08-25T16:05,18161,18191,30,пауза,False,4631.01,4655.865,13.984999999999673,-1.7772613514479905,-1.791128174285437,1.8391133357169007,4,3,4,1,1,18146,4640.23
1,2026-08-25T19:00,18196,18280,84,рывок,True,4648.065,4652.61,10.734999999999673,0.42338146250584174,0.4806845335511956,2.3940381928273418,5,2,10,1,0,18187,4657.92
-1,2026-08-26T04:30,18298,18303,5,пауза,False,4639.345,4656.98,20.905000000000655,-0.8435780913656425,-0.8451620311021005,0.013393924898380581,2,2,2,1,1,18266,4650.52
1,2026-08-26T06:00,18316,18327,11,рывок,True,4656.81,4642.885,11.455000000000837,-1.2156263640331004,-1.2091033051785152,0.17590571802699875,2,2,2,0,0,18298,4646.095
-1,2026-08-26T08:20,18344,18424,80,пауза,False,4644.04,4627.565,7.095000000000255,2.322057787174034,2.2403995945899187,4.34319943622248,5,5,12,4,1,18323,4624.235
-1,2026-08-26T16:05,18437,18499,62,пауза,False,4609.1,4595.88,13.845000000000255,0.9548573492235473,0.9239253579264174,1.8804622607439714,3,3,8,3,1,18430,4596.885
-1,2026-08-26T22:00,18508,18533,25,пауза,False,4592.32,4604.1,5.264999999999418,-2.2374169040839424,-2.268387248200026,1.5441595441597356,3,3,4,1,1,18497,4597.91
1,2026-08-27T02:10,18546,18610,64,пауза,False,4615.66,4618.86,6.434999999999491,0.4972804972805084,0.5661891793072004,4.281274281274649,3,3,6,1,1,18524,4624.48
-1,2026-08-27T08:30,18622,18688,66,рывок,False,4611.36,4589.065,15.095000000000255,1.4769791321629477,1.44652505235162,2.787015568068831,5,5,12,2,0,18596,4583.76
1,2026-08-27T15:20,18704,18707,3,рывок,True,4596.55,4589.17,7.530000000000655,-0.9800796812748297,-0.9774193929315161,0.5624169986718863,2,2,2,0,1,18684,4591.8
-1,2026-08-27T16:15,18715,18744,29,пауза,False,4586.76,4601.205,20.954999999999927,-0.6893342877594731,-0.6982861505374267,1.0732522071104682,3,3,5,1,1,18704,4591.06
1,2026-08-27T18:45,18745,18772,27,рывок,False,4604.275,4603.07,9.2450000000008,-0.13034072471604358,-0.11140316134879043,1.3434288804758245,5,5,5,0,0,18721,4608.35
-1,2026-08-27T21:20,18776,18784,8,рывок,True,4603.58,4613.445,6.1299999999992,-1.6092985318109412,-1.618070725480261,0.4257748776508994,1,1,1,1,1,18768,4608.35
1,2026-08-27T22:40,18792,18806,14,пауза,False,4609.935,4601.125,13.805000000000291,-0.63817457442957,-0.6313482602712844,0.2162260050705983,2,2,2,0,0,18778,4604.215
-1,2026-08-28T02:15,18823,18913,90,пауза,False,4602.885,4599.56,11.345000000000255,0.29308065226969976,0.23400113379278414,2.752313794623152,5,2,14,2,1,18793,4585.425
1,2026-08-28T10:25,18921,18962,41,пауза,False,4607.545,4598.415,16.664999999999964,-0.5478547854785556,-0.5316400258645188,0.42274227422742805,4,4,4,2,1,18901,4601.96
-1,2026-08-28T14:35,18971,18997,26,рывок,True,4593.58,4609.86,9.579999999999927,-1.6993736951983163,-1.7170171718293008,0.46450939457200957,3,3,5,1,1,18955,4603.775
-1,2026-08-28T17:50,19010,19097,87,пауза,False,4571.04,4465.395,47.154999999999745,2.2403774785282597,2.2267485778033387,2.6632382568126545,4,2,12,4,0,19000,4460.12
1,2026-08-31T04:25,19125,19132,7,пауза,False,4443.925,4426.97,36.20499999999993,-0.4683054826681387,-0.4670143825713899,0.2764811490125739,2,2,2,1,2,19105,4435.96
-1,2026-08-31T05:25,19137,19171,34,рывок,True,4422.995,4428.065,17.975000000000364,-0.2820584144645122,-0.2943211000918886,1.472600834492335,2,2,5,1,1,19128,4421.955
1,2026-08-31T09:25,19185,19257,72,рывок,False,4435.96,4447.705,14.6299999999992,0.802802460697234,0.8376307979057901,1.9323308270677426,3,2,7,2,0,19162,4452.655
-1,2026-08-31T16:30,19270,19304,34,пауза,False,4438.385,4436.175,14.359999999999673,0.153899721448474,0.1385500157275756,1.5762534818942016,4,4,6,1,0,19245,4431.29
1,2026-08-31T19:25,19305,19330,25,рывок,False,4438.445,4427.55,14.06500000000051,-0.7746178457162555,-0.7630246098988963,0.13899751155349138,4,4,5,1,1,19280,4431.5
1,2026-09-01T01:05,19361,19375,14,пауза,False,4455.655,4443.435,9.305000000000291,-1.3132724341750632,-1.3031448396608094,0.02418054809246177,2,2,2,0,1,19330,4446.62
-1,2026-09-01T05:25,19413,19451,38,пауза,False,4440.785,4439.465,12.890000000000327,0.10240496508919127,0.08312156488955146,1.325058184639216,4,4,7,0,0,19388,4432.745
1,2026-09-01T09:40,19464,19474,10,пауза,False,4435.045,4425.67,18.30499999999938,-0.5121551488664472,-0.5084434235850334,0.02048620595465789,2,2,2,0,0,19450,4428.38
-1,2026-09-01T11:00,19480,19506,26,рывок,True,4411.34,4378.42,7.619999999999891,4.320209973753352,4.298028280036182,6.158792650918762,4,2,4,1,1,19465,4373.75
1,2026-09-01T14:05,19517,19528,11,пауза,False,4382.18,4372.055,10.855000000000473,-0.9327498848456526,-0.9258662699972624,0.4795025333947214,1,1,4,1,1,19514,4375.245
-1,2026-09-01T16:00,19540,19654,114,пауза,False,4339.675,4333.11,17.80499999999938,0.36871665262570835,0.3186548283555432,0.9508565009829194,5,3,17,3,1,19525,4330.875
-1,2026-09-02T03:30,19666,19722,56,пауза,False,4322.9,4310.12,18.789999999999964,0.6801490154337291,0.6597990069637143,2.143427354976036,5,2,11,0,0,19655,4306.915
-1,2026-09-02T12:20,19772,19794,22,пауза,False,4308.94,4322.815,10.085000000000036,-1.375805651958349,-1.3901334630438769,0.7134357957362105,5,5,6,0,0,19758,4311.915
1,2026-09-03T03:50,19946,20012,66,пауза,False,4391.7,4419.235,10.279999999999745,2.678501945525344,2.7232202660265123,4.732976653696591,5,5,12,1,0,19931,4425.39
